2026-09-02T00:18:18.458-07:00  INFO 15180 --- [ProfileMs] [restartedMain] com.hms.profile.ProfileMsApplication     : Starting ProfileMsApplication using Java 17.0.7 with PID 15180 (E:\STS-Projects\hms-backend\ProfileMs\target\classes started by KAUSAL in E:\STS-Projects\hms-backend\ProfileMs)
2026-09-02T00:18:18.481-07:00  INFO 15180 --- [ProfileMs] [restartedMain] com.hms.profile.ProfileMsApplication     : No active profile set, falling back to 1 default profile: "default"
2026-09-02T00:18:18.623-07:00  INFO 15180 --- [ProfileMs] [restartedMain] .e.DevToolsPropertyDefaultsPostProcessor : Devtools property defaults active! Set 'spring.devtools.add-properties' to 'false' to disable
2026-09-02T00:18:18.624-07:00  INFO 15180 --- [ProfileMs] [restartedMain] .e.DevToolsPropertyDefaultsPostProcessor : For additional web related logging consider setting the 'logging.level.web' property to 'DEBUG'
2026-09-02T00:18:21.165-07:00  INFO 15180 --- [ProfileMs] [restartedMain] .s.d.r.c.RepositoryConfigurationDelegate : Bootstrapping Spring Data JPA repositories in DEFAULT mode.
2026-09-02T00:18:21.551-07:00  INFO 15180 --- [ProfileMs] [restartedMain] .s.d.r.c.RepositoryConfigurationDelegate : Finished Spring Data repository scanning in 363 ms. Found 2 JPA repository interfaces.
2026-09-02T00:18:22.236-07:00  INFO 15180 --- [ProfileMs] [restartedMain] o.s.cloud.context.scope.GenericScope     : BeanFactory id=96123092-2c4b-3750-8219-920c75482262
2026-09-02T00:18:23.314-07:00  INFO 15180 --- [ProfileMs] [restartedMain] o.s.b.w.embedded.tomcat.TomcatWebServer  : Tomcat initialized with port 8081 (http)
2026-09-02T00:18:23.345-07:00  INFO 15180 --- [ProfileMs] [restartedMain] o.apache.catalina.core.StandardService   : Starting service [Tomcat]
2026-09-02T00:18:23.347-07:00  INFO 15180 --- [ProfileMs] [restartedMain] o.apache.catalina.core.StandardEngine    : Starting Servlet engine: [Apache Tomcat/10.1.34]
2026-09-02T00:18:23.482-07:00  INFO 15180 --- [ProfileMs] [restartedMain] o.a.c.c.C.[Tomcat].[localhost].[/]       : Initializing Spring embedded WebApplicationContext
2026-09-02T00:18:23.486-07:00  INFO 15180 --- [ProfileMs] [restartedMain] w.s.c.ServletWebServerApplicationContext : Root WebApplicationContext: initialization completed in 4860 ms
2026-09-02T00:18:23.824-07:00  INFO 15180 --- [ProfileMs] [restartedMain] o.hibernate.jpa.internal.util.LogHelper  : HHH000204: Processing PersistenceUnitInfo [name: default]
2026-09-02T00:18:23.989-07:00  INFO 15180 --- [ProfileMs] [restartedMain] org.hibernate.Version                    : HHH000412: Hibernate ORM core version 6.6.4.Final
2026-09-02T00:18:24.075-07:00  INFO 15180 --- [ProfileMs] [restartedMain] o.h.c.internal.RegionFactoryInitiator    : HHH000026: Second-level cache disabled
2026-09-02T00:18:24.856-07:00  INFO 15180 --- [ProfileMs] [restartedMain] o.s.o.j.p.SpringPersistenceUnitInfo      : No LoadTimeWeaver setup: ignoring JPA class transformer
2026-09-02T00:18:24.937-07:00  INFO 15180 --- [ProfileMs] [restartedMain] com.zaxxer.hikari.HikariDataSource       : HikariPool-1 - Starting...
2026-09-02T00:18:25.519-07:00  INFO 15180 --- [ProfileMs] [restartedMain] com.zaxxer.hikari.pool.HikariPool        : HikariPool-1 - Added connection com.mysql.cj.jdbc.ConnectionImpl@2689e1a3
2026-09-02T00:18:25.523-07:00  INFO 15180 --- [ProfileMs] [restartedMain] com.zaxxer.hikari.HikariDataSource       : HikariPool-1 - Start completed.
2026-09-02T00:18:25.813-07:00  WARN 15180 --- [ProfileMs] [restartedMain] org.hibernate.orm.deprecation            : HHH90000025: MySQLDialect does not need to be specified explicitly using 'hibernate.dialect' (remove the property setting and it will be selected by default)
2026-09-02T00:18:25.920-07:00  INFO 15180 --- [ProfileMs] [restartedMain] org.hibernate.orm.connections.pooling    : HHH10001005: Database info:
	Database JDBC URL [Connecting through datasource 'HikariDataSource (HikariPool-1)']
	Database driver: undefined/unknown
	Database version: 8.0.46
	Autocommit mode: undefined/unknown
	Isolation level: undefined/unknown
	Minimum pool size: undefined/unknown
	Maximum pool size: undefined/unknown
2026-09-02T00:18:29.854-07:00  INFO 15180 --- [ProfileMs] [restartedMain] o.h.e.t.j.p.i.JtaPlatformInitiator       : HHH000489: No JTA platform available (set 'hibernate.transaction.jta.platform' to enable JTA platform integration)
2026-09-02T00:18:30.063-07:00  INFO 15180 --- [ProfileMs] [restartedMain] j.LocalContainerEntityManagerFactoryBean : Initialized JPA EntityManagerFactory for persistence unit 'default'
2026-09-02T00:18:30.842-07:00  INFO 15180 --- [ProfileMs] [restartedMain] o.s.d.j.r.query.QueryEnhancerFactory     : Hibernate is in classpath; If applicable, HQL parser will be used.
2026-09-02T00:18:32.226-07:00  WARN 15180 --- [ProfileMs] [restartedMain] JpaBaseConfiguration$JpaWebConfiguration : spring.jpa.open-in-view is enabled by default. Therefore, database queries may be performed during view rendering. Explicitly configure spring.jpa.open-in-view to disable this warning
2026-09-02T00:18:33.699-07:00  WARN 15180 --- [ProfileMs] [restartedMain] o.s.b.d.a.OptionalLiveReloadServer       : Unable to start LiveReload server
2026-09-02T00:18:34.467-07:00  INFO 15180 --- [ProfileMs] [restartedMain] DiscoveryClientOptionalArgsConfiguration : Eureka HTTP Client uses RestTemplate.
2026-09-02T00:18:34.554-07:00  WARN 15180 --- [ProfileMs] [restartedMain] iguration$LoadBalancerCaffeineWarnLogger : Spring Cloud LoadBalancer is currently working with the default cache. While this cache implementation is useful for development and tests, it's recommended to use Caffeine cache in production.You can switch to using Caffeine cache, by adding it and org.springframework.cache.caffeine.CaffeineCacheManager to the classpath.
2026-09-02T00:18:34.688-07:00  INFO 15180 --- [ProfileMs] [restartedMain] o.s.c.n.eureka.InstanceInfoFactory       : Setting initial instance status as: STARTING
2026-09-02T00:18:34.778-07:00  INFO 15180 --- [ProfileMs] [restartedMain] com.netflix.discovery.DiscoveryClient    : Initializing Eureka in region us-east-1
2026-09-02T00:18:34.798-07:00  INFO 15180 --- [ProfileMs] [restartedMain] c.n.d.s.r.aws.ConfigClusterResolver      : Resolving eureka endpoints via configuration
2026-09-02T00:18:34.830-07:00  INFO 15180 --- [ProfileMs] [restartedMain] com.netflix.discovery.DiscoveryClient    : Disable delta property : false
2026-09-02T00:18:34.834-07:00  INFO 15180 --- [ProfileMs] [restartedMain] com.netflix.discovery.DiscoveryClient    : Single vip registry refresh property : null
2026-09-02T00:18:34.835-07:00  INFO 15180 --- [ProfileMs] [restartedMain] com.netflix.discovery.DiscoveryClient    : Force full registry fetch : false
2026-09-02T00:18:34.836-07:00  INFO 15180 --- [ProfileMs] [restartedMain] com.netflix.discovery.DiscoveryClient    : Application is null : false
2026-09-02T00:18:34.837-07:00  INFO 15180 --- [ProfileMs] [restartedMain] com.netflix.discovery.DiscoveryClient    : Registered Applications size is zero : true
2026-09-02T00:18:34.837-07:00  INFO 15180 --- [ProfileMs] [restartedMain] com.netflix.discovery.DiscoveryClient    : Application version is -1: true
2026-09-02T00:18:34.837-07:00  INFO 15180 --- [ProfileMs] [restartedMain] com.netflix.discovery.DiscoveryClient    : Getting all instance registry info from the eureka server
2026-09-02T00:18:36.004-07:00  INFO 15180 --- [ProfileMs] [restartedMain] com.netflix.discovery.DiscoveryClient    : The response status is 200
2026-09-02T00:18:36.011-07:00  INFO 15180 --- [ProfileMs] [restartedMain] com.netflix.discovery.DiscoveryClient    : Starting heartbeat executor: renew interval is: 30
2026-09-02T00:18:36.016-07:00  INFO 15180 --- [ProfileMs] [restartedMain] c.n.discovery.InstanceInfoReplicator     : InstanceInfoReplicator onDemand update allowed rate per min is 4
2026-09-02T00:18:36.021-07:00  INFO 15180 --- [ProfileMs] [restartedMain] com.netflix.discovery.DiscoveryClient    : Discovery Client initialized at timestamp 1788333516019 with initial instances count: 2
2026-09-02T00:18:36.030-07:00  INFO 15180 --- [ProfileMs] [restartedMain] o.s.c.n.e.s.EurekaServiceRegistry        : Registering application PROFILEMS with eureka with status UP
2026-09-02T00:18:36.034-07:00  INFO 15180 --- [ProfileMs] [restartedMain] com.netflix.discovery.DiscoveryClient    : Saw local status change event StatusChangeEvent [timestamp=1788333516034, current=UP, previous=STARTING]
2026-09-02T00:18:36.040-07:00  INFO 15180 --- [ProfileMs] [DiscoveryClient-InstanceInfoReplicator-%d] com.netflix.discovery.DiscoveryClient    : DiscoveryClient_PROFILEMS/DESKTOP-97B0AF6:ProfileMs:8081: registering service...
2026-09-02T00:18:36.119-07:00  INFO 15180 --- [ProfileMs] [restartedMain] o.s.b.w.embedded.tomcat.TomcatWebServer  : Tomcat started on port 8081 (http) with context path '/'
2026-09-02T00:18:36.124-07:00  INFO 15180 --- [ProfileMs] [restartedMain] .s.c.n.e.s.EurekaAutoServiceRegistration : Updating port to 8081
2026-09-02T00:18:36.236-07:00  INFO 15180 --- [ProfileMs] [DiscoveryClient-InstanceInfoReplicator-%d] com.netflix.discovery.DiscoveryClient    : DiscoveryClient_PROFILEMS/DESKTOP-97B0AF6:ProfileMs:8081 - registration status: 204
2026-09-02T00:18:36.530-07:00  INFO 15180 --- [ProfileMs] [restartedMain] com.hms.profile.ProfileMsApplication     : Started ProfileMsApplication in 20.039 seconds (process running for 23.797)
2026-09-02T00:23:34.886-07:00  INFO 15180 --- [ProfileMs] [AsyncResolver-bootstrap-executor-%d] c.n.d.s.r.aws.ConfigClusterResolver      : Resolving eureka endpoints via configuration
2026-09-02T00:28:35.264-07:00  INFO 15180 --- [ProfileMs] [AsyncResolver-bootstrap-executor-%d] c.n.d.s.r.aws.ConfigClusterResolver      : Resolving eureka endpoints via configuration
2026-09-02T00:33:35.293-07:00  INFO 15180 --- [ProfileMs] [AsyncResolver-bootstrap-executor-%d] c.n.d.s.r.aws.ConfigClusterResolver      : Resolving eureka endpoints via configuration
2026-09-02T00:38:35.314-07:00  INFO 15180 --- [ProfileMs] [AsyncResolver-bootstrap-executor-%d] c.n.d.s.r.aws.ConfigClusterResolver      : Resolving eureka endpoints via configuration
2026-09-02T00:43:35.351-07:00  INFO 15180 --- [ProfileMs] [AsyncResolver-bootstrap-executor-%d] c.n.d.s.r.aws.ConfigClusterResolver      : Resolving eureka endpoints via configuration
2026-09-02T00:48:35.732-07:00  INFO 15180 --- [ProfileMs] [AsyncResolver-bootstrap-executor-%d] c.n.d.s.r.aws.ConfigClusterResolver      : Resolving eureka endpoints via configuration
2026-09-02T00:53:35.742-07:00  INFO 15180 --- [ProfileMs] [AsyncResolver-bootstrap-executor-%d] c.n.d.s.r.aws.ConfigClusterResolver      : Resolving eureka endpoints via configuration
2026-09-02T00:58:35.770-07:00  INFO 15180 --- [ProfileMs] [AsyncResolver-bootstrap-executor-%d] c.n.d.s.r.aws.ConfigClusterResolver      : Resolving eureka endpoints via configuration
2026-09-02T01:03:36.104-07:00  INFO 15180 --- [ProfileMs] [AsyncResolver-bootstrap-executor-%d] c.n.d.s.r.aws.ConfigClusterResolver      : Resolving eureka endpoints via configuration
2026-09-02T01:08:36.117-07:00  INFO 15180 --- [ProfileMs] [AsyncResolver-bootstrap-executor-%d] c.n.d.s.r.aws.ConfigClusterResolver      : Resolving eureka endpoints via configuration
2026-09-02T01:13:36.147-07:00  INFO 15180 --- [ProfileMs] [AsyncResolver-bootstrap-executor-%d] c.n.d.s.r.aws.ConfigClusterResolver      : Resolving eureka endpoints via configuration
2026-09-02T01:18:36.563-07:00  INFO 15180 --- [ProfileMs] [AsyncResolver-bootstrap-executor-%d] c.n.d.s.r.aws.ConfigClusterResolver      : Resolving eureka endpoints via configuration
2026-09-02T01:23:26.107-07:00  INFO 15180 --- [ProfileMs] [File Watcher] rtingClassPathChangeChangedEventListener : Restarting due to 3 class path changes (0 additions, 0 deletions, 3 modifications)
2026-09-02T01:23:26.442-07:00  INFO 15180 --- [ProfileMs] [Thread-1] o.s.c.n.e.s.EurekaServiceRegistry        : Unregistering application PROFILEMS with eureka with status DOWN
2026-09-02T01:23:26.449-07:00  INFO 15180 --- [ProfileMs] [Thread-1] com.netflix.discovery.DiscoveryClient    : Saw local status change event StatusChangeEvent [timestamp=1788337406449, current=DOWN, previous=UP]
2026-09-02T01:23:26.454-07:00  INFO 15180 --- [ProfileMs] [DiscoveryClient-InstanceInfoReplicator-%d] com.netflix.discovery.DiscoveryClient    : DiscoveryClient_PROFILEMS/DESKTOP-97B0AF6:ProfileMs:8081: registering service...
2026-09-02T01:23:26.603-07:00  INFO 15180 --- [ProfileMs] [DiscoveryClient-InstanceInfoReplicator-%d] com.netflix.discovery.DiscoveryClient    : DiscoveryClient_PROFILEMS/DESKTOP-97B0AF6:ProfileMs:8081 - registration status: 204
2026-09-02T01:23:26.897-07:00  INFO 15180 --- [ProfileMs] [Thread-1] o.s.b.w.e.tomcat.GracefulShutdown        : Commencing graceful shutdown. Waiting for active requests to complete
2026-09-02T01:23:27.187-07:00  INFO 15180 --- [ProfileMs] [tomcat-shutdown] o.s.b.w.e.tomcat.GracefulShutdown        : Graceful shutdown complete
2026-09-02T01:23:27.536-07:00  INFO 15180 --- [ProfileMs] [Thread-1] j.LocalContainerEntityManagerFactoryBean : Closing JPA EntityManagerFactory for persistence unit 'default'
2026-09-02T01:23:28.014-07:00  INFO 15180 --- [ProfileMs] [Thread-1] com.zaxxer.hikari.HikariDataSource       : HikariPool-1 - Shutdown initiated...
2026-09-02T01:23:28.228-07:00  INFO 15180 --- [ProfileMs] [Thread-1] com.zaxxer.hikari.HikariDataSource       : HikariPool-1 - Shutdown completed.
2026-09-02T01:23:28.243-07:00  INFO 15180 --- [ProfileMs] [Thread-1] com.netflix.discovery.DiscoveryClient    : Shutting down DiscoveryClient ...
2026-09-02T01:23:31.251-07:00  INFO 15180 --- [ProfileMs] [Thread-1] com.netflix.discovery.DiscoveryClient    : Unregistering ...
2026-09-02T01:23:31.291-07:00  INFO 15180 --- [ProfileMs] [Thread-1] com.netflix.discovery.DiscoveryClient    : DiscoveryClient_PROFILEMS/DESKTOP-97B0AF6:ProfileMs:8081 - deregister  status: 200
2026-09-02T01:23:31.294-07:00  INFO 15180 --- [ProfileMs] [Thread-1] com.netflix.discovery.DiscoveryClient    : Completed shut down of DiscoveryClient
2026-09-02T01:23:33.533-07:00  INFO 15180 --- [ProfileMs] [restartedMain] com.hms.profile.ProfileMsApplication     : Starting ProfileMsApplication using Java 17.0.7 with PID 15180 (E:\STS-Projects\hms-backend\ProfileMs\target\classes started by KAUSAL in E:\STS-Projects\hms-backend\ProfileMs)
2026-09-02T01:23:33.534-07:00  INFO 15180 --- [ProfileMs] [restartedMain] com.hms.profile.ProfileMsApplication     : No active profile set, falling back to 1 default profile: "default"
2026-09-02T01:23:34.383-07:00  INFO 15180 --- [ProfileMs] [restartedMain] .s.d.r.c.RepositoryConfigurationDelegate : Bootstrapping Spring Data JPA repositories in DEFAULT mode.
2026-09-02T01:23:34.432-07:00  INFO 15180 --- [ProfileMs] [restartedMain] .s.d.r.c.RepositoryConfigurationDelegate : Finished Spring Data repository scanning in 43 ms. Found 2 JPA repository interfaces.
2026-09-02T01:23:34.744-07:00  INFO 15180 --- [ProfileMs] [restartedMain] o.s.cloud.context.scope.GenericScope     : BeanFactory id=96123092-2c4b-3750-8219-920c75482262
2026-09-02T01:23:34.917-07:00  INFO 15180 --- [ProfileMs] [restartedMain] o.s.b.w.embedded.tomcat.TomcatWebServer  : Tomcat initialized with port 8081 (http)
2026-09-02T01:23:34.918-07:00  INFO 15180 --- [ProfileMs] [restartedMain] o.apache.catalina.core.StandardService   : Starting service [Tomcat]
2026-09-02T01:23:34.919-07:00  INFO 15180 --- [ProfileMs] [restartedMain] o.apache.catalina.core.StandardEngine    : Starting Servlet engine: [Apache Tomcat/10.1.34]
2026-09-02T01:23:34.988-07:00  INFO 15180 --- [ProfileMs] [restartedMain] o.a.c.c.C.[Tomcat].[localhost].[/]       : Initializing Spring embedded WebApplicationContext
2026-09-02T01:23:34.988-07:00  INFO 15180 --- [ProfileMs] [restartedMain] w.s.c.ServletWebServerApplicationContext : Root WebApplicationContext: initialization completed in 1447 ms
2026-09-02T01:23:35.074-07:00  INFO 15180 --- [ProfileMs] [restartedMain] o.hibernate.jpa.internal.util.LogHelper  : HHH000204: Processing PersistenceUnitInfo [name: default]
2026-09-02T01:23:35.083-07:00  INFO 15180 --- [ProfileMs] [restartedMain] o.h.c.internal.RegionFactoryInitiator    : HHH000026: Second-level cache disabled
2026-09-02T01:23:35.120-07:00  INFO 15180 --- [ProfileMs] [restartedMain] o.s.o.j.p.SpringPersistenceUnitInfo      : No LoadTimeWeaver setup: ignoring JPA class transformer
2026-09-02T01:23:35.122-07:00  INFO 15180 --- [ProfileMs] [restartedMain] com.zaxxer.hikari.HikariDataSource       : HikariPool-2 - Starting...
2026-09-02T01:23:35.154-07:00  INFO 15180 --- [ProfileMs] [restartedMain] com.zaxxer.hikari.pool.HikariPool        : HikariPool-2 - Added connection com.mysql.cj.jdbc.ConnectionImpl@4df06a1c
2026-09-02T01:23:35.154-07:00  INFO 15180 --- [ProfileMs] [restartedMain] com.zaxxer.hikari.HikariDataSource       : HikariPool-2 - Start completed.
2026-09-02T01:23:35.158-07:00  WARN 15180 --- [ProfileMs] [restartedMain] org.hibernate.orm.deprecation            : HHH90000025: MySQLDialect does not need to be specified explicitly using 'hibernate.dialect' (remove the property setting and it will be selected by default)
2026-09-02T01:23:35.159-07:00  INFO 15180 --- [ProfileMs] [restartedMain] org.hibernate.orm.connections.pooling    : HHH10001005: Database info:
	Database JDBC URL [Connecting through datasource 'HikariDataSource (HikariPool-2)']
	Database driver: undefined/unknown
	Database version: 8.0.46
	Autocommit mode: undefined/unknown
	Isolation level: undefined/unknown
	Minimum pool size: undefined/unknown
	Maximum pool size: undefined/unknown
2026-09-02T01:23:35.355-07:00  INFO 15180 --- [ProfileMs] [restartedMain] o.h.e.t.j.p.i.JtaPlatformInitiator       : HHH000489: No JTA platform available (set 'hibernate.transaction.jta.platform' to enable JTA platform integration)
2026-09-02T01:23:35.513-07:00  INFO 15180 --- [ProfileMs] [restartedMain] j.LocalContainerEntityManagerFactoryBean : Initialized JPA EntityManagerFactory for persistence unit 'default'
2026-09-02T01:23:35.776-07:00  WARN 15180 --- [ProfileMs] [restartedMain] JpaBaseConfiguration$JpaWebConfiguration : spring.jpa.open-in-view is enabled by default. Therefore, database queries may be performed during view rendering. Explicitly configure spring.jpa.open-in-view to disable this warning
2026-09-02T01:23:36.132-07:00  WARN 15180 --- [ProfileMs] [restartedMain] o.s.b.d.a.OptionalLiveReloadServer       : Unable to start LiveReload server
2026-09-02T01:23:36.676-07:00  INFO 15180 --- [ProfileMs] [restartedMain] DiscoveryClientOptionalArgsConfiguration : Eureka HTTP Client uses RestTemplate.
2026-09-02T01:23:36.716-07:00  WARN 15180 --- [ProfileMs] [restartedMain] iguration$LoadBalancerCaffeineWarnLogger : Spring Cloud LoadBalancer is currently working with the default cache. While this cache implementation is useful for development and tests, it's recommended to use Caffeine cache in production.You can switch to using Caffeine cache, by adding it and org.springframework.cache.caffeine.CaffeineCacheManager to the classpath.
2026-09-02T01:23:36.770-07:00  INFO 15180 --- [ProfileMs] [restartedMain] o.s.c.n.eureka.InstanceInfoFactory       : Setting initial instance status as: STARTING
2026-09-02T01:23:36.775-07:00  INFO 15180 --- [ProfileMs] [restartedMain] com.netflix.discovery.DiscoveryClient    : Initializing Eureka in region us-east-1
2026-09-02T01:23:36.775-07:00  INFO 15180 --- [ProfileMs] [restartedMain] c.n.d.s.r.aws.ConfigClusterResolver      : Resolving eureka endpoints via configuration
2026-09-02T01:23:36.776-07:00  INFO 15180 --- [ProfileMs] [restartedMain] com.netflix.discovery.DiscoveryClient    : Disable delta property : false
2026-09-02T01:23:36.776-07:00  INFO 15180 --- [ProfileMs] [restartedMain] com.netflix.discovery.DiscoveryClient    : Single vip registry refresh property : null
2026-09-02T01:23:36.776-07:00  INFO 15180 --- [ProfileMs] [restartedMain] com.netflix.discovery.DiscoveryClient    : Force full registry fetch : false
2026-09-02T01:23:36.777-07:00  INFO 15180 --- [ProfileMs] [restartedMain] com.netflix.discovery.DiscoveryClient    : Application is null : false
2026-09-02T01:23:36.777-07:00  INFO 15180 --- [ProfileMs] [restartedMain] com.netflix.discovery.DiscoveryClient    : Registered Applications size is zero : true
2026-09-02T01:23:36.777-07:00  INFO 15180 --- [ProfileMs] [restartedMain] com.netflix.discovery.DiscoveryClient    : Application version is -1: true
2026-09-02T01:23:36.798-07:00  INFO 15180 --- [ProfileMs] [restartedMain] com.netflix.discovery.DiscoveryClient    : Getting all instance registry info from the eureka server
2026-09-02T01:23:36.872-07:00  INFO 15180 --- [ProfileMs] [restartedMain] com.netflix.discovery.DiscoveryClient    : The response status is 200
2026-09-02T01:23:36.873-07:00  INFO 15180 --- [ProfileMs] [restartedMain] com.netflix.discovery.DiscoveryClient    : Starting heartbeat executor: renew interval is: 30
2026-09-02T01:23:36.873-07:00  INFO 15180 --- [ProfileMs] [restartedMain] c.n.discovery.InstanceInfoReplicator     : InstanceInfoReplicator onDemand update allowed rate per min is 4
2026-09-02T01:23:36.874-07:00  INFO 15180 --- [ProfileMs] [restartedMain] com.netflix.discovery.DiscoveryClient    : Discovery Client initialized at timestamp 1788337416874 with initial instances count: 2
2026-09-02T01:23:36.879-07:00  INFO 15180 --- [ProfileMs] [restartedMain] o.s.c.n.e.s.EurekaServiceRegistry        : Registering application PROFILEMS with eureka with status UP
2026-09-02T01:23:36.879-07:00  INFO 15180 --- [ProfileMs] [restartedMain] com.netflix.discovery.DiscoveryClient    : Saw local status change event StatusChangeEvent [timestamp=1788337416879, current=UP, previous=STARTING]
2026-09-02T01:23:36.880-07:00  INFO 15180 --- [ProfileMs] [DiscoveryClient-InstanceInfoReplicator-%d] com.netflix.discovery.DiscoveryClient    : DiscoveryClient_PROFILEMS/DESKTOP-97B0AF6:ProfileMs:8081: registering service...
2026-09-02T01:23:36.892-07:00  INFO 15180 --- [ProfileMs] [restartedMain] o.s.b.w.embedded.tomcat.TomcatWebServer  : Tomcat started on port 8081 (http) with context path '/'
2026-09-02T01:23:36.895-07:00  INFO 15180 --- [ProfileMs] [restartedMain] .s.c.n.e.s.EurekaAutoServiceRegistration : Updating port to 8081
2026-09-02T01:23:36.905-07:00  INFO 15180 --- [ProfileMs] [DiscoveryClient-InstanceInfoReplicator-%d] com.netflix.discovery.DiscoveryClient    : DiscoveryClient_PROFILEMS/DESKTOP-97B0AF6:ProfileMs:8081 - registration status: 204
2026-09-02T01:23:37.431-07:00  INFO 15180 --- [ProfileMs] [restartedMain] com.hms.profile.ProfileMsApplication     : Started ProfileMsApplication in 4.327 seconds (process running for 3924.697)
2026-09-02T01:23:37.443-07:00  INFO 15180 --- [ProfileMs] [restartedMain] .ConditionEvaluationDeltaLoggingListener : Condition evaluation unchanged
2026-09-02T01:24:55.808-07:00  INFO 8008 --- [ProfileMs] [restartedMain] com.hms.profile.ProfileMsApplication     : Starting ProfileMsApplication using Java 17.0.7 with PID 8008 (E:\STS-Projects\hms-backend\ProfileMs\target\classes started by KAUSAL in E:\STS-Projects\hms-backend\ProfileMs)
2026-09-02T01:24:55.816-07:00  INFO 8008 --- [ProfileMs] [restartedMain] com.hms.profile.ProfileMsApplication     : The following 1 profile is active: "--server.port=8085"
2026-09-02T01:24:55.937-07:00  INFO 8008 --- [ProfileMs] [restartedMain] .e.DevToolsPropertyDefaultsPostProcessor : Devtools property defaults active! Set 'spring.devtools.add-properties' to 'false' to disable
2026-09-02T01:24:55.939-07:00  INFO 8008 --- [ProfileMs] [restartedMain] .e.DevToolsPropertyDefaultsPostProcessor : For additional web related logging consider setting the 'logging.level.web' property to 'DEBUG'
2026-09-02T01:24:58.324-07:00  INFO 8008 --- [ProfileMs] [restartedMain] .s.d.r.c.RepositoryConfigurationDelegate : Bootstrapping Spring Data JPA repositories in DEFAULT mode.
2026-09-02T01:24:59.098-07:00  INFO 8008 --- [ProfileMs] [restartedMain] .s.d.r.c.RepositoryConfigurationDelegate : Finished Spring Data repository scanning in 740 ms. Found 2 JPA repository interfaces.
2026-09-02T01:24:59.882-07:00  INFO 8008 --- [ProfileMs] [restartedMain] o.s.cloud.context.scope.GenericScope     : BeanFactory id=96123092-2c4b-3750-8219-920c75482262
2026-09-02T01:25:00.998-07:00  INFO 8008 --- [ProfileMs] [restartedMain] o.s.b.w.embedded.tomcat.TomcatWebServer  : Tomcat initialized with port 8081 (http)
2026-09-02T01:25:01.027-07:00  INFO 8008 --- [ProfileMs] [restartedMain] o.apache.catalina.core.StandardService   : Starting service [Tomcat]
2026-09-02T01:25:01.029-07:00  INFO 8008 --- [ProfileMs] [restartedMain] o.apache.catalina.core.StandardEngine    : Starting Servlet engine: [Apache Tomcat/10.1.34]
2026-09-02T01:25:01.181-07:00  INFO 8008 --- [ProfileMs] [restartedMain] o.a.c.c.C.[Tomcat].[localhost].[/]       : Initializing Spring embedded WebApplicationContext
2026-09-02T01:25:01.183-07:00  INFO 8008 --- [ProfileMs] [restartedMain] w.s.c.ServletWebServerApplicationContext : Root WebApplicationContext: initialization completed in 5242 ms
2026-09-02T01:25:01.542-07:00  INFO 8008 --- [ProfileMs] [restartedMain] o.hibernate.jpa.internal.util.LogHelper  : HHH000204: Processing PersistenceUnitInfo [name: default]
2026-09-02T01:25:01.697-07:00  INFO 8008 --- [ProfileMs] [restartedMain] org.hibernate.Version                    : HHH000412: Hibernate ORM core version 6.6.4.Final
2026-09-02T01:25:01.787-07:00  INFO 8008 --- [ProfileMs] [restartedMain] o.h.c.internal.RegionFactoryInitiator    : HHH000026: Second-level cache disabled
2026-09-02T01:25:02.562-07:00  INFO 8008 --- [ProfileMs] [restartedMain] o.s.o.j.p.SpringPersistenceUnitInfo      : No LoadTimeWeaver setup: ignoring JPA class transformer
2026-09-02T01:25:02.675-07:00  INFO 8008 --- [ProfileMs] [restartedMain] com.zaxxer.hikari.HikariDataSource       : HikariPool-1 - Starting...
2026-09-02T01:25:03.156-07:00  INFO 8008 --- [ProfileMs] [restartedMain] com.zaxxer.hikari.pool.HikariPool        : HikariPool-1 - Added connection com.mysql.cj.jdbc.ConnectionImpl@141609e8
2026-09-02T01:25:03.165-07:00  INFO 8008 --- [ProfileMs] [restartedMain] com.zaxxer.hikari.HikariDataSource       : HikariPool-1 - Start completed.
2026-09-02T01:25:03.339-07:00  WARN 8008 --- [ProfileMs] [restartedMain] org.hibernate.orm.deprecation            : HHH90000025: MySQLDialect does not need to be specified explicitly using 'hibernate.dialect' (remove the property setting and it will be selected by default)
2026-09-02T01:25:03.405-07:00  INFO 8008 --- [ProfileMs] [restartedMain] org.hibernate.orm.connections.pooling    : HHH10001005: Database info:
	Database JDBC URL [Connecting through datasource 'HikariDataSource (HikariPool-1)']
	Database driver: undefined/unknown
	Database version: 8.0.46
	Autocommit mode: undefined/unknown
	Isolation level: undefined/unknown
	Minimum pool size: undefined/unknown
	Maximum pool size: undefined/unknown
2026-09-02T01:25:05.541-07:00  INFO 8008 --- [ProfileMs] [restartedMain] o.h.e.t.j.p.i.JtaPlatformInitiator       : HHH000489: No JTA platform available (set 'hibernate.transaction.jta.platform' to enable JTA platform integration)
2026-09-02T01:25:05.655-07:00  INFO 8008 --- [ProfileMs] [restartedMain] j.LocalContainerEntityManagerFactoryBean : Initialized JPA EntityManagerFactory for persistence unit 'default'
2026-09-02T01:25:06.297-07:00  INFO 8008 --- [ProfileMs] [restartedMain] o.s.d.j.r.query.QueryEnhancerFactory     : Hibernate is in classpath; If applicable, HQL parser will be used.
2026-09-02T01:25:07.743-07:00  WARN 8008 --- [ProfileMs] [restartedMain] JpaBaseConfiguration$JpaWebConfiguration : spring.jpa.open-in-view is enabled by default. Therefore, database queries may be performed during view rendering. Explicitly configure spring.jpa.open-in-view to disable this warning
2026-09-02T01:25:09.138-07:00  WARN 8008 --- [ProfileMs] [restartedMain] o.s.b.d.a.OptionalLiveReloadServer       : Unable to start LiveReload server
2026-09-02T01:25:09.857-07:00  INFO 8008 --- [ProfileMs] [restartedMain] DiscoveryClientOptionalArgsConfiguration : Eureka HTTP Client uses RestTemplate.
2026-09-02T01:25:09.959-07:00  WARN 8008 --- [ProfileMs] [restartedMain] iguration$LoadBalancerCaffeineWarnLogger : Spring Cloud LoadBalancer is currently working with the default cache. While this cache implementation is useful for development and tests, it's recommended to use Caffeine cache in production.You can switch to using Caffeine cache, by adding it and org.springframework.cache.caffeine.CaffeineCacheManager to the classpath.
2026-09-02T01:25:10.088-07:00  INFO 8008 --- [ProfileMs] [restartedMain] o.s.c.n.eureka.InstanceInfoFactory       : Setting initial instance status as: STARTING
2026-09-02T01:25:10.163-07:00  INFO 8008 --- [ProfileMs] [restartedMain] com.netflix.discovery.DiscoveryClient    : Initializing Eureka in region us-east-1
2026-09-02T01:25:10.173-07:00  INFO 8008 --- [ProfileMs] [restartedMain] c.n.d.s.r.aws.ConfigClusterResolver      : Resolving eureka endpoints via configuration
2026-09-02T01:25:10.199-07:00  INFO 8008 --- [ProfileMs] [restartedMain] com.netflix.discovery.DiscoveryClient    : Disable delta property : false
2026-09-02T01:25:10.200-07:00  INFO 8008 --- [ProfileMs] [restartedMain] com.netflix.discovery.DiscoveryClient    : Single vip registry refresh property : null
2026-09-02T01:25:10.201-07:00  INFO 8008 --- [ProfileMs] [restartedMain] com.netflix.discovery.DiscoveryClient    : Force full registry fetch : false
2026-09-02T01:25:10.201-07:00  INFO 8008 --- [ProfileMs] [restartedMain] com.netflix.discovery.DiscoveryClient    : Application is null : false
2026-09-02T01:25:10.201-07:00  INFO 8008 --- [ProfileMs] [restartedMain] com.netflix.discovery.DiscoveryClient    : Registered Applications size is zero : true
2026-09-02T01:25:10.202-07:00  INFO 8008 --- [ProfileMs] [restartedMain] com.netflix.discovery.DiscoveryClient    : Application version is -1: true
2026-09-02T01:25:10.202-07:00  INFO 8008 --- [ProfileMs] [restartedMain] com.netflix.discovery.DiscoveryClient    : Getting all instance registry info from the eureka server
2026-09-02T01:25:11.293-07:00  INFO 8008 --- [ProfileMs] [restartedMain] com.netflix.discovery.DiscoveryClient    : The response status is 200
2026-09-02T01:25:11.299-07:00  INFO 8008 --- [ProfileMs] [restartedMain] com.netflix.discovery.DiscoveryClient    : Starting heartbeat executor: renew interval is: 30
2026-09-02T01:25:11.308-07:00  INFO 8008 --- [ProfileMs] [restartedMain] c.n.discovery.InstanceInfoReplicator     : InstanceInfoReplicator onDemand update allowed rate per min is 4
2026-09-02T01:25:11.313-07:00  INFO 8008 --- [ProfileMs] [restartedMain] com.netflix.discovery.DiscoveryClient    : Discovery Client initialized at timestamp 1788337511311 with initial instances count: 3
2026-09-02T01:25:11.322-07:00  INFO 8008 --- [ProfileMs] [restartedMain] o.s.c.n.e.s.EurekaServiceRegistry        : Registering application PROFILEMS with eureka with status UP
2026-09-02T01:25:11.325-07:00  INFO 8008 --- [ProfileMs] [restartedMain] com.netflix.discovery.DiscoveryClient    : Saw local status change event StatusChangeEvent [timestamp=1788337511325, current=UP, previous=STARTING]
2026-09-02T01:25:11.331-07:00  INFO 8008 --- [ProfileMs] [DiscoveryClient-InstanceInfoReplicator-%d] com.netflix.discovery.DiscoveryClient    : DiscoveryClient_PROFILEMS/DESKTOP-97B0AF6:ProfileMs:8081: registering service...
2026-09-02T01:25:11.354-07:00  INFO 8008 --- [ProfileMs] [restartedMain] o.s.c.n.e.s.EurekaServiceRegistry        : Unregistering application PROFILEMS with eureka with status DOWN
2026-09-02T01:25:11.356-07:00  INFO 8008 --- [ProfileMs] [restartedMain] com.netflix.discovery.DiscoveryClient    : Saw local status change event StatusChangeEvent [timestamp=1788337511356, current=DOWN, previous=UP]
2026-09-02T01:25:11.357-07:00  WARN 8008 --- [ProfileMs] [restartedMain] ConfigServletWebServerApplicationContext : Exception encountered during context initialization - cancelling refresh attempt: org.springframework.context.ApplicationContextException: Failed to start bean 'webServerStartStop'
2026-09-02T01:25:11.371-07:00  INFO 8008 --- [ProfileMs] [restartedMain] j.LocalContainerEntityManagerFactoryBean : Closing JPA EntityManagerFactory for persistence unit 'default'
2026-09-02T01:25:11.380-07:00  INFO 8008 --- [ProfileMs] [restartedMain] com.zaxxer.hikari.HikariDataSource       : HikariPool-1 - Shutdown initiated...
2026-09-02T01:25:11.405-07:00  INFO 8008 --- [ProfileMs] [restartedMain] com.zaxxer.hikari.HikariDataSource       : HikariPool-1 - Shutdown completed.
2026-09-02T01:25:11.407-07:00  INFO 8008 --- [ProfileMs] [restartedMain] com.netflix.discovery.DiscoveryClient    : Shutting down DiscoveryClient ...
2026-09-02T01:25:11.441-07:00  INFO 8008 --- [ProfileMs] [DiscoveryClient-InstanceInfoReplicator-%d] com.netflix.discovery.DiscoveryClient    : DiscoveryClient_PROFILEMS/DESKTOP-97B0AF6:ProfileMs:8081 - registration status: 204
2026-09-02T01:25:11.442-07:00  INFO 8008 --- [ProfileMs] [DiscoveryClient-InstanceInfoReplicator-%d] com.netflix.discovery.DiscoveryClient    : DiscoveryClient_PROFILEMS/DESKTOP-97B0AF6:ProfileMs:8081: registering service...
2026-09-02T01:25:11.452-07:00  INFO 8008 --- [ProfileMs] [DiscoveryClient-InstanceInfoReplicator-%d] com.netflix.discovery.DiscoveryClient    : DiscoveryClient_PROFILEMS/DESKTOP-97B0AF6:ProfileMs:8081 - registration status: 204
2026-09-02T01:25:11.453-07:00  INFO 8008 --- [ProfileMs] [restartedMain] com.netflix.discovery.DiscoveryClient    : Unregistering ...
2026-09-02T01:25:11.463-07:00  INFO 8008 --- [ProfileMs] [restartedMain] com.netflix.discovery.DiscoveryClient    : DiscoveryClient_PROFILEMS/DESKTOP-97B0AF6:ProfileMs:8081 - deregister  status: 200
2026-09-02T01:25:11.464-07:00  INFO 8008 --- [ProfileMs] [restartedMain] com.netflix.discovery.DiscoveryClient    : Completed shut down of DiscoveryClient
2026-09-02T01:25:11.523-07:00  INFO 8008 --- [ProfileMs] [restartedMain] .s.b.a.l.ConditionEvaluationReportLogger : 

Error starting ApplicationContext. To display the condition evaluation report re-run your application with 'debug' enabled.
2026-09-02T01:25:11.591-07:00 ERROR 8008 --- [ProfileMs] [restartedMain] o.s.b.d.LoggingFailureAnalysisReporter   : 

***************************
APPLICATION FAILED TO START
***************************

Description:

Web server failed to start. Port 8081 was already in use.

Action:

Identify and stop the process that's listening on port 8081 or configure this application to listen on another port.

2026-09-02T01:25:37.777-07:00  INFO 15180 --- [ProfileMs] [DiscoveryClient-HeartbeatExecutor-%d] com.netflix.discovery.DiscoveryClient    : DiscoveryClient_PROFILEMS/DESKTOP-97B0AF6:ProfileMs:8081 - Re-registering apps/PROFILEMS
2026-09-02T01:25:37.802-07:00  INFO 15180 --- [ProfileMs] [DiscoveryClient-HeartbeatExecutor-%d] com.netflix.discovery.DiscoveryClient    : DiscoveryClient_PROFILEMS/DESKTOP-97B0AF6:ProfileMs:8081: registering service...
2026-09-02T01:25:37.829-07:00  INFO 15180 --- [ProfileMs] [DiscoveryClient-HeartbeatExecutor-%d] com.netflix.discovery.DiscoveryClient    : DiscoveryClient_PROFILEMS/DESKTOP-97B0AF6:ProfileMs:8081 - registration status: 204
2026-09-02T01:26:33.880-07:00  INFO 9704 --- [ProfileMs] [restartedMain] com.hms.profile.ProfileMsApplication     : Starting ProfileMsApplication using Java 17.0.7 with PID 9704 (E:\STS-Projects\hms-backend\ProfileMs\target\classes started by KAUSAL in E:\STS-Projects\hms-backend\ProfileMs)
2026-09-02T01:26:33.885-07:00  INFO 9704 --- [ProfileMs] [restartedMain] com.hms.profile.ProfileMsApplication     : The following 1 profile is active: "--server.port=8085"
2026-09-02T01:26:33.980-07:00  INFO 9704 --- [ProfileMs] [restartedMain] .e.DevToolsPropertyDefaultsPostProcessor : Devtools property defaults active! Set 'spring.devtools.add-properties' to 'false' to disable
2026-09-02T01:26:33.981-07:00  INFO 9704 --- [ProfileMs] [restartedMain] .e.DevToolsPropertyDefaultsPostProcessor : For additional web related logging consider setting the 'logging.level.web' property to 'DEBUG'
2026-09-02T01:26:36.798-07:00  INFO 9704 --- [ProfileMs] [restartedMain] .s.d.r.c.RepositoryConfigurationDelegate : Bootstrapping Spring Data JPA repositories in DEFAULT mode.
2026-09-02T01:26:38.507-07:00  INFO 9704 --- [ProfileMs] [restartedMain] .s.d.r.c.RepositoryConfigurationDelegate : Finished Spring Data repository scanning in 1686 ms. Found 2 JPA repository interfaces.
2026-09-02T01:26:39.278-07:00  INFO 9704 --- [ProfileMs] [restartedMain] o.s.cloud.context.scope.GenericScope     : BeanFactory id=96123092-2c4b-3750-8219-920c75482262
2026-09-02T01:26:40.421-07:00  INFO 9704 --- [ProfileMs] [restartedMain] o.s.b.w.embedded.tomcat.TomcatWebServer  : Tomcat initialized with port 8081 (http)
2026-09-02T01:26:40.451-07:00  INFO 9704 --- [ProfileMs] [restartedMain] o.apache.catalina.core.StandardService   : Starting service [Tomcat]
2026-09-02T01:26:40.452-07:00  INFO 9704 --- [ProfileMs] [restartedMain] o.apache.catalina.core.StandardEngine    : Starting Servlet engine: [Apache Tomcat/10.1.34]
2026-09-02T01:26:40.591-07:00  INFO 9704 --- [ProfileMs] [restartedMain] o.a.c.c.C.[Tomcat].[localhost].[/]       : Initializing Spring embedded WebApplicationContext
2026-09-02T01:26:40.593-07:00  INFO 9704 --- [ProfileMs] [restartedMain] w.s.c.ServletWebServerApplicationContext : Root WebApplicationContext: initialization completed in 6609 ms
2026-09-02T01:26:41.000-07:00  INFO 9704 --- [ProfileMs] [restartedMain] o.hibernate.jpa.internal.util.LogHelper  : HHH000204: Processing PersistenceUnitInfo [name: default]
2026-09-02T01:26:41.176-07:00  INFO 9704 --- [ProfileMs] [restartedMain] org.hibernate.Version                    : HHH000412: Hibernate ORM core version 6.6.4.Final
2026-09-02T01:26:41.254-07:00  INFO 9704 --- [ProfileMs] [restartedMain] o.h.c.internal.RegionFactoryInitiator    : HHH000026: Second-level cache disabled
2026-09-02T01:26:42.114-07:00  INFO 9704 --- [ProfileMs] [restartedMain] o.s.o.j.p.SpringPersistenceUnitInfo      : No LoadTimeWeaver setup: ignoring JPA class transformer
2026-09-02T01:26:42.183-07:00  INFO 9704 --- [ProfileMs] [restartedMain] com.zaxxer.hikari.HikariDataSource       : HikariPool-1 - Starting...
2026-09-02T01:26:42.597-07:00  INFO 9704 --- [ProfileMs] [restartedMain] com.zaxxer.hikari.pool.HikariPool        : HikariPool-1 - Added connection com.mysql.cj.jdbc.ConnectionImpl@529b845e
2026-09-02T01:26:42.615-07:00  INFO 9704 --- [ProfileMs] [restartedMain] com.zaxxer.hikari.HikariDataSource       : HikariPool-1 - Start completed.
2026-09-02T01:26:42.730-07:00  WARN 9704 --- [ProfileMs] [restartedMain] org.hibernate.orm.deprecation            : HHH90000025: MySQLDialect does not need to be specified explicitly using 'hibernate.dialect' (remove the property setting and it will be selected by default)
2026-09-02T01:26:42.781-07:00  INFO 9704 --- [ProfileMs] [restartedMain] org.hibernate.orm.connections.pooling    : HHH10001005: Database info:
	Database JDBC URL [Connecting through datasource 'HikariDataSource (HikariPool-1)']
	Database driver: undefined/unknown
	Database version: 8.0.46
	Autocommit mode: undefined/unknown
	Isolation level: undefined/unknown
	Minimum pool size: undefined/unknown
	Maximum pool size: undefined/unknown
2026-09-02T01:26:44.821-07:00  INFO 9704 --- [ProfileMs] [restartedMain] o.h.e.t.j.p.i.JtaPlatformInitiator       : HHH000489: No JTA platform available (set 'hibernate.transaction.jta.platform' to enable JTA platform integration)
2026-09-02T01:26:44.930-07:00  INFO 9704 --- [ProfileMs] [restartedMain] j.LocalContainerEntityManagerFactoryBean : Initialized JPA EntityManagerFactory for persistence unit 'default'
2026-09-02T01:26:45.640-07:00  INFO 9704 --- [ProfileMs] [restartedMain] o.s.d.j.r.query.QueryEnhancerFactory     : Hibernate is in classpath; If applicable, HQL parser will be used.
2026-09-02T01:26:46.593-07:00  WARN 9704 --- [ProfileMs] [restartedMain] JpaBaseConfiguration$JpaWebConfiguration : spring.jpa.open-in-view is enabled by default. Therefore, database queries may be performed during view rendering. Explicitly configure spring.jpa.open-in-view to disable this warning
2026-09-02T01:26:47.807-07:00  WARN 9704 --- [ProfileMs] [restartedMain] o.s.b.d.a.OptionalLiveReloadServer       : Unable to start LiveReload server
2026-09-02T01:26:48.555-07:00  INFO 9704 --- [ProfileMs] [restartedMain] DiscoveryClientOptionalArgsConfiguration : Eureka HTTP Client uses RestTemplate.
2026-09-02T01:26:48.658-07:00  WARN 9704 --- [ProfileMs] [restartedMain] iguration$LoadBalancerCaffeineWarnLogger : Spring Cloud LoadBalancer is currently working with the default cache. While this cache implementation is useful for development and tests, it's recommended to use Caffeine cache in production.You can switch to using Caffeine cache, by adding it and org.springframework.cache.caffeine.CaffeineCacheManager to the classpath.
2026-09-02T01:26:48.805-07:00  INFO 9704 --- [ProfileMs] [restartedMain] o.s.c.n.eureka.InstanceInfoFactory       : Setting initial instance status as: STARTING
2026-09-02T01:26:48.881-07:00  INFO 9704 --- [ProfileMs] [restartedMain] com.netflix.discovery.DiscoveryClient    : Initializing Eureka in region us-east-1
2026-09-02T01:26:48.895-07:00  INFO 9704 --- [ProfileMs] [restartedMain] c.n.d.s.r.aws.ConfigClusterResolver      : Resolving eureka endpoints via configuration
2026-09-02T01:26:48.920-07:00  INFO 9704 --- [ProfileMs] [restartedMain] com.netflix.discovery.DiscoveryClient    : Disable delta property : false
2026-09-02T01:26:48.922-07:00  INFO 9704 --- [ProfileMs] [restartedMain] com.netflix.discovery.DiscoveryClient    : Single vip registry refresh property : null
2026-09-02T01:26:48.923-07:00  INFO 9704 --- [ProfileMs] [restartedMain] com.netflix.discovery.DiscoveryClient    : Force full registry fetch : false
2026-09-02T01:26:48.923-07:00  INFO 9704 --- [ProfileMs] [restartedMain] com.netflix.discovery.DiscoveryClient    : Application is null : false
2026-09-02T01:26:48.924-07:00  INFO 9704 --- [ProfileMs] [restartedMain] com.netflix.discovery.DiscoveryClient    : Registered Applications size is zero : true
2026-09-02T01:26:48.924-07:00  INFO 9704 --- [ProfileMs] [restartedMain] com.netflix.discovery.DiscoveryClient    : Application version is -1: true
2026-09-02T01:26:48.924-07:00  INFO 9704 --- [ProfileMs] [restartedMain] com.netflix.discovery.DiscoveryClient    : Getting all instance registry info from the eureka server
2026-09-02T01:26:50.004-07:00  INFO 9704 --- [ProfileMs] [restartedMain] com.netflix.discovery.DiscoveryClient    : The response status is 200
2026-09-02T01:26:50.008-07:00  INFO 9704 --- [ProfileMs] [restartedMain] com.netflix.discovery.DiscoveryClient    : Starting heartbeat executor: renew interval is: 30
2026-09-02T01:26:50.013-07:00  INFO 9704 --- [ProfileMs] [restartedMain] c.n.discovery.InstanceInfoReplicator     : InstanceInfoReplicator onDemand update allowed rate per min is 4
2026-09-02T01:26:50.017-07:00  INFO 9704 --- [ProfileMs] [restartedMain] com.netflix.discovery.DiscoveryClient    : Discovery Client initialized at timestamp 1788337610016 with initial instances count: 3
2026-09-02T01:26:50.024-07:00  INFO 9704 --- [ProfileMs] [restartedMain] o.s.c.n.e.s.EurekaServiceRegistry        : Registering application PROFILEMS with eureka with status UP
2026-09-02T01:26:50.025-07:00  INFO 9704 --- [ProfileMs] [restartedMain] com.netflix.discovery.DiscoveryClient    : Saw local status change event StatusChangeEvent [timestamp=1788337610025, current=UP, previous=STARTING]
2026-09-02T01:26:50.029-07:00  INFO 9704 --- [ProfileMs] [DiscoveryClient-InstanceInfoReplicator-%d] com.netflix.discovery.DiscoveryClient    : DiscoveryClient_PROFILEMS/DESKTOP-97B0AF6:ProfileMs:8081: registering service...
2026-09-02T01:26:50.060-07:00  INFO 9704 --- [ProfileMs] [restartedMain] o.s.c.n.e.s.EurekaServiceRegistry        : Unregistering application PROFILEMS with eureka with status DOWN
2026-09-02T01:26:50.060-07:00  INFO 9704 --- [ProfileMs] [restartedMain] com.netflix.discovery.DiscoveryClient    : Saw local status change event StatusChangeEvent [timestamp=1788337610060, current=DOWN, previous=UP]
2026-09-02T01:26:50.061-07:00  WARN 9704 --- [ProfileMs] [restartedMain] ConfigServletWebServerApplicationContext : Exception encountered during context initialization - cancelling refresh attempt: org.springframework.context.ApplicationContextException: Failed to start bean 'webServerStartStop'
2026-09-02T01:26:50.069-07:00  INFO 9704 --- [ProfileMs] [restartedMain] j.LocalContainerEntityManagerFactoryBean : Closing JPA EntityManagerFactory for persistence unit 'default'
2026-09-02T01:26:50.076-07:00  INFO 9704 --- [ProfileMs] [restartedMain] com.zaxxer.hikari.HikariDataSource       : HikariPool-1 - Shutdown initiated...
2026-09-02T01:26:50.097-07:00  INFO 9704 --- [ProfileMs] [restartedMain] com.zaxxer.hikari.HikariDataSource       : HikariPool-1 - Shutdown completed.
2026-09-02T01:26:50.099-07:00  INFO 9704 --- [ProfileMs] [restartedMain] com.netflix.discovery.DiscoveryClient    : Shutting down DiscoveryClient ...
2026-09-02T01:26:50.123-07:00  INFO 9704 --- [ProfileMs] [DiscoveryClient-InstanceInfoReplicator-%d] com.netflix.discovery.DiscoveryClient    : DiscoveryClient_PROFILEMS/DESKTOP-97B0AF6:ProfileMs:8081 - registration status: 204
2026-09-02T01:26:50.124-07:00  INFO 9704 --- [ProfileMs] [DiscoveryClient-InstanceInfoReplicator-%d] com.netflix.discovery.DiscoveryClient    : DiscoveryClient_PROFILEMS/DESKTOP-97B0AF6:ProfileMs:8081: registering service...
2026-09-02T01:26:50.131-07:00  INFO 9704 --- [ProfileMs] [DiscoveryClient-InstanceInfoReplicator-%d] com.netflix.discovery.DiscoveryClient    : DiscoveryClient_PROFILEMS/DESKTOP-97B0AF6:ProfileMs:8081 - registration status: 204
2026-09-02T01:26:50.132-07:00  INFO 9704 --- [ProfileMs] [restartedMain] com.netflix.discovery.DiscoveryClient    : Unregistering ...
2026-09-02T01:26:50.140-07:00  INFO 9704 --- [ProfileMs] [restartedMain] com.netflix.discovery.DiscoveryClient    : DiscoveryClient_PROFILEMS/DESKTOP-97B0AF6:ProfileMs:8081 - deregister  status: 200
2026-09-02T01:26:50.141-07:00  INFO 9704 --- [ProfileMs] [restartedMain] com.netflix.discovery.DiscoveryClient    : Completed shut down of DiscoveryClient
2026-09-02T01:26:50.195-07:00  INFO 9704 --- [ProfileMs] [restartedMain] .s.b.a.l.ConditionEvaluationReportLogger : 

Error starting ApplicationContext. To display the condition evaluation report re-run your application with 'debug' enabled.
2026-09-02T01:26:50.237-07:00 ERROR 9704 --- [ProfileMs] [restartedMain] o.s.b.d.LoggingFailureAnalysisReporter   : 

***************************
APPLICATION FAILED TO START
***************************

Description:

Web server failed to start. Port 8081 was already in use.

Action:

Identify and stop the process that's listening on port 8081 or configure this application to listen on another port.

2026-09-02T01:27:07.913-07:00  INFO 15180 --- [ProfileMs] [DiscoveryClient-HeartbeatExecutor-%d] com.netflix.discovery.DiscoveryClient    : DiscoveryClient_PROFILEMS/DESKTOP-97B0AF6:ProfileMs:8081 - Re-registering apps/PROFILEMS
2026-09-02T01:27:07.914-07:00  INFO 15180 --- [ProfileMs] [DiscoveryClient-HeartbeatExecutor-%d] com.netflix.discovery.DiscoveryClient    : DiscoveryClient_PROFILEMS/DESKTOP-97B0AF6:ProfileMs:8081: registering service...
2026-09-02T01:27:07.927-07:00  INFO 15180 --- [ProfileMs] [DiscoveryClient-HeartbeatExecutor-%d] com.netflix.discovery.DiscoveryClient    : DiscoveryClient_PROFILEMS/DESKTOP-97B0AF6:ProfileMs:8081 - registration status: 204
2026-09-02T01:28:36.839-07:00  INFO 15180 --- [ProfileMs] [AsyncResolver-bootstrap-executor-%d] c.n.d.s.r.aws.ConfigClusterResolver      : Resolving eureka endpoints via configuration
2026-09-02T01:28:57.076-07:00  INFO 1340 --- [ProfileMs] [restartedMain] com.hms.profile.ProfileMsApplication     : Starting ProfileMsApplication using Java 17.0.7 with PID 1340 (E:\STS-Projects\hms-backend\ProfileMs\target\classes started by KAUSAL in E:\STS-Projects\hms-backend\ProfileMs)
2026-09-02T01:28:57.084-07:00  INFO 1340 --- [ProfileMs] [restartedMain] com.hms.profile.ProfileMsApplication     : The following 1 profile is active: "--server.port=8085"
2026-09-02T01:28:57.178-07:00  INFO 1340 --- [ProfileMs] [restartedMain] .e.DevToolsPropertyDefaultsPostProcessor : Devtools property defaults active! Set 'spring.devtools.add-properties' to 'false' to disable
2026-09-02T01:28:57.180-07:00  INFO 1340 --- [ProfileMs] [restartedMain] .e.DevToolsPropertyDefaultsPostProcessor : For additional web related logging consider setting the 'logging.level.web' property to 'DEBUG'
2026-09-02T01:28:58.931-07:00  INFO 1340 --- [ProfileMs] [restartedMain] .s.d.r.c.RepositoryConfigurationDelegate : Bootstrapping Spring Data JPA repositories in DEFAULT mode.
2026-09-02T01:28:59.272-07:00  INFO 1340 --- [ProfileMs] [restartedMain] .s.d.r.c.RepositoryConfigurationDelegate : Finished Spring Data repository scanning in 323 ms. Found 2 JPA repository interfaces.
2026-09-02T01:28:59.838-07:00  INFO 1340 --- [ProfileMs] [restartedMain] o.s.cloud.context.scope.GenericScope     : BeanFactory id=96123092-2c4b-3750-8219-920c75482262
2026-09-02T01:29:00.916-07:00  INFO 1340 --- [ProfileMs] [restartedMain] o.s.b.w.embedded.tomcat.TomcatWebServer  : Tomcat initialized with port 8081 (http)
2026-09-02T01:29:00.939-07:00  INFO 1340 --- [ProfileMs] [restartedMain] o.apache.catalina.core.StandardService   : Starting service [Tomcat]
2026-09-02T01:29:00.940-07:00  INFO 1340 --- [ProfileMs] [restartedMain] o.apache.catalina.core.StandardEngine    : Starting Servlet engine: [Apache Tomcat/10.1.34]
2026-09-02T01:29:01.061-07:00  INFO 1340 --- [ProfileMs] [restartedMain] o.a.c.c.C.[Tomcat].[localhost].[/]       : Initializing Spring embedded WebApplicationContext
2026-09-02T01:29:01.063-07:00  INFO 1340 --- [ProfileMs] [restartedMain] w.s.c.ServletWebServerApplicationContext : Root WebApplicationContext: initialization completed in 3881 ms
2026-09-02T01:29:01.431-07:00  INFO 1340 --- [ProfileMs] [restartedMain] o.hibernate.jpa.internal.util.LogHelper  : HHH000204: Processing PersistenceUnitInfo [name: default]
2026-09-02T01:29:01.572-07:00  INFO 1340 --- [ProfileMs] [restartedMain] org.hibernate.Version                    : HHH000412: Hibernate ORM core version 6.6.4.Final
2026-09-02T01:29:01.645-07:00  INFO 1340 --- [ProfileMs] [restartedMain] o.h.c.internal.RegionFactoryInitiator    : HHH000026: Second-level cache disabled
2026-09-02T01:29:02.348-07:00  INFO 1340 --- [ProfileMs] [restartedMain] o.s.o.j.p.SpringPersistenceUnitInfo      : No LoadTimeWeaver setup: ignoring JPA class transformer
2026-09-02T01:29:02.492-07:00  INFO 1340 --- [ProfileMs] [restartedMain] com.zaxxer.hikari.HikariDataSource       : HikariPool-1 - Starting...
2026-09-02T01:29:02.923-07:00  INFO 1340 --- [ProfileMs] [restartedMain] com.zaxxer.hikari.pool.HikariPool        : HikariPool-1 - Added connection com.mysql.cj.jdbc.ConnectionImpl@17edde2
2026-09-02T01:29:02.945-07:00  INFO 1340 --- [ProfileMs] [restartedMain] com.zaxxer.hikari.HikariDataSource       : HikariPool-1 - Start completed.
2026-09-02T01:29:03.072-07:00  WARN 1340 --- [ProfileMs] [restartedMain] org.hibernate.orm.deprecation            : HHH90000025: MySQLDialect does not need to be specified explicitly using 'hibernate.dialect' (remove the property setting and it will be selected by default)
2026-09-02T01:29:03.128-07:00  INFO 1340 --- [ProfileMs] [restartedMain] org.hibernate.orm.connections.pooling    : HHH10001005: Database info:
	Database JDBC URL [Connecting through datasource 'HikariDataSource (HikariPool-1)']
	Database driver: undefined/unknown
	Database version: 8.0.46
	Autocommit mode: undefined/unknown
	Isolation level: undefined/unknown
	Minimum pool size: undefined/unknown
	Maximum pool size: undefined/unknown
2026-09-02T01:29:04.993-07:00  INFO 1340 --- [ProfileMs] [restartedMain] o.h.e.t.j.p.i.JtaPlatformInitiator       : HHH000489: No JTA platform available (set 'hibernate.transaction.jta.platform' to enable JTA platform integration)
2026-09-02T01:29:05.103-07:00  INFO 1340 --- [ProfileMs] [restartedMain] j.LocalContainerEntityManagerFactoryBean : Initialized JPA EntityManagerFactory for persistence unit 'default'
2026-09-02T01:29:05.627-07:00  INFO 1340 --- [ProfileMs] [restartedMain] o.s.d.j.r.query.QueryEnhancerFactory     : Hibernate is in classpath; If applicable, HQL parser will be used.
2026-09-02T01:29:06.685-07:00  WARN 1340 --- [ProfileMs] [restartedMain] JpaBaseConfiguration$JpaWebConfiguration : spring.jpa.open-in-view is enabled by default. Therefore, database queries may be performed during view rendering. Explicitly configure spring.jpa.open-in-view to disable this warning
2026-09-02T01:29:07.863-07:00  WARN 1340 --- [ProfileMs] [restartedMain] o.s.b.d.a.OptionalLiveReloadServer       : Unable to start LiveReload server
2026-09-02T01:29:08.537-07:00  INFO 1340 --- [ProfileMs] [restartedMain] DiscoveryClientOptionalArgsConfiguration : Eureka HTTP Client uses RestTemplate.
2026-09-02T01:29:08.606-07:00  WARN 1340 --- [ProfileMs] [restartedMain] iguration$LoadBalancerCaffeineWarnLogger : Spring Cloud LoadBalancer is currently working with the default cache. While this cache implementation is useful for development and tests, it's recommended to use Caffeine cache in production.You can switch to using Caffeine cache, by adding it and org.springframework.cache.caffeine.CaffeineCacheManager to the classpath.
2026-09-02T01:29:08.740-07:00  INFO 1340 --- [ProfileMs] [restartedMain] o.s.c.n.eureka.InstanceInfoFactory       : Setting initial instance status as: STARTING
2026-09-02T01:29:08.795-07:00  INFO 1340 --- [ProfileMs] [restartedMain] com.netflix.discovery.DiscoveryClient    : Initializing Eureka in region us-east-1
2026-09-02T01:29:08.805-07:00  INFO 1340 --- [ProfileMs] [restartedMain] c.n.d.s.r.aws.ConfigClusterResolver      : Resolving eureka endpoints via configuration
2026-09-02T01:29:08.828-07:00  INFO 1340 --- [ProfileMs] [restartedMain] com.netflix.discovery.DiscoveryClient    : Disable delta property : false
2026-09-02T01:29:08.831-07:00  INFO 1340 --- [ProfileMs] [restartedMain] com.netflix.discovery.DiscoveryClient    : Single vip registry refresh property : null
2026-09-02T01:29:08.832-07:00  INFO 1340 --- [ProfileMs] [restartedMain] com.netflix.discovery.DiscoveryClient    : Force full registry fetch : false
2026-09-02T01:29:08.833-07:00  INFO 1340 --- [ProfileMs] [restartedMain] com.netflix.discovery.DiscoveryClient    : Application is null : false
2026-09-02T01:29:08.833-07:00  INFO 1340 --- [ProfileMs] [restartedMain] com.netflix.discovery.DiscoveryClient    : Registered Applications size is zero : true
2026-09-02T01:29:08.834-07:00  INFO 1340 --- [ProfileMs] [restartedMain] com.netflix.discovery.DiscoveryClient    : Application version is -1: true
2026-09-02T01:29:08.834-07:00  INFO 1340 --- [ProfileMs] [restartedMain] com.netflix.discovery.DiscoveryClient    : Getting all instance registry info from the eureka server
2026-09-02T01:29:09.914-07:00  INFO 1340 --- [ProfileMs] [restartedMain] com.netflix.discovery.DiscoveryClient    : The response status is 200
2026-09-02T01:29:09.919-07:00  INFO 1340 --- [ProfileMs] [restartedMain] com.netflix.discovery.DiscoveryClient    : Starting heartbeat executor: renew interval is: 30
2026-09-02T01:29:09.924-07:00  INFO 1340 --- [ProfileMs] [restartedMain] c.n.discovery.InstanceInfoReplicator     : InstanceInfoReplicator onDemand update allowed rate per min is 4
2026-09-02T01:29:09.928-07:00  INFO 1340 --- [ProfileMs] [restartedMain] com.netflix.discovery.DiscoveryClient    : Discovery Client initialized at timestamp 1788337749926 with initial instances count: 3
2026-09-02T01:29:09.935-07:00  INFO 1340 --- [ProfileMs] [restartedMain] o.s.c.n.e.s.EurekaServiceRegistry        : Registering application PROFILEMS with eureka with status UP
2026-09-02T01:29:09.937-07:00  INFO 1340 --- [ProfileMs] [restartedMain] com.netflix.discovery.DiscoveryClient    : Saw local status change event StatusChangeEvent [timestamp=1788337749937, current=UP, previous=STARTING]
2026-09-02T01:29:09.942-07:00  INFO 1340 --- [ProfileMs] [DiscoveryClient-InstanceInfoReplicator-%d] com.netflix.discovery.DiscoveryClient    : DiscoveryClient_PROFILEMS/DESKTOP-97B0AF6:ProfileMs:8081: registering service...
2026-09-02T01:29:10.006-07:00  INFO 1340 --- [ProfileMs] [DiscoveryClient-InstanceInfoReplicator-%d] com.netflix.discovery.DiscoveryClient    : DiscoveryClient_PROFILEMS/DESKTOP-97B0AF6:ProfileMs:8081 - registration status: 204
2026-09-02T01:29:10.062-07:00  INFO 1340 --- [ProfileMs] [restartedMain] o.s.c.n.e.s.EurekaServiceRegistry        : Unregistering application PROFILEMS with eureka with status DOWN
2026-09-02T01:29:10.062-07:00  INFO 1340 --- [ProfileMs] [restartedMain] com.netflix.discovery.DiscoveryClient    : Saw local status change event StatusChangeEvent [timestamp=1788337750062, current=DOWN, previous=UP]
2026-09-02T01:29:10.063-07:00  WARN 1340 --- [ProfileMs] [restartedMain] ConfigServletWebServerApplicationContext : Exception encountered during context initialization - cancelling refresh attempt: org.springframework.context.ApplicationContextException: Failed to start bean 'webServerStartStop'
2026-09-02T01:29:10.063-07:00  INFO 1340 --- [ProfileMs] [DiscoveryClient-InstanceInfoReplicator-%d] com.netflix.discovery.DiscoveryClient    : DiscoveryClient_PROFILEMS/DESKTOP-97B0AF6:ProfileMs:8081: registering service...
2026-09-02T01:29:10.072-07:00  INFO 1340 --- [ProfileMs] [DiscoveryClient-InstanceInfoReplicator-%d] com.netflix.discovery.DiscoveryClient    : DiscoveryClient_PROFILEMS/DESKTOP-97B0AF6:ProfileMs:8081 - registration status: 204
2026-09-02T01:29:10.073-07:00  INFO 1340 --- [ProfileMs] [restartedMain] j.LocalContainerEntityManagerFactoryBean : Closing JPA EntityManagerFactory for persistence unit 'default'
2026-09-02T01:29:10.079-07:00  INFO 1340 --- [ProfileMs] [restartedMain] com.zaxxer.hikari.HikariDataSource       : HikariPool-1 - Shutdown initiated...
2026-09-02T01:29:10.103-07:00  INFO 1340 --- [ProfileMs] [restartedMain] com.zaxxer.hikari.HikariDataSource       : HikariPool-1 - Shutdown completed.
2026-09-02T01:29:10.104-07:00  INFO 1340 --- [ProfileMs] [restartedMain] com.netflix.discovery.DiscoveryClient    : Shutting down DiscoveryClient ...
2026-09-02T01:29:13.118-07:00  INFO 1340 --- [ProfileMs] [restartedMain] com.netflix.discovery.DiscoveryClient    : Unregistering ...
2026-09-02T01:29:13.145-07:00  INFO 1340 --- [ProfileMs] [restartedMain] com.netflix.discovery.DiscoveryClient    : DiscoveryClient_PROFILEMS/DESKTOP-97B0AF6:ProfileMs:8081 - deregister  status: 200
2026-09-02T01:29:13.148-07:00  INFO 1340 --- [ProfileMs] [restartedMain] com.netflix.discovery.DiscoveryClient    : Completed shut down of DiscoveryClient
2026-09-02T01:29:13.214-07:00  INFO 1340 --- [ProfileMs] [restartedMain] .s.b.a.l.ConditionEvaluationReportLogger : 

Error starting ApplicationContext. To display the condition evaluation report re-run your application with 'debug' enabled.
2026-09-02T01:29:13.255-07:00 ERROR 1340 --- [ProfileMs] [restartedMain] o.s.b.d.LoggingFailureAnalysisReporter   : 

***************************
APPLICATION FAILED TO START
***************************

Description:

Web server failed to start. Port 8081 was already in use.

Action:

Identify and stop the process that's listening on port 8081 or configure this application to listen on another port.

2026-09-02T01:29:38.075-07:00  INFO 15180 --- [ProfileMs] [DiscoveryClient-HeartbeatExecutor-%d] com.netflix.discovery.DiscoveryClient    : DiscoveryClient_PROFILEMS/DESKTOP-97B0AF6:ProfileMs:8081 - Re-registering apps/PROFILEMS
2026-09-02T01:29:38.076-07:00  INFO 15180 --- [ProfileMs] [DiscoveryClient-HeartbeatExecutor-%d] com.netflix.discovery.DiscoveryClient    : DiscoveryClient_PROFILEMS/DESKTOP-97B0AF6:ProfileMs:8081: registering service...
2026-09-02T01:29:38.100-07:00  INFO 15180 --- [ProfileMs] [DiscoveryClient-HeartbeatExecutor-%d] com.netflix.discovery.DiscoveryClient    : DiscoveryClient_PROFILEMS/DESKTOP-97B0AF6:ProfileMs:8081 - registration status: 204
2026-09-02T01:32:35.294-07:00  INFO 8852 --- [ProfileMs] [restartedMain] com.hms.profile.ProfileMsApplication     : Starting ProfileMsApplication using Java 17.0.7 with PID 8852 (E:\STS-Projects\hms-backend\ProfileMs\target\classes started by KAUSAL in E:\STS-Projects\hms-backend\ProfileMs)
2026-09-02T01:32:35.312-07:00  INFO 8852 --- [ProfileMs] [restartedMain] com.hms.profile.ProfileMsApplication     : The following 1 profile is active: "--server.port=8085"
2026-09-02T01:32:35.440-07:00  INFO 8852 --- [ProfileMs] [restartedMain] .e.DevToolsPropertyDefaultsPostProcessor : Devtools property defaults active! Set 'spring.devtools.add-properties' to 'false' to disable
2026-09-02T01:32:35.440-07:00  INFO 8852 --- [ProfileMs] [restartedMain] .e.DevToolsPropertyDefaultsPostProcessor : For additional web related logging consider setting the 'logging.level.web' property to 'DEBUG'
2026-09-02T01:32:37.542-07:00  INFO 8852 --- [ProfileMs] [restartedMain] .s.d.r.c.RepositoryConfigurationDelegate : Bootstrapping Spring Data JPA repositories in DEFAULT mode.
2026-09-02T01:32:37.987-07:00  INFO 8852 --- [ProfileMs] [restartedMain] .s.d.r.c.RepositoryConfigurationDelegate : Finished Spring Data repository scanning in 417 ms. Found 2 JPA repository interfaces.
2026-09-02T01:32:38.673-07:00  INFO 8852 --- [ProfileMs] [restartedMain] o.s.cloud.context.scope.GenericScope     : BeanFactory id=96123092-2c4b-3750-8219-920c75482262
2026-09-02T01:32:39.709-07:00  INFO 8852 --- [ProfileMs] [restartedMain] o.s.b.w.embedded.tomcat.TomcatWebServer  : Tomcat initialized with port 8081 (http)
2026-09-02T01:32:39.736-07:00  INFO 8852 --- [ProfileMs] [restartedMain] o.apache.catalina.core.StandardService   : Starting service [Tomcat]
2026-09-02T01:32:39.737-07:00  INFO 8852 --- [ProfileMs] [restartedMain] o.apache.catalina.core.StandardEngine    : Starting Servlet engine: [Apache Tomcat/10.1.34]
2026-09-02T01:32:39.855-07:00  INFO 8852 --- [ProfileMs] [restartedMain] o.a.c.c.C.[Tomcat].[localhost].[/]       : Initializing Spring embedded WebApplicationContext
2026-09-02T01:32:39.856-07:00  INFO 8852 --- [ProfileMs] [restartedMain] w.s.c.ServletWebServerApplicationContext : Root WebApplicationContext: initialization completed in 4414 ms
2026-09-02T01:32:40.259-07:00  INFO 8852 --- [ProfileMs] [restartedMain] o.hibernate.jpa.internal.util.LogHelper  : HHH000204: Processing PersistenceUnitInfo [name: default]
2026-09-02T01:32:40.417-07:00  INFO 8852 --- [ProfileMs] [restartedMain] org.hibernate.Version                    : HHH000412: Hibernate ORM core version 6.6.4.Final
2026-09-02T01:32:40.498-07:00  INFO 8852 --- [ProfileMs] [restartedMain] o.h.c.internal.RegionFactoryInitiator    : HHH000026: Second-level cache disabled
2026-09-02T01:32:41.155-07:00  INFO 8852 --- [ProfileMs] [restartedMain] o.s.o.j.p.SpringPersistenceUnitInfo      : No LoadTimeWeaver setup: ignoring JPA class transformer
2026-09-02T01:32:41.221-07:00  INFO 8852 --- [ProfileMs] [restartedMain] com.zaxxer.hikari.HikariDataSource       : HikariPool-1 - Starting...
2026-09-02T01:32:41.836-07:00  INFO 8852 --- [ProfileMs] [restartedMain] com.zaxxer.hikari.pool.HikariPool        : HikariPool-1 - Added connection com.mysql.cj.jdbc.ConnectionImpl@4cd16c66
2026-09-02T01:32:41.841-07:00  INFO 8852 --- [ProfileMs] [restartedMain] com.zaxxer.hikari.HikariDataSource       : HikariPool-1 - Start completed.
2026-09-02T01:32:41.997-07:00  WARN 8852 --- [ProfileMs] [restartedMain] org.hibernate.orm.deprecation            : HHH90000025: MySQLDialect does not need to be specified explicitly using 'hibernate.dialect' (remove the property setting and it will be selected by default)
2026-09-02T01:32:42.044-07:00  INFO 8852 --- [ProfileMs] [restartedMain] org.hibernate.orm.connections.pooling    : HHH10001005: Database info:
	Database JDBC URL [Connecting through datasource 'HikariDataSource (HikariPool-1)']
	Database driver: undefined/unknown
	Database version: 8.0.46
	Autocommit mode: undefined/unknown
	Isolation level: undefined/unknown
	Minimum pool size: undefined/unknown
	Maximum pool size: undefined/unknown
2026-09-02T01:32:43.906-07:00  INFO 8852 --- [ProfileMs] [restartedMain] o.h.e.t.j.p.i.JtaPlatformInitiator       : HHH000489: No JTA platform available (set 'hibernate.transaction.jta.platform' to enable JTA platform integration)
2026-09-02T01:32:44.044-07:00  INFO 8852 --- [ProfileMs] [restartedMain] j.LocalContainerEntityManagerFactoryBean : Initialized JPA EntityManagerFactory for persistence unit 'default'
2026-09-02T01:32:44.601-07:00  INFO 8852 --- [ProfileMs] [restartedMain] o.s.d.j.r.query.QueryEnhancerFactory     : Hibernate is in classpath; If applicable, HQL parser will be used.
2026-09-02T01:32:45.914-07:00  WARN 8852 --- [ProfileMs] [restartedMain] JpaBaseConfiguration$JpaWebConfiguration : spring.jpa.open-in-view is enabled by default. Therefore, database queries may be performed during view rendering. Explicitly configure spring.jpa.open-in-view to disable this warning
2026-09-02T01:32:47.485-07:00  WARN 8852 --- [ProfileMs] [restartedMain] o.s.b.d.a.OptionalLiveReloadServer       : Unable to start LiveReload server
2026-09-02T01:32:48.176-07:00  INFO 8852 --- [ProfileMs] [restartedMain] DiscoveryClientOptionalArgsConfiguration : Eureka HTTP Client uses RestTemplate.
2026-09-02T01:32:48.259-07:00  WARN 8852 --- [ProfileMs] [restartedMain] iguration$LoadBalancerCaffeineWarnLogger : Spring Cloud LoadBalancer is currently working with the default cache. While this cache implementation is useful for development and tests, it's recommended to use Caffeine cache in production.You can switch to using Caffeine cache, by adding it and org.springframework.cache.caffeine.CaffeineCacheManager to the classpath.
2026-09-02T01:32:48.381-07:00  INFO 8852 --- [ProfileMs] [restartedMain] o.s.c.n.eureka.InstanceInfoFactory       : Setting initial instance status as: STARTING
2026-09-02T01:32:48.440-07:00  INFO 8852 --- [ProfileMs] [restartedMain] com.netflix.discovery.DiscoveryClient    : Initializing Eureka in region us-east-1
2026-09-02T01:32:48.449-07:00  INFO 8852 --- [ProfileMs] [restartedMain] c.n.d.s.r.aws.ConfigClusterResolver      : Resolving eureka endpoints via configuration
2026-09-02T01:32:48.468-07:00  INFO 8852 --- [ProfileMs] [restartedMain] com.netflix.discovery.DiscoveryClient    : Disable delta property : false
2026-09-02T01:32:48.469-07:00  INFO 8852 --- [ProfileMs] [restartedMain] com.netflix.discovery.DiscoveryClient    : Single vip registry refresh property : null
2026-09-02T01:32:48.470-07:00  INFO 8852 --- [ProfileMs] [restartedMain] com.netflix.discovery.DiscoveryClient    : Force full registry fetch : false
2026-09-02T01:32:48.470-07:00  INFO 8852 --- [ProfileMs] [restartedMain] com.netflix.discovery.DiscoveryClient    : Application is null : false
2026-09-02T01:32:48.471-07:00  INFO 8852 --- [ProfileMs] [restartedMain] com.netflix.discovery.DiscoveryClient    : Registered Applications size is zero : true
2026-09-02T01:32:48.472-07:00  INFO 8852 --- [ProfileMs] [restartedMain] com.netflix.discovery.DiscoveryClient    : Application version is -1: true
2026-09-02T01:32:48.472-07:00  INFO 8852 --- [ProfileMs] [restartedMain] com.netflix.discovery.DiscoveryClient    : Getting all instance registry info from the eureka server
2026-09-02T01:32:49.444-07:00  INFO 8852 --- [ProfileMs] [restartedMain] com.netflix.discovery.DiscoveryClient    : The response status is 200
2026-09-02T01:32:49.448-07:00  INFO 8852 --- [ProfileMs] [restartedMain] com.netflix.discovery.DiscoveryClient    : Starting heartbeat executor: renew interval is: 30
2026-09-02T01:32:49.453-07:00  INFO 8852 --- [ProfileMs] [restartedMain] c.n.discovery.InstanceInfoReplicator     : InstanceInfoReplicator onDemand update allowed rate per min is 4
2026-09-02T01:32:49.459-07:00  INFO 8852 --- [ProfileMs] [restartedMain] com.netflix.discovery.DiscoveryClient    : Discovery Client initialized at timestamp 1788337969457 with initial instances count: 3
2026-09-02T01:32:49.473-07:00  INFO 8852 --- [ProfileMs] [restartedMain] o.s.c.n.e.s.EurekaServiceRegistry        : Registering application PROFILEMS with eureka with status UP
2026-09-02T01:32:49.477-07:00  INFO 8852 --- [ProfileMs] [restartedMain] com.netflix.discovery.DiscoveryClient    : Saw local status change event StatusChangeEvent [timestamp=1788337969477, current=UP, previous=STARTING]
2026-09-02T01:32:49.482-07:00  INFO 8852 --- [ProfileMs] [DiscoveryClient-InstanceInfoReplicator-%d] com.netflix.discovery.DiscoveryClient    : DiscoveryClient_PROFILEMS/DESKTOP-97B0AF6:ProfileMs:8081: registering service...
2026-09-02T01:32:49.522-07:00  INFO 8852 --- [ProfileMs] [restartedMain] o.s.c.n.e.s.EurekaServiceRegistry        : Unregistering application PROFILEMS with eureka with status DOWN
2026-09-02T01:32:49.524-07:00  INFO 8852 --- [ProfileMs] [restartedMain] com.netflix.discovery.DiscoveryClient    : Saw local status change event StatusChangeEvent [timestamp=1788337969524, current=DOWN, previous=UP]
2026-09-02T01:32:49.526-07:00  WARN 8852 --- [ProfileMs] [restartedMain] ConfigServletWebServerApplicationContext : Exception encountered during context initialization - cancelling refresh attempt: org.springframework.context.ApplicationContextException: Failed to start bean 'webServerStartStop'
2026-09-02T01:32:49.536-07:00  INFO 8852 --- [ProfileMs] [restartedMain] j.LocalContainerEntityManagerFactoryBean : Closing JPA EntityManagerFactory for persistence unit 'default'
2026-09-02T01:32:49.544-07:00  INFO 8852 --- [ProfileMs] [restartedMain] com.zaxxer.hikari.HikariDataSource       : HikariPool-1 - Shutdown initiated...
2026-09-02T01:32:49.575-07:00  INFO 8852 --- [ProfileMs] [restartedMain] com.zaxxer.hikari.HikariDataSource       : HikariPool-1 - Shutdown completed.
2026-09-02T01:32:49.577-07:00  INFO 8852 --- [ProfileMs] [restartedMain] com.netflix.discovery.DiscoveryClient    : Shutting down DiscoveryClient ...
2026-09-02T01:32:49.579-07:00  INFO 8852 --- [ProfileMs] [DiscoveryClient-InstanceInfoReplicator-%d] com.netflix.discovery.DiscoveryClient    : DiscoveryClient_PROFILEMS/DESKTOP-97B0AF6:ProfileMs:8081 - registration status: 204
2026-09-02T01:32:49.580-07:00  INFO 8852 --- [ProfileMs] [DiscoveryClient-InstanceInfoReplicator-%d] com.netflix.discovery.DiscoveryClient    : DiscoveryClient_PROFILEMS/DESKTOP-97B0AF6:ProfileMs:8081: registering service...
2026-09-02T01:32:49.586-07:00  INFO 8852 --- [ProfileMs] [DiscoveryClient-InstanceInfoReplicator-%d] com.netflix.discovery.DiscoveryClient    : DiscoveryClient_PROFILEMS/DESKTOP-97B0AF6:ProfileMs:8081 - registration status: 204
2026-09-02T01:32:49.587-07:00  INFO 8852 --- [ProfileMs] [restartedMain] com.netflix.discovery.DiscoveryClient    : Unregistering ...
2026-09-02T01:32:49.608-07:00  INFO 8852 --- [ProfileMs] [restartedMain] com.netflix.discovery.DiscoveryClient    : DiscoveryClient_PROFILEMS/DESKTOP-97B0AF6:ProfileMs:8081 - deregister  status: 200
2026-09-02T01:32:49.609-07:00  INFO 8852 --- [ProfileMs] [restartedMain] com.netflix.discovery.DiscoveryClient    : Completed shut down of DiscoveryClient
2026-09-02T01:32:49.668-07:00  INFO 8852 --- [ProfileMs] [restartedMain] .s.b.a.l.ConditionEvaluationReportLogger : 

Error starting ApplicationContext. To display the condition evaluation report re-run your application with 'debug' enabled.
2026-09-02T01:32:49.720-07:00 ERROR 8852 --- [ProfileMs] [restartedMain] o.s.b.d.LoggingFailureAnalysisReporter   : 

***************************
APPLICATION FAILED TO START
***************************

Description:

Web server failed to start. Port 8081 was already in use.

Action:

Identify and stop the process that's listening on port 8081 or configure this application to listen on another port.

2026-09-02T01:33:08.549-07:00  INFO 15180 --- [ProfileMs] [DiscoveryClient-HeartbeatExecutor-%d] com.netflix.discovery.DiscoveryClient    : DiscoveryClient_PROFILEMS/DESKTOP-97B0AF6:ProfileMs:8081 - Re-registering apps/PROFILEMS
2026-09-02T01:33:08.574-07:00  INFO 15180 --- [ProfileMs] [DiscoveryClient-HeartbeatExecutor-%d] com.netflix.discovery.DiscoveryClient    : DiscoveryClient_PROFILEMS/DESKTOP-97B0AF6:ProfileMs:8081: registering service...
2026-09-02T01:33:08.605-07:00  INFO 15180 --- [ProfileMs] [DiscoveryClient-HeartbeatExecutor-%d] com.netflix.discovery.DiscoveryClient    : DiscoveryClient_PROFILEMS/DESKTOP-97B0AF6:ProfileMs:8081 - registration status: 204
2026-09-02T01:33:30.084-07:00  INFO 15180 --- [ProfileMs] [File Watcher] rtingClassPathChangeChangedEventListener : Restarting due to 1 class path change (0 additions, 0 deletions, 1 modification)
2026-09-02T01:33:30.414-07:00  INFO 15180 --- [ProfileMs] [Thread-7] o.s.c.n.e.s.EurekaServiceRegistry        : Unregistering application PROFILEMS with eureka with status DOWN
2026-09-02T01:33:30.415-07:00  INFO 15180 --- [ProfileMs] [Thread-7] com.netflix.discovery.DiscoveryClient    : Saw local status change event StatusChangeEvent [timestamp=1788338010415, current=DOWN, previous=UP]
2026-09-02T01:33:30.420-07:00  INFO 15180 --- [ProfileMs] [DiscoveryClient-InstanceInfoReplicator-%d] com.netflix.discovery.DiscoveryClient    : DiscoveryClient_PROFILEMS/DESKTOP-97B0AF6:ProfileMs:8081: registering service...
2026-09-02T01:33:30.464-07:00  INFO 15180 --- [ProfileMs] [DiscoveryClient-InstanceInfoReplicator-%d] com.netflix.discovery.DiscoveryClient    : DiscoveryClient_PROFILEMS/DESKTOP-97B0AF6:ProfileMs:8081 - registration status: 204
2026-09-02T01:33:31.468-07:00  INFO 15180 --- [ProfileMs] [Thread-7] o.s.b.w.e.tomcat.GracefulShutdown        : Commencing graceful shutdown. Waiting for active requests to complete
2026-09-02T01:33:31.852-07:00  INFO 15180 --- [ProfileMs] [tomcat-shutdown] o.s.b.w.e.tomcat.GracefulShutdown        : Graceful shutdown complete
2026-09-02T01:33:32.066-07:00  INFO 15180 --- [ProfileMs] [Thread-7] j.LocalContainerEntityManagerFactoryBean : Closing JPA EntityManagerFactory for persistence unit 'default'
2026-09-02T01:33:32.648-07:00  INFO 15180 --- [ProfileMs] [Thread-7] com.zaxxer.hikari.HikariDataSource       : HikariPool-2 - Shutdown initiated...
2026-09-02T01:33:33.325-07:00  INFO 15180 --- [ProfileMs] [Thread-7] com.zaxxer.hikari.HikariDataSource       : HikariPool-2 - Shutdown completed.
2026-09-02T01:33:33.338-07:00  INFO 15180 --- [ProfileMs] [Thread-7] com.netflix.discovery.DiscoveryClient    : Shutting down DiscoveryClient ...
2026-09-02T01:33:36.446-07:00  INFO 15180 --- [ProfileMs] [Thread-7] com.netflix.discovery.DiscoveryClient    : Unregistering ...
2026-09-02T01:33:36.554-07:00  INFO 15180 --- [ProfileMs] [Thread-7] com.netflix.discovery.DiscoveryClient    : DiscoveryClient_PROFILEMS/DESKTOP-97B0AF6:ProfileMs:8081 - deregister  status: 200
2026-09-02T01:33:36.557-07:00  INFO 15180 --- [ProfileMs] [Thread-7] com.netflix.discovery.DiscoveryClient    : Completed shut down of DiscoveryClient
2026-09-02T01:33:43.822-07:00  INFO 15180 --- [ProfileMs] [restartedMain] com.hms.profile.ProfileMsApplication     : Starting ProfileMsApplication using Java 17.0.7 with PID 15180 (E:\STS-Projects\hms-backend\ProfileMs\target\classes started by KAUSAL in E:\STS-Projects\hms-backend\ProfileMs)
2026-09-02T01:33:43.822-07:00  INFO 15180 --- [ProfileMs] [restartedMain] com.hms.profile.ProfileMsApplication     : No active profile set, falling back to 1 default profile: "default"
2026-09-02T01:33:45.244-07:00  INFO 15180 --- [ProfileMs] [restartedMain] .s.d.r.c.RepositoryConfigurationDelegate : Bootstrapping Spring Data JPA repositories in DEFAULT mode.
2026-09-02T01:33:45.293-07:00  INFO 15180 --- [ProfileMs] [restartedMain] .s.d.r.c.RepositoryConfigurationDelegate : Finished Spring Data repository scanning in 43 ms. Found 2 JPA repository interfaces.
2026-09-02T01:33:45.790-07:00  INFO 15180 --- [ProfileMs] [restartedMain] o.s.cloud.context.scope.GenericScope     : BeanFactory id=96123092-2c4b-3750-8219-920c75482262
2026-09-02T01:33:46.032-07:00  INFO 15180 --- [ProfileMs] [restartedMain] o.s.b.w.embedded.tomcat.TomcatWebServer  : Tomcat initialized with port 8081 (http)
2026-09-02T01:33:46.037-07:00  INFO 15180 --- [ProfileMs] [restartedMain] o.apache.catalina.core.StandardService   : Starting service [Tomcat]
2026-09-02T01:33:46.037-07:00  INFO 15180 --- [ProfileMs] [restartedMain] o.apache.catalina.core.StandardEngine    : Starting Servlet engine: [Apache Tomcat/10.1.34]
2026-09-02T01:33:46.128-07:00  INFO 15180 --- [ProfileMs] [restartedMain] o.a.c.c.C.[Tomcat].[localhost].[/]       : Initializing Spring embedded WebApplicationContext
2026-09-02T01:33:46.129-07:00  INFO 15180 --- [ProfileMs] [restartedMain] w.s.c.ServletWebServerApplicationContext : Root WebApplicationContext: initialization completed in 2297 ms
2026-09-02T01:33:46.259-07:00  INFO 15180 --- [ProfileMs] [restartedMain] o.hibernate.jpa.internal.util.LogHelper  : HHH000204: Processing PersistenceUnitInfo [name: default]
2026-09-02T01:33:46.272-07:00  INFO 15180 --- [ProfileMs] [restartedMain] o.h.c.internal.RegionFactoryInitiator    : HHH000026: Second-level cache disabled
2026-09-02T01:33:46.305-07:00  INFO 15180 --- [ProfileMs] [restartedMain] o.s.o.j.p.SpringPersistenceUnitInfo      : No LoadTimeWeaver setup: ignoring JPA class transformer
2026-09-02T01:33:46.308-07:00  INFO 15180 --- [ProfileMs] [restartedMain] com.zaxxer.hikari.HikariDataSource       : HikariPool-3 - Starting...
2026-09-02T01:33:46.447-07:00  INFO 15180 --- [ProfileMs] [restartedMain] com.zaxxer.hikari.pool.HikariPool        : HikariPool-3 - Added connection com.mysql.cj.jdbc.ConnectionImpl@3ef53faf
2026-09-02T01:33:46.448-07:00  INFO 15180 --- [ProfileMs] [restartedMain] com.zaxxer.hikari.HikariDataSource       : HikariPool-3 - Start completed.
2026-09-02T01:33:46.455-07:00  WARN 15180 --- [ProfileMs] [restartedMain] org.hibernate.orm.deprecation            : HHH90000025: MySQLDialect does not need to be specified explicitly using 'hibernate.dialect' (remove the property setting and it will be selected by default)
2026-09-02T01:33:46.456-07:00  INFO 15180 --- [ProfileMs] [restartedMain] org.hibernate.orm.connections.pooling    : HHH10001005: Database info:
	Database JDBC URL [Connecting through datasource 'HikariDataSource (HikariPool-3)']
	Database driver: undefined/unknown
	Database version: 8.0.46
	Autocommit mode: undefined/unknown
	Isolation level: undefined/unknown
	Minimum pool size: undefined/unknown
	Maximum pool size: undefined/unknown
2026-09-02T01:33:46.713-07:00  INFO 15180 --- [ProfileMs] [restartedMain] o.h.e.t.j.p.i.JtaPlatformInitiator       : HHH000489: No JTA platform available (set 'hibernate.transaction.jta.platform' to enable JTA platform integration)
2026-09-02T01:33:46.869-07:00  INFO 15180 --- [ProfileMs] [restartedMain] j.LocalContainerEntityManagerFactoryBean : Initialized JPA EntityManagerFactory for persistence unit 'default'
2026-09-02T01:33:47.179-07:00  WARN 15180 --- [ProfileMs] [restartedMain] JpaBaseConfiguration$JpaWebConfiguration : spring.jpa.open-in-view is enabled by default. Therefore, database queries may be performed during view rendering. Explicitly configure spring.jpa.open-in-view to disable this warning
2026-09-02T01:33:48.052-07:00  WARN 15180 --- [ProfileMs] [restartedMain] o.s.b.d.a.OptionalLiveReloadServer       : Unable to start LiveReload server
2026-09-02T01:33:49.239-07:00  INFO 15180 --- [ProfileMs] [restartedMain] DiscoveryClientOptionalArgsConfiguration : Eureka HTTP Client uses RestTemplate.
2026-09-02T01:33:49.313-07:00  WARN 15180 --- [ProfileMs] [restartedMain] iguration$LoadBalancerCaffeineWarnLogger : Spring Cloud LoadBalancer is currently working with the default cache. While this cache implementation is useful for development and tests, it's recommended to use Caffeine cache in production.You can switch to using Caffeine cache, by adding it and org.springframework.cache.caffeine.CaffeineCacheManager to the classpath.
2026-09-02T01:33:49.366-07:00  INFO 15180 --- [ProfileMs] [restartedMain] o.s.c.n.eureka.InstanceInfoFactory       : Setting initial instance status as: STARTING
2026-09-02T01:33:49.373-07:00  INFO 15180 --- [ProfileMs] [restartedMain] com.netflix.discovery.DiscoveryClient    : Initializing Eureka in region us-east-1
2026-09-02T01:33:49.374-07:00  INFO 15180 --- [ProfileMs] [restartedMain] c.n.d.s.r.aws.ConfigClusterResolver      : Resolving eureka endpoints via configuration
2026-09-02T01:33:49.375-07:00  INFO 15180 --- [ProfileMs] [restartedMain] com.netflix.discovery.DiscoveryClient    : Disable delta property : false
2026-09-02T01:33:49.376-07:00  INFO 15180 --- [ProfileMs] [restartedMain] com.netflix.discovery.DiscoveryClient    : Single vip registry refresh property : null
2026-09-02T01:33:49.376-07:00  INFO 15180 --- [ProfileMs] [restartedMain] com.netflix.discovery.DiscoveryClient    : Force full registry fetch : false
2026-09-02T01:33:49.376-07:00  INFO 15180 --- [ProfileMs] [restartedMain] com.netflix.discovery.DiscoveryClient    : Application is null : false
2026-09-02T01:33:49.376-07:00  INFO 15180 --- [ProfileMs] [restartedMain] com.netflix.discovery.DiscoveryClient    : Registered Applications size is zero : true
2026-09-02T01:33:49.376-07:00  INFO 15180 --- [ProfileMs] [restartedMain] com.netflix.discovery.DiscoveryClient    : Application version is -1: true
2026-09-02T01:33:49.376-07:00  INFO 15180 --- [ProfileMs] [restartedMain] com.netflix.discovery.DiscoveryClient    : Getting all instance registry info from the eureka server
2026-09-02T01:33:49.519-07:00  INFO 15180 --- [ProfileMs] [restartedMain] com.netflix.discovery.DiscoveryClient    : The response status is 200
2026-09-02T01:33:49.520-07:00  INFO 15180 --- [ProfileMs] [restartedMain] com.netflix.discovery.DiscoveryClient    : Starting heartbeat executor: renew interval is: 30
2026-09-02T01:33:49.521-07:00  INFO 15180 --- [ProfileMs] [restartedMain] c.n.discovery.InstanceInfoReplicator     : InstanceInfoReplicator onDemand update allowed rate per min is 4
2026-09-02T01:33:49.522-07:00  INFO 15180 --- [ProfileMs] [restartedMain] com.netflix.discovery.DiscoveryClient    : Discovery Client initialized at timestamp 1788338029522 with initial instances count: 3
2026-09-02T01:33:49.528-07:00  INFO 15180 --- [ProfileMs] [restartedMain] o.s.c.n.e.s.EurekaServiceRegistry        : Registering application PROFILEMS with eureka with status UP
2026-09-02T01:33:49.528-07:00  INFO 15180 --- [ProfileMs] [restartedMain] com.netflix.discovery.DiscoveryClient    : Saw local status change event StatusChangeEvent [timestamp=1788338029528, current=UP, previous=STARTING]
2026-09-02T01:33:49.528-07:00  INFO 15180 --- [ProfileMs] [DiscoveryClient-InstanceInfoReplicator-%d] com.netflix.discovery.DiscoveryClient    : DiscoveryClient_PROFILEMS/DESKTOP-97B0AF6:ProfileMs:8081: registering service...
2026-09-02T01:33:49.553-07:00  INFO 15180 --- [ProfileMs] [restartedMain] o.s.b.w.embedded.tomcat.TomcatWebServer  : Tomcat started on port 8081 (http) with context path '/'
2026-09-02T01:33:49.554-07:00  INFO 15180 --- [ProfileMs] [restartedMain] .s.c.n.e.s.EurekaAutoServiceRegistration : Updating port to 8081
2026-09-02T01:33:49.566-07:00  INFO 15180 --- [ProfileMs] [DiscoveryClient-InstanceInfoReplicator-%d] com.netflix.discovery.DiscoveryClient    : DiscoveryClient_PROFILEMS/DESKTOP-97B0AF6:ProfileMs:8081 - registration status: 204
2026-09-02T01:33:50.014-07:00  INFO 15180 --- [ProfileMs] [restartedMain] com.hms.profile.ProfileMsApplication     : Started ProfileMsApplication in 8.047 seconds (process running for 4537.28)
2026-09-02T01:33:50.021-07:00  INFO 15180 --- [ProfileMs] [restartedMain] .ConditionEvaluationDeltaLoggingListener : Condition evaluation unchanged
2026-09-02T01:34:12.878-07:00  INFO 11128 --- [ProfileMs] [restartedMain] com.hms.profile.ProfileMsApplication     : Starting ProfileMsApplication using Java 17.0.7 with PID 11128 (E:\STS-Projects\hms-backend\ProfileMs\target\classes started by KAUSAL in E:\STS-Projects\hms-backend\ProfileMs)
2026-09-02T01:34:12.883-07:00  INFO 11128 --- [ProfileMs] [restartedMain] com.hms.profile.ProfileMsApplication     : The following 1 profile is active: "--server.port=8085"
2026-09-02T01:34:13.011-07:00  INFO 11128 --- [ProfileMs] [restartedMain] .e.DevToolsPropertyDefaultsPostProcessor : Devtools property defaults active! Set 'spring.devtools.add-properties' to 'false' to disable
2026-09-02T01:34:13.012-07:00  INFO 11128 --- [ProfileMs] [restartedMain] .e.DevToolsPropertyDefaultsPostProcessor : For additional web related logging consider setting the 'logging.level.web' property to 'DEBUG'
2026-09-02T01:34:15.184-07:00  INFO 11128 --- [ProfileMs] [restartedMain] .s.d.r.c.RepositoryConfigurationDelegate : Bootstrapping Spring Data JPA repositories in DEFAULT mode.
2026-09-02T01:34:15.556-07:00  INFO 11128 --- [ProfileMs] [restartedMain] .s.d.r.c.RepositoryConfigurationDelegate : Finished Spring Data repository scanning in 339 ms. Found 2 JPA repository interfaces.
2026-09-02T01:34:16.221-07:00  INFO 11128 --- [ProfileMs] [restartedMain] o.s.cloud.context.scope.GenericScope     : BeanFactory id=96123092-2c4b-3750-8219-920c75482262
2026-09-02T01:34:17.370-07:00  INFO 11128 --- [ProfileMs] [restartedMain] o.s.b.w.embedded.tomcat.TomcatWebServer  : Tomcat initialized with port 8081 (http)
2026-09-02T01:34:17.397-07:00  INFO 11128 --- [ProfileMs] [restartedMain] o.apache.catalina.core.StandardService   : Starting service [Tomcat]
2026-09-02T01:34:17.398-07:00  INFO 11128 --- [ProfileMs] [restartedMain] o.apache.catalina.core.StandardEngine    : Starting Servlet engine: [Apache Tomcat/10.1.34]
2026-09-02T01:34:17.539-07:00  INFO 11128 --- [ProfileMs] [restartedMain] o.a.c.c.C.[Tomcat].[localhost].[/]       : Initializing Spring embedded WebApplicationContext
2026-09-02T01:34:17.540-07:00  INFO 11128 --- [ProfileMs] [restartedMain] w.s.c.ServletWebServerApplicationContext : Root WebApplicationContext: initialization completed in 4527 ms
2026-09-02T01:34:17.964-07:00  INFO 11128 --- [ProfileMs] [restartedMain] o.hibernate.jpa.internal.util.LogHelper  : HHH000204: Processing PersistenceUnitInfo [name: default]
2026-09-02T01:34:18.123-07:00  INFO 11128 --- [ProfileMs] [restartedMain] org.hibernate.Version                    : HHH000412: Hibernate ORM core version 6.6.4.Final
2026-09-02T01:34:18.206-07:00  INFO 11128 --- [ProfileMs] [restartedMain] o.h.c.internal.RegionFactoryInitiator    : HHH000026: Second-level cache disabled
2026-09-02T01:34:18.914-07:00  INFO 11128 --- [ProfileMs] [restartedMain] o.s.o.j.p.SpringPersistenceUnitInfo      : No LoadTimeWeaver setup: ignoring JPA class transformer
2026-09-02T01:34:18.996-07:00  INFO 11128 --- [ProfileMs] [restartedMain] com.zaxxer.hikari.HikariDataSource       : HikariPool-1 - Starting...
2026-09-02T01:34:19.501-07:00  INFO 11128 --- [ProfileMs] [restartedMain] com.zaxxer.hikari.pool.HikariPool        : HikariPool-1 - Added connection com.mysql.cj.jdbc.ConnectionImpl@42265fb6
2026-09-02T01:34:19.505-07:00  INFO 11128 --- [ProfileMs] [restartedMain] com.zaxxer.hikari.HikariDataSource       : HikariPool-1 - Start completed.
2026-09-02T01:34:19.671-07:00  WARN 11128 --- [ProfileMs] [restartedMain] org.hibernate.orm.deprecation            : HHH90000025: MySQLDialect does not need to be specified explicitly using 'hibernate.dialect' (remove the property setting and it will be selected by default)
2026-09-02T01:34:19.806-07:00  INFO 11128 --- [ProfileMs] [restartedMain] org.hibernate.orm.connections.pooling    : HHH10001005: Database info:
	Database JDBC URL [Connecting through datasource 'HikariDataSource (HikariPool-1)']
	Database driver: undefined/unknown
	Database version: 8.0.46
	Autocommit mode: undefined/unknown
	Isolation level: undefined/unknown
	Minimum pool size: undefined/unknown
	Maximum pool size: undefined/unknown
2026-09-02T01:34:21.812-07:00  INFO 11128 --- [ProfileMs] [restartedMain] o.h.e.t.j.p.i.JtaPlatformInitiator       : HHH000489: No JTA platform available (set 'hibernate.transaction.jta.platform' to enable JTA platform integration)
2026-09-02T01:34:21.944-07:00  INFO 11128 --- [ProfileMs] [restartedMain] j.LocalContainerEntityManagerFactoryBean : Initialized JPA EntityManagerFactory for persistence unit 'default'
2026-09-02T01:34:22.535-07:00  INFO 11128 --- [ProfileMs] [restartedMain] o.s.d.j.r.query.QueryEnhancerFactory     : Hibernate is in classpath; If applicable, HQL parser will be used.
2026-09-02T01:34:23.916-07:00  WARN 11128 --- [ProfileMs] [restartedMain] JpaBaseConfiguration$JpaWebConfiguration : spring.jpa.open-in-view is enabled by default. Therefore, database queries may be performed during view rendering. Explicitly configure spring.jpa.open-in-view to disable this warning
2026-09-02T01:34:26.923-07:00  WARN 11128 --- [ProfileMs] [restartedMain] o.s.b.d.a.OptionalLiveReloadServer       : Unable to start LiveReload server
2026-09-02T01:34:29.006-07:00  INFO 11128 --- [ProfileMs] [restartedMain] DiscoveryClientOptionalArgsConfiguration : Eureka HTTP Client uses RestTemplate.
2026-09-02T01:34:29.096-07:00  WARN 11128 --- [ProfileMs] [restartedMain] iguration$LoadBalancerCaffeineWarnLogger : Spring Cloud LoadBalancer is currently working with the default cache. While this cache implementation is useful for development and tests, it's recommended to use Caffeine cache in production.You can switch to using Caffeine cache, by adding it and org.springframework.cache.caffeine.CaffeineCacheManager to the classpath.
2026-09-02T01:34:29.219-07:00  INFO 11128 --- [ProfileMs] [restartedMain] o.s.c.n.eureka.InstanceInfoFactory       : Setting initial instance status as: STARTING
2026-09-02T01:34:29.289-07:00  INFO 11128 --- [ProfileMs] [restartedMain] com.netflix.discovery.DiscoveryClient    : Initializing Eureka in region us-east-1
2026-09-02T01:34:29.299-07:00  INFO 11128 --- [ProfileMs] [restartedMain] c.n.d.s.r.aws.ConfigClusterResolver      : Resolving eureka endpoints via configuration
2026-09-02T01:34:29.323-07:00  INFO 11128 --- [ProfileMs] [restartedMain] com.netflix.discovery.DiscoveryClient    : Disable delta property : false
2026-09-02T01:34:29.324-07:00  INFO 11128 --- [ProfileMs] [restartedMain] com.netflix.discovery.DiscoveryClient    : Single vip registry refresh property : null
2026-09-02T01:34:29.324-07:00  INFO 11128 --- [ProfileMs] [restartedMain] com.netflix.discovery.DiscoveryClient    : Force full registry fetch : false
2026-09-02T01:34:29.324-07:00  INFO 11128 --- [ProfileMs] [restartedMain] com.netflix.discovery.DiscoveryClient    : Application is null : false
2026-09-02T01:34:29.325-07:00  INFO 11128 --- [ProfileMs] [restartedMain] com.netflix.discovery.DiscoveryClient    : Registered Applications size is zero : true
2026-09-02T01:34:29.325-07:00  INFO 11128 --- [ProfileMs] [restartedMain] com.netflix.discovery.DiscoveryClient    : Application version is -1: true
2026-09-02T01:34:29.325-07:00  INFO 11128 --- [ProfileMs] [restartedMain] com.netflix.discovery.DiscoveryClient    : Getting all instance registry info from the eureka server
2026-09-02T01:34:30.504-07:00  INFO 11128 --- [ProfileMs] [restartedMain] com.netflix.discovery.DiscoveryClient    : The response status is 200
2026-09-02T01:34:30.509-07:00  INFO 11128 --- [ProfileMs] [restartedMain] com.netflix.discovery.DiscoveryClient    : Starting heartbeat executor: renew interval is: 30
2026-09-02T01:34:30.514-07:00  INFO 11128 --- [ProfileMs] [restartedMain] c.n.discovery.InstanceInfoReplicator     : InstanceInfoReplicator onDemand update allowed rate per min is 4
2026-09-02T01:34:30.519-07:00  INFO 11128 --- [ProfileMs] [restartedMain] com.netflix.discovery.DiscoveryClient    : Discovery Client initialized at timestamp 1788338070517 with initial instances count: 3
2026-09-02T01:34:30.528-07:00  INFO 11128 --- [ProfileMs] [restartedMain] o.s.c.n.e.s.EurekaServiceRegistry        : Registering application PROFILEMS with eureka with status UP
2026-09-02T01:34:30.529-07:00  INFO 11128 --- [ProfileMs] [restartedMain] com.netflix.discovery.DiscoveryClient    : Saw local status change event StatusChangeEvent [timestamp=1788338070529, current=UP, previous=STARTING]
2026-09-02T01:34:30.534-07:00  INFO 11128 --- [ProfileMs] [DiscoveryClient-InstanceInfoReplicator-%d] com.netflix.discovery.DiscoveryClient    : DiscoveryClient_PROFILEMS/DESKTOP-97B0AF6:ProfileMs:8081: registering service...
2026-09-02T01:34:30.616-07:00  INFO 11128 --- [ProfileMs] [DiscoveryClient-InstanceInfoReplicator-%d] com.netflix.discovery.DiscoveryClient    : DiscoveryClient_PROFILEMS/DESKTOP-97B0AF6:ProfileMs:8081 - registration status: 204
2026-09-02T01:34:30.684-07:00  INFO 11128 --- [ProfileMs] [restartedMain] o.s.c.n.e.s.EurekaServiceRegistry        : Unregistering application PROFILEMS with eureka with status DOWN
2026-09-02T01:34:30.685-07:00  INFO 11128 --- [ProfileMs] [restartedMain] com.netflix.discovery.DiscoveryClient    : Saw local status change event StatusChangeEvent [timestamp=1788338070685, current=DOWN, previous=UP]
2026-09-02T01:34:30.686-07:00  INFO 11128 --- [ProfileMs] [DiscoveryClient-InstanceInfoReplicator-%d] com.netflix.discovery.DiscoveryClient    : DiscoveryClient_PROFILEMS/DESKTOP-97B0AF6:ProfileMs:8081: registering service...
2026-09-02T01:34:30.686-07:00  WARN 11128 --- [ProfileMs] [restartedMain] ConfigServletWebServerApplicationContext : Exception encountered during context initialization - cancelling refresh attempt: org.springframework.context.ApplicationContextException: Failed to start bean 'webServerStartStop'
2026-09-02T01:34:30.695-07:00  INFO 11128 --- [ProfileMs] [DiscoveryClient-InstanceInfoReplicator-%d] com.netflix.discovery.DiscoveryClient    : DiscoveryClient_PROFILEMS/DESKTOP-97B0AF6:ProfileMs:8081 - registration status: 204
2026-09-02T01:34:30.710-07:00  INFO 11128 --- [ProfileMs] [restartedMain] j.LocalContainerEntityManagerFactoryBean : Closing JPA EntityManagerFactory for persistence unit 'default'
2026-09-02T01:34:30.717-07:00  INFO 11128 --- [ProfileMs] [restartedMain] com.zaxxer.hikari.HikariDataSource       : HikariPool-1 - Shutdown initiated...
2026-09-02T01:34:30.741-07:00  INFO 11128 --- [ProfileMs] [restartedMain] com.zaxxer.hikari.HikariDataSource       : HikariPool-1 - Shutdown completed.
2026-09-02T01:34:30.743-07:00  INFO 11128 --- [ProfileMs] [restartedMain] com.netflix.discovery.DiscoveryClient    : Shutting down DiscoveryClient ...
2026-09-02T01:34:33.746-07:00  INFO 11128 --- [ProfileMs] [restartedMain] com.netflix.discovery.DiscoveryClient    : Unregistering ...
2026-09-02T01:34:33.774-07:00  INFO 11128 --- [ProfileMs] [restartedMain] com.netflix.discovery.DiscoveryClient    : DiscoveryClient_PROFILEMS/DESKTOP-97B0AF6:ProfileMs:8081 - deregister  status: 200
2026-09-02T01:34:33.775-07:00  INFO 11128 --- [ProfileMs] [restartedMain] com.netflix.discovery.DiscoveryClient    : Completed shut down of DiscoveryClient
2026-09-02T01:34:33.844-07:00  INFO 11128 --- [ProfileMs] [restartedMain] .s.b.a.l.ConditionEvaluationReportLogger : 

Error starting ApplicationContext. To display the condition evaluation report re-run your application with 'debug' enabled.
2026-09-02T01:34:33.897-07:00 ERROR 11128 --- [ProfileMs] [restartedMain] o.s.b.d.LoggingFailureAnalysisReporter   : 

***************************
APPLICATION FAILED TO START
***************************

Description:

Web server failed to start. Port 8081 was already in use.

Action:

Identify and stop the process that's listening on port 8081 or configure this application to listen on another port.

2026-09-02T01:34:49.756-07:00  INFO 15180 --- [ProfileMs] [DiscoveryClient-HeartbeatExecutor-%d] com.netflix.discovery.DiscoveryClient    : DiscoveryClient_PROFILEMS/DESKTOP-97B0AF6:ProfileMs:8081 - Re-registering apps/PROFILEMS
2026-09-02T01:34:49.758-07:00  INFO 15180 --- [ProfileMs] [DiscoveryClient-HeartbeatExecutor-%d] com.netflix.discovery.DiscoveryClient    : DiscoveryClient_PROFILEMS/DESKTOP-97B0AF6:ProfileMs:8081: registering service...
2026-09-02T01:34:49.766-07:00  INFO 15180 --- [ProfileMs] [DiscoveryClient-HeartbeatExecutor-%d] com.netflix.discovery.DiscoveryClient    : DiscoveryClient_PROFILEMS/DESKTOP-97B0AF6:ProfileMs:8081 - registration status: 204
2026-09-02T01:37:15.836-07:00  INFO 11700 --- [ProfileMs] [restartedMain] com.hms.profile.ProfileMsApplication     : Starting ProfileMsApplication using Java 17.0.7 with PID 11700 (E:\STS-Projects\hms-backend\ProfileMs\target\classes started by KAUSAL in E:\STS-Projects\hms-backend\ProfileMs)
2026-09-02T01:37:15.842-07:00  INFO 11700 --- [ProfileMs] [restartedMain] com.hms.profile.ProfileMsApplication     : The following 1 profile is active: "--server.port=8086"
2026-09-02T01:37:15.961-07:00  INFO 11700 --- [ProfileMs] [restartedMain] .e.DevToolsPropertyDefaultsPostProcessor : Devtools property defaults active! Set 'spring.devtools.add-properties' to 'false' to disable
2026-09-02T01:37:15.962-07:00  INFO 11700 --- [ProfileMs] [restartedMain] .e.DevToolsPropertyDefaultsPostProcessor : For additional web related logging consider setting the 'logging.level.web' property to 'DEBUG'
2026-09-02T01:37:17.954-07:00  INFO 11700 --- [ProfileMs] [restartedMain] .s.d.r.c.RepositoryConfigurationDelegate : Bootstrapping Spring Data JPA repositories in DEFAULT mode.
2026-09-02T01:37:18.360-07:00  INFO 11700 --- [ProfileMs] [restartedMain] .s.d.r.c.RepositoryConfigurationDelegate : Finished Spring Data repository scanning in 383 ms. Found 2 JPA repository interfaces.
2026-09-02T01:37:19.167-07:00  INFO 11700 --- [ProfileMs] [restartedMain] o.s.cloud.context.scope.GenericScope     : BeanFactory id=96123092-2c4b-3750-8219-920c75482262
2026-09-02T01:37:20.269-07:00  INFO 11700 --- [ProfileMs] [restartedMain] o.s.b.w.embedded.tomcat.TomcatWebServer  : Tomcat initialized with port 8081 (http)
2026-09-02T01:37:20.299-07:00  INFO 11700 --- [ProfileMs] [restartedMain] o.apache.catalina.core.StandardService   : Starting service [Tomcat]
2026-09-02T01:37:20.299-07:00  INFO 11700 --- [ProfileMs] [restartedMain] o.apache.catalina.core.StandardEngine    : Starting Servlet engine: [Apache Tomcat/10.1.34]
2026-09-02T01:37:20.457-07:00  INFO 11700 --- [ProfileMs] [restartedMain] o.a.c.c.C.[Tomcat].[localhost].[/]       : Initializing Spring embedded WebApplicationContext
2026-09-02T01:37:20.459-07:00  INFO 11700 --- [ProfileMs] [restartedMain] w.s.c.ServletWebServerApplicationContext : Root WebApplicationContext: initialization completed in 4495 ms
2026-09-02T01:37:20.891-07:00  INFO 11700 --- [ProfileMs] [restartedMain] o.hibernate.jpa.internal.util.LogHelper  : HHH000204: Processing PersistenceUnitInfo [name: default]
2026-09-02T01:37:21.043-07:00  INFO 11700 --- [ProfileMs] [restartedMain] org.hibernate.Version                    : HHH000412: Hibernate ORM core version 6.6.4.Final
2026-09-02T01:37:21.132-07:00  INFO 11700 --- [ProfileMs] [restartedMain] o.h.c.internal.RegionFactoryInitiator    : HHH000026: Second-level cache disabled
2026-09-02T01:37:21.822-07:00  INFO 11700 --- [ProfileMs] [restartedMain] o.s.o.j.p.SpringPersistenceUnitInfo      : No LoadTimeWeaver setup: ignoring JPA class transformer
2026-09-02T01:37:21.897-07:00  INFO 11700 --- [ProfileMs] [restartedMain] com.zaxxer.hikari.HikariDataSource       : HikariPool-1 - Starting...
2026-09-02T01:37:22.385-07:00  INFO 11700 --- [ProfileMs] [restartedMain] com.zaxxer.hikari.pool.HikariPool        : HikariPool-1 - Added connection com.mysql.cj.jdbc.ConnectionImpl@3f0f4bd7
2026-09-02T01:37:22.390-07:00  INFO 11700 --- [ProfileMs] [restartedMain] com.zaxxer.hikari.HikariDataSource       : HikariPool-1 - Start completed.
2026-09-02T01:37:22.531-07:00  WARN 11700 --- [ProfileMs] [restartedMain] org.hibernate.orm.deprecation            : HHH90000025: MySQLDialect does not need to be specified explicitly using 'hibernate.dialect' (remove the property setting and it will be selected by default)
2026-09-02T01:37:22.593-07:00  INFO 11700 --- [ProfileMs] [restartedMain] org.hibernate.orm.connections.pooling    : HHH10001005: Database info:
	Database JDBC URL [Connecting through datasource 'HikariDataSource (HikariPool-1)']
	Database driver: undefined/unknown
	Database version: 8.0.46
	Autocommit mode: undefined/unknown
	Isolation level: undefined/unknown
	Minimum pool size: undefined/unknown
	Maximum pool size: undefined/unknown
2026-09-02T01:37:28.022-07:00  INFO 11700 --- [ProfileMs] [restartedMain] o.h.e.t.j.p.i.JtaPlatformInitiator       : HHH000489: No JTA platform available (set 'hibernate.transaction.jta.platform' to enable JTA platform integration)
2026-09-02T01:37:28.279-07:00  INFO 11700 --- [ProfileMs] [restartedMain] j.LocalContainerEntityManagerFactoryBean : Initialized JPA EntityManagerFactory for persistence unit 'default'
2026-09-02T01:37:28.835-07:00  INFO 11700 --- [ProfileMs] [restartedMain] o.s.d.j.r.query.QueryEnhancerFactory     : Hibernate is in classpath; If applicable, HQL parser will be used.
2026-09-02T01:37:30.265-07:00  WARN 11700 --- [ProfileMs] [restartedMain] JpaBaseConfiguration$JpaWebConfiguration : spring.jpa.open-in-view is enabled by default. Therefore, database queries may be performed during view rendering. Explicitly configure spring.jpa.open-in-view to disable this warning
2026-09-02T01:37:31.397-07:00  WARN 11700 --- [ProfileMs] [restartedMain] o.s.b.d.a.OptionalLiveReloadServer       : Unable to start LiveReload server
2026-09-02T01:37:31.998-07:00  INFO 11700 --- [ProfileMs] [restartedMain] DiscoveryClientOptionalArgsConfiguration : Eureka HTTP Client uses RestTemplate.
2026-09-02T01:37:32.073-07:00  WARN 11700 --- [ProfileMs] [restartedMain] iguration$LoadBalancerCaffeineWarnLogger : Spring Cloud LoadBalancer is currently working with the default cache. While this cache implementation is useful for development and tests, it's recommended to use Caffeine cache in production.You can switch to using Caffeine cache, by adding it and org.springframework.cache.caffeine.CaffeineCacheManager to the classpath.
2026-09-02T01:37:32.203-07:00  INFO 11700 --- [ProfileMs] [restartedMain] o.s.c.n.eureka.InstanceInfoFactory       : Setting initial instance status as: STARTING
2026-09-02T01:37:32.264-07:00  INFO 11700 --- [ProfileMs] [restartedMain] com.netflix.discovery.DiscoveryClient    : Initializing Eureka in region us-east-1
2026-09-02T01:37:32.273-07:00  INFO 11700 --- [ProfileMs] [restartedMain] c.n.d.s.r.aws.ConfigClusterResolver      : Resolving eureka endpoints via configuration
2026-09-02T01:37:32.297-07:00  INFO 11700 --- [ProfileMs] [restartedMain] com.netflix.discovery.DiscoveryClient    : Disable delta property : false
2026-09-02T01:37:32.298-07:00  INFO 11700 --- [ProfileMs] [restartedMain] com.netflix.discovery.DiscoveryClient    : Single vip registry refresh property : null
2026-09-02T01:37:32.299-07:00  INFO 11700 --- [ProfileMs] [restartedMain] com.netflix.discovery.DiscoveryClient    : Force full registry fetch : false
2026-09-02T01:37:32.299-07:00  INFO 11700 --- [ProfileMs] [restartedMain] com.netflix.discovery.DiscoveryClient    : Application is null : false
2026-09-02T01:37:32.299-07:00  INFO 11700 --- [ProfileMs] [restartedMain] com.netflix.discovery.DiscoveryClient    : Registered Applications size is zero : true
2026-09-02T01:37:32.300-07:00  INFO 11700 --- [ProfileMs] [restartedMain] com.netflix.discovery.DiscoveryClient    : Application version is -1: true
2026-09-02T01:37:32.300-07:00  INFO 11700 --- [ProfileMs] [restartedMain] com.netflix.discovery.DiscoveryClient    : Getting all instance registry info from the eureka server
2026-09-02T01:37:33.247-07:00  INFO 11700 --- [ProfileMs] [restartedMain] com.netflix.discovery.DiscoveryClient    : The response status is 200
2026-09-02T01:37:33.253-07:00  INFO 11700 --- [ProfileMs] [restartedMain] com.netflix.discovery.DiscoveryClient    : Starting heartbeat executor: renew interval is: 30
2026-09-02T01:37:33.258-07:00  INFO 11700 --- [ProfileMs] [restartedMain] c.n.discovery.InstanceInfoReplicator     : InstanceInfoReplicator onDemand update allowed rate per min is 4
2026-09-02T01:37:33.263-07:00  INFO 11700 --- [ProfileMs] [restartedMain] com.netflix.discovery.DiscoveryClient    : Discovery Client initialized at timestamp 1788338253261 with initial instances count: 3
2026-09-02T01:37:33.270-07:00  INFO 11700 --- [ProfileMs] [restartedMain] o.s.c.n.e.s.EurekaServiceRegistry        : Registering application PROFILEMS with eureka with status UP
2026-09-02T01:37:33.272-07:00  INFO 11700 --- [ProfileMs] [restartedMain] com.netflix.discovery.DiscoveryClient    : Saw local status change event StatusChangeEvent [timestamp=1788338253272, current=UP, previous=STARTING]
2026-09-02T01:37:33.276-07:00  INFO 11700 --- [ProfileMs] [DiscoveryClient-InstanceInfoReplicator-%d] com.netflix.discovery.DiscoveryClient    : DiscoveryClient_PROFILEMS/DESKTOP-97B0AF6:ProfileMs:8081: registering service...
2026-09-02T01:37:33.306-07:00  INFO 11700 --- [ProfileMs] [restartedMain] o.s.c.n.e.s.EurekaServiceRegistry        : Unregistering application PROFILEMS with eureka with status DOWN
2026-09-02T01:37:33.307-07:00  INFO 11700 --- [ProfileMs] [restartedMain] com.netflix.discovery.DiscoveryClient    : Saw local status change event StatusChangeEvent [timestamp=1788338253307, current=DOWN, previous=UP]
2026-09-02T01:37:33.310-07:00  WARN 11700 --- [ProfileMs] [restartedMain] ConfigServletWebServerApplicationContext : Exception encountered during context initialization - cancelling refresh attempt: org.springframework.context.ApplicationContextException: Failed to start bean 'webServerStartStop'
2026-09-02T01:37:33.320-07:00  INFO 11700 --- [ProfileMs] [restartedMain] j.LocalContainerEntityManagerFactoryBean : Closing JPA EntityManagerFactory for persistence unit 'default'
2026-09-02T01:37:33.328-07:00  INFO 11700 --- [ProfileMs] [restartedMain] com.zaxxer.hikari.HikariDataSource       : HikariPool-1 - Shutdown initiated...
2026-09-02T01:37:33.351-07:00  INFO 11700 --- [ProfileMs] [restartedMain] com.zaxxer.hikari.HikariDataSource       : HikariPool-1 - Shutdown completed.
2026-09-02T01:37:33.353-07:00  INFO 11700 --- [ProfileMs] [restartedMain] com.netflix.discovery.DiscoveryClient    : Shutting down DiscoveryClient ...
2026-09-02T01:37:33.430-07:00  INFO 11700 --- [ProfileMs] [DiscoveryClient-InstanceInfoReplicator-%d] com.netflix.discovery.DiscoveryClient    : DiscoveryClient_PROFILEMS/DESKTOP-97B0AF6:ProfileMs:8081 - registration status: 204
2026-09-02T01:37:33.431-07:00  INFO 11700 --- [ProfileMs] [DiscoveryClient-InstanceInfoReplicator-%d] com.netflix.discovery.DiscoveryClient    : DiscoveryClient_PROFILEMS/DESKTOP-97B0AF6:ProfileMs:8081: registering service...
2026-09-02T01:37:33.439-07:00  INFO 11700 --- [ProfileMs] [DiscoveryClient-InstanceInfoReplicator-%d] com.netflix.discovery.DiscoveryClient    : DiscoveryClient_PROFILEMS/DESKTOP-97B0AF6:ProfileMs:8081 - registration status: 204
2026-09-02T01:37:33.440-07:00  INFO 11700 --- [ProfileMs] [restartedMain] com.netflix.discovery.DiscoveryClient    : Unregistering ...
2026-09-02T01:37:33.448-07:00  INFO 11700 --- [ProfileMs] [restartedMain] com.netflix.discovery.DiscoveryClient    : DiscoveryClient_PROFILEMS/DESKTOP-97B0AF6:ProfileMs:8081 - deregister  status: 200
2026-09-02T01:37:33.449-07:00  INFO 11700 --- [ProfileMs] [restartedMain] com.netflix.discovery.DiscoveryClient    : Completed shut down of DiscoveryClient
2026-09-02T01:37:33.527-07:00  INFO 11700 --- [ProfileMs] [restartedMain] .s.b.a.l.ConditionEvaluationReportLogger : 

Error starting ApplicationContext. To display the condition evaluation report re-run your application with 'debug' enabled.
2026-09-02T01:37:33.571-07:00 ERROR 11700 --- [ProfileMs] [restartedMain] o.s.b.d.LoggingFailureAnalysisReporter   : 

***************************
APPLICATION FAILED TO START
***************************

Description:

Web server failed to start. Port 8081 was already in use.

Action:

Identify and stop the process that's listening on port 8081 or configure this application to listen on another port.

2026-09-02T01:37:49.828-07:00  INFO 15180 --- [ProfileMs] [DiscoveryClient-HeartbeatExecutor-%d] com.netflix.discovery.DiscoveryClient    : DiscoveryClient_PROFILEMS/DESKTOP-97B0AF6:ProfileMs:8081 - Re-registering apps/PROFILEMS
2026-09-02T01:37:49.840-07:00  INFO 15180 --- [ProfileMs] [DiscoveryClient-HeartbeatExecutor-%d] com.netflix.discovery.DiscoveryClient    : DiscoveryClient_PROFILEMS/DESKTOP-97B0AF6:ProfileMs:8081: registering service...
2026-09-02T01:37:49.864-07:00  INFO 15180 --- [ProfileMs] [DiscoveryClient-HeartbeatExecutor-%d] com.netflix.discovery.DiscoveryClient    : DiscoveryClient_PROFILEMS/DESKTOP-97B0AF6:ProfileMs:8081 - registration status: 204
2026-09-02T01:38:07.516-07:00  INFO 15180 --- [ProfileMs] [RMI TCP Connection(111)-127.0.0.1] inMXBeanRegistrar$SpringApplicationAdmin : Application shutdown requested.
2026-09-02T01:38:07.577-07:00  INFO 15180 --- [ProfileMs] [RMI TCP Connection(111)-127.0.0.1] o.s.c.n.e.s.EurekaServiceRegistry        : Unregistering application PROFILEMS with eureka with status DOWN
2026-09-02T01:38:07.578-07:00  INFO 15180 --- [ProfileMs] [RMI TCP Connection(111)-127.0.0.1] com.netflix.discovery.DiscoveryClient    : Saw local status change event StatusChangeEvent [timestamp=1788338287578, current=DOWN, previous=UP]
2026-09-02T01:38:07.578-07:00  INFO 15180 --- [ProfileMs] [DiscoveryClient-InstanceInfoReplicator-%d] com.netflix.discovery.DiscoveryClient    : DiscoveryClient_PROFILEMS/DESKTOP-97B0AF6:ProfileMs:8081: registering service...
2026-09-02T01:38:07.647-07:00  INFO 15180 --- [ProfileMs] [RMI TCP Connection(111)-127.0.0.1] o.s.b.w.e.tomcat.GracefulShutdown        : Commencing graceful shutdown. Waiting for active requests to complete
2026-09-02T01:38:07.747-07:00  INFO 15180 --- [ProfileMs] [tomcat-shutdown] o.s.b.w.e.tomcat.GracefulShutdown        : Graceful shutdown complete
2026-09-02T01:38:07.776-07:00  INFO 15180 --- [ProfileMs] [RMI TCP Connection(111)-127.0.0.1] j.LocalContainerEntityManagerFactoryBean : Closing JPA EntityManagerFactory for persistence unit 'default'
2026-09-02T01:38:07.813-07:00  INFO 15180 --- [ProfileMs] [RMI TCP Connection(111)-127.0.0.1] com.zaxxer.hikari.HikariDataSource       : HikariPool-3 - Shutdown initiated...
2026-09-02T01:38:07.833-07:00  INFO 15180 --- [ProfileMs] [RMI TCP Connection(111)-127.0.0.1] com.zaxxer.hikari.HikariDataSource       : HikariPool-3 - Shutdown completed.
2026-09-02T01:38:07.836-07:00  INFO 15180 --- [ProfileMs] [RMI TCP Connection(111)-127.0.0.1] com.netflix.discovery.DiscoveryClient    : Shutting down DiscoveryClient ...
2026-09-02T01:38:07.854-07:00  INFO 15180 --- [ProfileMs] [DiscoveryClient-InstanceInfoReplicator-%d] c.n.d.s.t.d.RedirectingEurekaHttpClient  : Request execution error. endpoint=DefaultEndpoint{ serviceUrl='http://localhost:8761/eureka/} exception=I/O error on POST request for "http://localhost:8761/eureka/apps/PROFILEMS": Connect to http://localhost:8761 [localhost/127.0.0.1, localhost/0:0:0:0:0:0:0:1] failed: Connection refused: no further information stacktrace=org.springframework.web.client.ResourceAccessException: I/O error on POST request for "http://localhost:8761/eureka/apps/PROFILEMS": Connect to http://localhost:8761 [localhost/127.0.0.1, localhost/0:0:0:0:0:0:0:1] failed: Connection refused: no further information
	at org.springframework.web.client.RestTemplate.createResourceAccessException(RestTemplate.java:926)
	at org.springframework.web.client.RestTemplate.doExecute(RestTemplate.java:906)
	at org.springframework.web.client.RestTemplate.execute(RestTemplate.java:841)
	at org.springframework.web.client.RestTemplate.exchange(RestTemplate.java:702)
	at org.springframework.cloud.netflix.eureka.http.RestTemplateEurekaHttpClient.register(RestTemplateEurekaHttpClient.java:87)
	at com.netflix.discovery.shared.transport.decorator.EurekaHttpClientDecorator$1.execute(EurekaHttpClientDecorator.java:59)
	at com.netflix.discovery.shared.transport.decorator.RedirectingEurekaHttpClient.execute(RedirectingEurekaHttpClient.java:91)
	at com.netflix.discovery.shared.transport.decorator.EurekaHttpClientDecorator.register(EurekaHttpClientDecorator.java:56)
	at com.netflix.discovery.shared.transport.decorator.EurekaHttpClientDecorator$1.execute(EurekaHttpClientDecorator.java:59)
	at com.netflix.discovery.shared.transport.decorator.RetryableEurekaHttpClient.execute(RetryableEurekaHttpClient.java:120)
	at com.netflix.discovery.shared.transport.decorator.EurekaHttpClientDecorator.register(EurekaHttpClientDecorator.java:56)
	at com.netflix.discovery.shared.transport.decorator.EurekaHttpClientDecorator$1.execute(EurekaHttpClientDecorator.java:59)
	at com.netflix.discovery.shared.transport.decorator.SessionedEurekaHttpClient.execute(SessionedEurekaHttpClient.java:76)
	at com.netflix.discovery.shared.transport.decorator.EurekaHttpClientDecorator.register(EurekaHttpClientDecorator.java:56)
	at com.netflix.discovery.DiscoveryClient.register(DiscoveryClient.java:828)
	at com.netflix.discovery.InstanceInfoReplicator.run(InstanceInfoReplicator.java:125)
	at com.netflix.discovery.InstanceInfoReplicator$2.run(InstanceInfoReplicator.java:105)
	at java.base/java.util.concurrent.Executors$RunnableAdapter.call(Executors.java:539)
	at java.base/java.util.concurrent.FutureTask.run(FutureTask.java:264)
	at java.base/java.util.concurrent.ScheduledThreadPoolExecutor$ScheduledFutureTask.run(ScheduledThreadPoolExecutor.java:304)
	at java.base/java.util.concurrent.ThreadPoolExecutor.runWorker(ThreadPoolExecutor.java:1136)
	at java.base/java.util.concurrent.ThreadPoolExecutor$Worker.run(ThreadPoolExecutor.java:635)
	at java.base/java.lang.Thread.run(Thread.java:833)
Caused by: org.apache.hc.client5.http.HttpHostConnectException: Connect to http://localhost:8761 [localhost/127.0.0.1, localhost/0:0:0:0:0:0:0:1] failed: Connection refused: no further information
	at java.base/sun.nio.ch.Net.pollConnect(Native Method)
	at java.base/sun.nio.ch.Net.pollConnectNow(Net.java:672)
	at java.base/sun.nio.ch.NioSocketImpl.timedFinishConnect(NioSocketImpl.java:542)
	at java.base/sun.nio.ch.NioSocketImpl.connect(NioSocketImpl.java:597)
	at java.base/java.net.SocksSocketImpl.connect(SocksSocketImpl.java:327)
	at java.base/java.net.Socket.connect(Socket.java:633)
	at org.apache.hc.client5.http.impl.io.DefaultHttpClientConnectionOperator.connect(DefaultHttpClientConnectionOperator.java:216)
	at org.apache.hc.client5.http.impl.io.PoolingHttpClientConnectionManager.connect(PoolingHttpClientConnectionManager.java:490)
	at org.apache.hc.client5.http.impl.classic.InternalExecRuntime.connectEndpoint(InternalExecRuntime.java:164)
	at org.apache.hc.client5.http.impl.classic.InternalExecRuntime.connectEndpoint(InternalExecRuntime.java:174)
	at org.apache.hc.client5.http.impl.classic.ConnectExec.execute(ConnectExec.java:144)
	at org.apache.hc.client5.http.impl.classic.ExecChainElement.execute(ExecChainElement.java:51)
	at org.apache.hc.client5.http.impl.classic.ProtocolExec.execute(ProtocolExec.java:192)
	at org.apache.hc.client5.http.impl.classic.ExecChainElement.execute(ExecChainElement.java:51)
	at org.apache.hc.client5.http.impl.classic.ContentCompressionExec.execute(ContentCompressionExec.java:150)
	at org.apache.hc.client5.http.impl.classic.ExecChainElement.execute(ExecChainElement.java:51)
	at org.apache.hc.client5.http.impl.classic.HttpRequestRetryExec.execute(HttpRequestRetryExec.java:113)
	at org.apache.hc.client5.http.impl.classic.ExecChainElement.execute(ExecChainElement.java:51)
	at org.apache.hc.client5.http.impl.classic.RedirectExec.execute(RedirectExec.java:110)
	at org.apache.hc.client5.http.impl.classic.ExecChainElement.execute(ExecChainElement.java:51)
	at org.apache.hc.client5.http.impl.classic.InternalHttpClient.doExecute(InternalHttpClient.java:174)
	at org.apache.hc.client5.http.impl.classic.CloseableHttpClient.execute(CloseableHttpClient.java:87)
	at org.apache.hc.client5.http.impl.classic.CloseableHttpClient.execute(CloseableHttpClient.java:55)
	at org.apache.hc.client5.http.classic.HttpClient.executeOpen(HttpClient.java:183)
	at org.springframework.http.client.HttpComponentsClientHttpRequest.executeInternal(HttpComponentsClientHttpRequest.java:99)
	at org.springframework.http.client.AbstractStreamingClientHttpRequest.executeInternal(AbstractStreamingClientHttpRequest.java:71)
	at org.springframework.http.client.AbstractClientHttpRequest.execute(AbstractClientHttpRequest.java:81)
	at org.springframework.http.client.InterceptingClientHttpRequest$InterceptingRequestExecution.execute(InterceptingClientHttpRequest.java:117)
	at org.springframework.cloud.netflix.eureka.http.RestTemplateTransportClientFactory.lambda$restTemplate$3(RestTemplateTransportClientFactory.java:141)
	at org.springframework.http.client.InterceptingClientHttpRequest$InterceptingRequestExecution.execute(InterceptingClientHttpRequest.java:88)
	at org.springframework.http.client.InterceptingClientHttpRequest.executeInternal(InterceptingClientHttpRequest.java:72)
	at org.springframework.http.client.AbstractBufferingClientHttpRequest.executeInternal(AbstractBufferingClientHttpRequest.java:48)
	at org.springframework.http.client.AbstractClientHttpRequest.execute(AbstractClientHttpRequest.java:81)
	at org.springframework.web.client.RestTemplate.doExecute(RestTemplate.java:900)
	... 21 more

2026-09-02T01:38:07.854-07:00  WARN 15180 --- [ProfileMs] [DiscoveryClient-InstanceInfoReplicator-%d] c.n.d.s.t.d.RetryableEurekaHttpClient    : Request execution failed with message: I/O error on POST request for "http://localhost:8761/eureka/apps/PROFILEMS": Connect to http://localhost:8761 [localhost/127.0.0.1, localhost/0:0:0:0:0:0:0:1] failed: Connection refused: no further information
2026-09-02T01:38:07.896-07:00  INFO 15180 --- [ProfileMs] [DiscoveryClient-InstanceInfoReplicator-%d] c.n.d.s.t.d.RedirectingEurekaHttpClient  : Request execution error. endpoint=DefaultEndpoint{ serviceUrl='http://localhost:8761/eureka/}, exception=I/O error on POST request for "http://localhost:8761/eureka/apps/PROFILEMS": Connect to http://localhost:8761 [localhost/127.0.0.1, localhost/0:0:0:0:0:0:0:1] failed: Connection refused: no further information stacktrace=org.springframework.web.client.ResourceAccessException: I/O error on POST request for "http://localhost:8761/eureka/apps/PROFILEMS": Connect to http://localhost:8761 [localhost/127.0.0.1, localhost/0:0:0:0:0:0:0:1] failed: Connection refused: no further information
	at org.springframework.web.client.RestTemplate.createResourceAccessException(RestTemplate.java:926)
	at org.springframework.web.client.RestTemplate.doExecute(RestTemplate.java:906)
	at org.springframework.web.client.RestTemplate.execute(RestTemplate.java:841)
	at org.springframework.web.client.RestTemplate.exchange(RestTemplate.java:702)
	at org.springframework.cloud.netflix.eureka.http.RestTemplateEurekaHttpClient.register(RestTemplateEurekaHttpClient.java:87)
	at com.netflix.discovery.shared.transport.decorator.EurekaHttpClientDecorator$1.execute(EurekaHttpClientDecorator.java:59)
	at com.netflix.discovery.shared.transport.decorator.RedirectingEurekaHttpClient.executeOnNewServer(RedirectingEurekaHttpClient.java:121)
	at com.netflix.discovery.shared.transport.decorator.RedirectingEurekaHttpClient.execute(RedirectingEurekaHttpClient.java:80)
	at com.netflix.discovery.shared.transport.decorator.EurekaHttpClientDecorator.register(EurekaHttpClientDecorator.java:56)
	at com.netflix.discovery.shared.transport.decorator.EurekaHttpClientDecorator$1.execute(EurekaHttpClientDecorator.java:59)
	at com.netflix.discovery.shared.transport.decorator.RetryableEurekaHttpClient.execute(RetryableEurekaHttpClient.java:120)
	at com.netflix.discovery.shared.transport.decorator.EurekaHttpClientDecorator.register(EurekaHttpClientDecorator.java:56)
	at com.netflix.discovery.shared.transport.decorator.EurekaHttpClientDecorator$1.execute(EurekaHttpClientDecorator.java:59)
	at com.netflix.discovery.shared.transport.decorator.SessionedEurekaHttpClient.execute(SessionedEurekaHttpClient.java:76)
	at com.netflix.discovery.shared.transport.decorator.EurekaHttpClientDecorator.register(EurekaHttpClientDecorator.java:56)
	at com.netflix.discovery.DiscoveryClient.register(DiscoveryClient.java:828)
	at com.netflix.discovery.InstanceInfoReplicator.run(InstanceInfoReplicator.java:125)
	at com.netflix.discovery.InstanceInfoReplicator$2.run(InstanceInfoReplicator.java:105)
	at java.base/java.util.concurrent.Executors$RunnableAdapter.call(Executors.java:539)
	at java.base/java.util.concurrent.FutureTask.run(FutureTask.java:264)
	at java.base/java.util.concurrent.ScheduledThreadPoolExecutor$ScheduledFutureTask.run(ScheduledThreadPoolExecutor.java:304)
	at java.base/java.util.concurrent.ThreadPoolExecutor.runWorker(ThreadPoolExecutor.java:1136)
	at java.base/java.util.concurrent.ThreadPoolExecutor$Worker.run(ThreadPoolExecutor.java:635)
	at java.base/java.lang.Thread.run(Thread.java:833)
Caused by: org.apache.hc.client5.http.HttpHostConnectException: Connect to http://localhost:8761 [localhost/127.0.0.1, localhost/0:0:0:0:0:0:0:1] failed: Connection refused: no further information
	at java.base/sun.nio.ch.Net.pollConnect(Native Method)
	at java.base/sun.nio.ch.Net.pollConnectNow(Net.java:672)
	at java.base/sun.nio.ch.NioSocketImpl.timedFinishConnect(NioSocketImpl.java:542)
	at java.base/sun.nio.ch.NioSocketImpl.connect(NioSocketImpl.java:597)
	at java.base/java.net.SocksSocketImpl.connect(SocksSocketImpl.java:327)
	at java.base/java.net.Socket.connect(Socket.java:633)
	at org.apache.hc.client5.http.impl.io.DefaultHttpClientConnectionOperator.connect(DefaultHttpClientConnectionOperator.java:216)
	at org.apache.hc.client5.http.impl.io.PoolingHttpClientConnectionManager.connect(PoolingHttpClientConnectionManager.java:490)
	at org.apache.hc.client5.http.impl.classic.InternalExecRuntime.connectEndpoint(InternalExecRuntime.java:164)
	at org.apache.hc.client5.http.impl.classic.InternalExecRuntime.connectEndpoint(InternalExecRuntime.java:174)
	at org.apache.hc.client5.http.impl.classic.ConnectExec.execute(ConnectExec.java:144)
	at org.apache.hc.client5.http.impl.classic.ExecChainElement.execute(ExecChainElement.java:51)
	at org.apache.hc.client5.http.impl.classic.ProtocolExec.execute(ProtocolExec.java:192)
	at org.apache.hc.client5.http.impl.classic.ExecChainElement.execute(ExecChainElement.java:51)
	at org.apache.hc.client5.http.impl.classic.ContentCompressionExec.execute(ContentCompressionExec.java:150)
	at org.apache.hc.client5.http.impl.classic.ExecChainElement.execute(ExecChainElement.java:51)
	at org.apache.hc.client5.http.impl.classic.HttpRequestRetryExec.execute(HttpRequestRetryExec.java:113)
	at org.apache.hc.client5.http.impl.classic.ExecChainElement.execute(ExecChainElement.java:51)
	at org.apache.hc.client5.http.impl.classic.RedirectExec.execute(RedirectExec.java:110)
	at org.apache.hc.client5.http.impl.classic.ExecChainElement.execute(ExecChainElement.java:51)
	at org.apache.hc.client5.http.impl.classic.InternalHttpClient.doExecute(InternalHttpClient.java:174)
	at org.apache.hc.client5.http.impl.classic.CloseableHttpClient.execute(CloseableHttpClient.java:87)
	at org.apache.hc.client5.http.impl.classic.CloseableHttpClient.execute(CloseableHttpClient.java:55)
	at org.apache.hc.client5.http.classic.HttpClient.executeOpen(HttpClient.java:183)
	at org.springframework.http.client.HttpComponentsClientHttpRequest.executeInternal(HttpComponentsClientHttpRequest.java:99)
	at org.springframework.http.client.AbstractStreamingClientHttpRequest.executeInternal(AbstractStreamingClientHttpRequest.java:71)
	at org.springframework.http.client.AbstractClientHttpRequest.execute(AbstractClientHttpRequest.java:81)
	at org.springframework.http.client.InterceptingClientHttpRequest$InterceptingRequestExecution.execute(InterceptingClientHttpRequest.java:117)
	at org.springframework.cloud.netflix.eureka.http.RestTemplateTransportClientFactory.lambda$restTemplate$3(RestTemplateTransportClientFactory.java:141)
	at org.springframework.http.client.InterceptingClientHttpRequest$InterceptingRequestExecution.execute(InterceptingClientHttpRequest.java:88)
	at org.springframework.http.client.InterceptingClientHttpRequest.executeInternal(InterceptingClientHttpRequest.java:72)
	at org.springframework.http.client.AbstractBufferingClientHttpRequest.executeInternal(AbstractBufferingClientHttpRequest.java:48)
	at org.springframework.http.client.AbstractClientHttpRequest.execute(AbstractClientHttpRequest.java:81)
	at org.springframework.web.client.RestTemplate.doExecute(RestTemplate.java:900)
	... 22 more

2026-09-02T01:38:07.897-07:00  WARN 15180 --- [ProfileMs] [DiscoveryClient-InstanceInfoReplicator-%d] c.n.d.s.t.d.RetryableEurekaHttpClient    : Request execution failed with message: I/O error on POST request for "http://localhost:8761/eureka/apps/PROFILEMS": Connect to http://localhost:8761 [localhost/127.0.0.1, localhost/0:0:0:0:0:0:0:1] failed: Connection refused: no further information
2026-09-02T01:38:07.898-07:00  WARN 15180 --- [ProfileMs] [DiscoveryClient-InstanceInfoReplicator-%d] com.netflix.discovery.DiscoveryClient    : DiscoveryClient_PROFILEMS/DESKTOP-97B0AF6:ProfileMs:8081 - registration failed Cannot execute request on any known server

com.netflix.discovery.shared.transport.TransportException: Cannot execute request on any known server
	at com.netflix.discovery.shared.transport.decorator.RetryableEurekaHttpClient.execute(RetryableEurekaHttpClient.java:112) ~[eureka-client-2.0.4.jar:2.0.4]
	at com.netflix.discovery.shared.transport.decorator.EurekaHttpClientDecorator.register(EurekaHttpClientDecorator.java:56) ~[eureka-client-2.0.4.jar:2.0.4]
	at com.netflix.discovery.shared.transport.decorator.EurekaHttpClientDecorator$1.execute(EurekaHttpClientDecorator.java:59) ~[eureka-client-2.0.4.jar:2.0.4]
	at com.netflix.discovery.shared.transport.decorator.SessionedEurekaHttpClient.execute(SessionedEurekaHttpClient.java:76) ~[eureka-client-2.0.4.jar:2.0.4]
	at com.netflix.discovery.shared.transport.decorator.EurekaHttpClientDecorator.register(EurekaHttpClientDecorator.java:56) ~[eureka-client-2.0.4.jar:2.0.4]
	at com.netflix.discovery.DiscoveryClient.register(DiscoveryClient.java:828) ~[eureka-client-2.0.4.jar:2.0.4]
	at com.netflix.discovery.InstanceInfoReplicator.run(InstanceInfoReplicator.java:125) ~[eureka-client-2.0.4.jar:2.0.4]
	at com.netflix.discovery.InstanceInfoReplicator$2.run(InstanceInfoReplicator.java:105) ~[eureka-client-2.0.4.jar:2.0.4]
	at java.base/java.util.concurrent.Executors$RunnableAdapter.call(Executors.java:539) ~[na:na]
	at java.base/java.util.concurrent.FutureTask.run(FutureTask.java:264) ~[na:na]
	at java.base/java.util.concurrent.ScheduledThreadPoolExecutor$ScheduledFutureTask.run(ScheduledThreadPoolExecutor.java:304) ~[na:na]
	at java.base/java.util.concurrent.ThreadPoolExecutor.runWorker(ThreadPoolExecutor.java:1136) ~[na:na]
	at java.base/java.util.concurrent.ThreadPoolExecutor$Worker.run(ThreadPoolExecutor.java:635) ~[na:na]
	at java.base/java.lang.Thread.run(Thread.java:833) ~[na:na]

2026-09-02T01:38:07.926-07:00  WARN 15180 --- [ProfileMs] [DiscoveryClient-InstanceInfoReplicator-%d] c.n.discovery.InstanceInfoReplicator     : There was a problem with the instance info replicator

com.netflix.discovery.shared.transport.TransportException: Cannot execute request on any known server
	at com.netflix.discovery.shared.transport.decorator.RetryableEurekaHttpClient.execute(RetryableEurekaHttpClient.java:112) ~[eureka-client-2.0.4.jar:2.0.4]
	at com.netflix.discovery.shared.transport.decorator.EurekaHttpClientDecorator.register(EurekaHttpClientDecorator.java:56) ~[eureka-client-2.0.4.jar:2.0.4]
	at com.netflix.discovery.shared.transport.decorator.EurekaHttpClientDecorator$1.execute(EurekaHttpClientDecorator.java:59) ~[eureka-client-2.0.4.jar:2.0.4]
	at com.netflix.discovery.shared.transport.decorator.SessionedEurekaHttpClient.execute(SessionedEurekaHttpClient.java:76) ~[eureka-client-2.0.4.jar:2.0.4]
	at com.netflix.discovery.shared.transport.decorator.EurekaHttpClientDecorator.register(EurekaHttpClientDecorator.java:56) ~[eureka-client-2.0.4.jar:2.0.4]
	at com.netflix.discovery.DiscoveryClient.register(DiscoveryClient.java:828) ~[eureka-client-2.0.4.jar:2.0.4]
	at com.netflix.discovery.InstanceInfoReplicator.run(InstanceInfoReplicator.java:125) ~[eureka-client-2.0.4.jar:2.0.4]
	at com.netflix.discovery.InstanceInfoReplicator$2.run(InstanceInfoReplicator.java:105) ~[eureka-client-2.0.4.jar:2.0.4]
	at java.base/java.util.concurrent.Executors$RunnableAdapter.call(Executors.java:539) ~[na:na]
	at java.base/java.util.concurrent.FutureTask.run(FutureTask.java:264) ~[na:na]
	at java.base/java.util.concurrent.ScheduledThreadPoolExecutor$ScheduledFutureTask.run(ScheduledThreadPoolExecutor.java:304) ~[na:na]
	at java.base/java.util.concurrent.ThreadPoolExecutor.runWorker(ThreadPoolExecutor.java:1136) ~[na:na]
	at java.base/java.util.concurrent.ThreadPoolExecutor$Worker.run(ThreadPoolExecutor.java:635) ~[na:na]
	at java.base/java.lang.Thread.run(Thread.java:833) ~[na:na]

2026-09-02T01:38:07.928-07:00  INFO 15180 --- [ProfileMs] [RMI TCP Connection(111)-127.0.0.1] com.netflix.discovery.DiscoveryClient    : Unregistering ...
2026-09-02T01:38:07.943-07:00  INFO 15180 --- [ProfileMs] [RMI TCP Connection(111)-127.0.0.1] c.n.d.s.t.d.RedirectingEurekaHttpClient  : Request execution error. endpoint=DefaultEndpoint{ serviceUrl='http://localhost:8761/eureka/}, exception=I/O error on DELETE request for "http://localhost:8761/eureka/apps/PROFILEMS/DESKTOP-97B0AF6:ProfileMs:8081": Connect to http://localhost:8761 [localhost/127.0.0.1, localhost/0:0:0:0:0:0:0:1] failed: Connection refused: no further information stacktrace=org.springframework.web.client.ResourceAccessException: I/O error on DELETE request for "http://localhost:8761/eureka/apps/PROFILEMS/DESKTOP-97B0AF6:ProfileMs:8081": Connect to http://localhost:8761 [localhost/127.0.0.1, localhost/0:0:0:0:0:0:0:1] failed: Connection refused: no further information
	at org.springframework.web.client.RestTemplate.createResourceAccessException(RestTemplate.java:926)
	at org.springframework.web.client.RestTemplate.doExecute(RestTemplate.java:906)
	at org.springframework.web.client.RestTemplate.execute(RestTemplate.java:841)
	at org.springframework.web.client.RestTemplate.exchange(RestTemplate.java:702)
	at org.springframework.cloud.netflix.eureka.http.RestTemplateEurekaHttpClient.cancel(RestTemplateEurekaHttpClient.java:100)
	at com.netflix.discovery.shared.transport.decorator.EurekaHttpClientDecorator$2.execute(EurekaHttpClientDecorator.java:74)
	at com.netflix.discovery.shared.transport.decorator.RedirectingEurekaHttpClient.executeOnNewServer(RedirectingEurekaHttpClient.java:121)
	at com.netflix.discovery.shared.transport.decorator.RedirectingEurekaHttpClient.execute(RedirectingEurekaHttpClient.java:80)
	at com.netflix.discovery.shared.transport.decorator.EurekaHttpClientDecorator.cancel(EurekaHttpClientDecorator.java:71)
	at com.netflix.discovery.shared.transport.decorator.EurekaHttpClientDecorator$2.execute(EurekaHttpClientDecorator.java:74)
	at com.netflix.discovery.shared.transport.decorator.RetryableEurekaHttpClient.execute(RetryableEurekaHttpClient.java:120)
	at com.netflix.discovery.shared.transport.decorator.EurekaHttpClientDecorator.cancel(EurekaHttpClientDecorator.java:71)
	at com.netflix.discovery.shared.transport.decorator.EurekaHttpClientDecorator$2.execute(EurekaHttpClientDecorator.java:74)
	at com.netflix.discovery.shared.transport.decorator.SessionedEurekaHttpClient.execute(SessionedEurekaHttpClient.java:76)
	at com.netflix.discovery.shared.transport.decorator.EurekaHttpClientDecorator.cancel(EurekaHttpClientDecorator.java:71)
	at com.netflix.discovery.DiscoveryClient.unregister(DiscoveryClient.java:919)
	at com.netflix.discovery.DiscoveryClient.shutdown(DiscoveryClient.java:900)
	at java.base/jdk.internal.reflect.NativeMethodAccessorImpl.invoke0(Native Method)
	at java.base/jdk.internal.reflect.NativeMethodAccessorImpl.invoke(NativeMethodAccessorImpl.java:77)
	at java.base/jdk.internal.reflect.DelegatingMethodAccessorImpl.invoke(DelegatingMethodAccessorImpl.java:43)
	at java.base/java.lang.reflect.Method.invoke(Method.java:568)
	at org.springframework.beans.factory.annotation.InitDestroyAnnotationBeanPostProcessor$LifecycleMethod.invoke(InitDestroyAnnotationBeanPostProcessor.java:457)
	at org.springframework.beans.factory.annotation.InitDestroyAnnotationBeanPostProcessor$LifecycleMetadata.invokeDestroyMethods(InitDestroyAnnotationBeanPostProcessor.java:415)
	at org.springframework.beans.factory.annotation.InitDestroyAnnotationBeanPostProcessor.postProcessBeforeDestruction(InitDestroyAnnotationBeanPostProcessor.java:239)
	at org.springframework.beans.factory.support.DisposableBeanAdapter.destroy(DisposableBeanAdapter.java:202)
	at org.springframework.beans.factory.support.DisposableBeanAdapter.run(DisposableBeanAdapter.java:195)
	at org.springframework.cloud.context.scope.GenericScope$BeanLifecycleWrapper.destroy(GenericScope.java:389)
	at org.springframework.cloud.context.scope.GenericScope.destroy(GenericScope.java:136)
	at org.springframework.beans.factory.support.DisposableBeanAdapter.destroy(DisposableBeanAdapter.java:211)
	at org.springframework.beans.factory.support.DefaultSingletonBeanRegistry.destroyBean(DefaultSingletonBeanRegistry.java:668)
	at org.springframework.beans.factory.support.DefaultSingletonBeanRegistry.destroySingleton(DefaultSingletonBeanRegistry.java:625)
	at org.springframework.beans.factory.support.DefaultListableBeanFactory.destroySingleton(DefaultListableBeanFactory.java:1368)
	at org.springframework.beans.factory.support.DefaultSingletonBeanRegistry.destroySingletons(DefaultSingletonBeanRegistry.java:584)
	at org.springframework.beans.factory.support.DefaultListableBeanFactory.destroySingletons(DefaultListableBeanFactory.java:1361)
	at org.springframework.context.support.AbstractApplicationContext.destroyBeans(AbstractApplicationContext.java:1219)
	at org.springframework.context.support.AbstractApplicationContext.doClose(AbstractApplicationContext.java:1180)
	at org.springframework.boot.web.servlet.context.ServletWebServerApplicationContext.doClose(ServletWebServerApplicationContext.java:174)
	at org.springframework.context.support.AbstractApplicationContext.close(AbstractApplicationContext.java:1126)
	at org.springframework.boot.admin.SpringApplicationAdminMXBeanRegistrar$SpringApplicationAdmin.shutdown(SpringApplicationAdminMXBeanRegistrar.java:160)
	at java.base/jdk.internal.reflect.NativeMethodAccessorImpl.invoke0(Native Method)
	at java.base/jdk.internal.reflect.NativeMethodAccessorImpl.invoke(NativeMethodAccessorImpl.java:77)
	at java.base/jdk.internal.reflect.DelegatingMethodAccessorImpl.invoke(DelegatingMethodAccessorImpl.java:43)
	at java.base/java.lang.reflect.Method.invoke(Method.java:568)
	at sun.reflect.misc.Trampoline.invoke(MethodUtil.java:72)
	at jdk.internal.reflect.GeneratedMethodAccessor32.invoke(Unknown Source)
	at java.base/jdk.internal.reflect.DelegatingMethodAccessorImpl.invoke(DelegatingMethodAccessorImpl.java:43)
	at java.base/java.lang.reflect.Method.invoke(Method.java:568)
	at java.base/sun.reflect.misc.MethodUtil.invoke(MethodUtil.java:262)
	at java.management/com.sun.jmx.mbeanserver.ConvertingMethod.invokeWithOpenReturn(ConvertingMethod.java:193)
	at java.management/com.sun.jmx.mbeanserver.ConvertingMethod.invokeWithOpenReturn(ConvertingMethod.java:175)
	at java.management/com.sun.jmx.mbeanserver.MXBeanIntrospector.invokeM2(MXBeanIntrospector.java:117)
	at java.management/com.sun.jmx.mbeanserver.MXBeanIntrospector.invokeM2(MXBeanIntrospector.java:54)
	at java.management/com.sun.jmx.mbeanserver.MBeanIntrospector.invokeM(MBeanIntrospector.java:237)
	at java.management/com.sun.jmx.mbeanserver.PerInterface.invoke(PerInterface.java:138)
	at java.management/com.sun.jmx.mbeanserver.MBeanSupport.invoke(MBeanSupport.java:252)
	at java.management/com.sun.jmx.interceptor.DefaultMBeanServerInterceptor.invoke(DefaultMBeanServerInterceptor.java:814)
	at java.management/com.sun.jmx.mbeanserver.JmxMBeanServer.invoke(JmxMBeanServer.java:802)
	at java.management.rmi/javax.management.remote.rmi.RMIConnectionImpl.doOperation(RMIConnectionImpl.java:1472)
	at java.management.rmi/javax.management.remote.rmi.RMIConnectionImpl$PrivilegedOperation.run(RMIConnectionImpl.java:1310)
	at java.management.rmi/javax.management.remote.rmi.RMIConnectionImpl.doPrivilegedOperation(RMIConnectionImpl.java:1405)
	at java.management.rmi/javax.management.remote.rmi.RMIConnectionImpl.invoke(RMIConnectionImpl.java:829)
	at java.base/jdk.internal.reflect.GeneratedMethodAccessor34.invoke(Unknown Source)
	at java.base/jdk.internal.reflect.DelegatingMethodAccessorImpl.invoke(DelegatingMethodAccessorImpl.java:43)
	at java.base/java.lang.reflect.Method.invoke(Method.java:568)
	at java.rmi/sun.rmi.server.UnicastServerRef.dispatch(UnicastServerRef.java:360)
	at java.rmi/sun.rmi.transport.Transport$1.run(Transport.java:200)
	at java.rmi/sun.rmi.transport.Transport$1.run(Transport.java:197)
	at java.base/java.security.AccessController.doPrivileged(AccessController.java:712)
	at java.rmi/sun.rmi.transport.Transport.serviceCall(Transport.java:196)
	at java.rmi/sun.rmi.transport.tcp.TCPTransport.handleMessages(TCPTransport.java:587)
	at java.rmi/sun.rmi.transport.tcp.TCPTransport$ConnectionHandler.run0(TCPTransport.java:828)
	at java.rmi/sun.rmi.transport.tcp.TCPTransport$ConnectionHandler.lambda$run$0(TCPTransport.java:705)
	at java.base/java.security.AccessController.doPrivileged(AccessController.java:399)
	at java.rmi/sun.rmi.transport.tcp.TCPTransport$ConnectionHandler.run(TCPTransport.java:704)
	at java.base/java.util.concurrent.ThreadPoolExecutor.runWorker(ThreadPoolExecutor.java:1136)
	at java.base/java.util.concurrent.ThreadPoolExecutor$Worker.run(ThreadPoolExecutor.java:635)
	at java.base/java.lang.Thread.run(Thread.java:833)
Caused by: org.apache.hc.client5.http.HttpHostConnectException: Connect to http://localhost:8761 [localhost/127.0.0.1, localhost/0:0:0:0:0:0:0:1] failed: Connection refused: no further information
	at java.base/sun.nio.ch.Net.pollConnect(Native Method)
	at java.base/sun.nio.ch.Net.pollConnectNow(Net.java:672)
	at java.base/sun.nio.ch.NioSocketImpl.timedFinishConnect(NioSocketImpl.java:542)
	at java.base/sun.nio.ch.NioSocketImpl.connect(NioSocketImpl.java:597)
	at java.base/java.net.SocksSocketImpl.connect(SocksSocketImpl.java:327)
	at java.base/java.net.Socket.connect(Socket.java:633)
	at org.apache.hc.client5.http.impl.io.DefaultHttpClientConnectionOperator.connect(DefaultHttpClientConnectionOperator.java:216)
	at org.apache.hc.client5.http.impl.io.PoolingHttpClientConnectionManager.connect(PoolingHttpClientConnectionManager.java:490)
	at org.apache.hc.client5.http.impl.classic.InternalExecRuntime.connectEndpoint(InternalExecRuntime.java:164)
	at org.apache.hc.client5.http.impl.classic.InternalExecRuntime.connectEndpoint(InternalExecRuntime.java:174)
	at org.apache.hc.client5.http.impl.classic.ConnectExec.execute(ConnectExec.java:144)
	at org.apache.hc.client5.http.impl.classic.ExecChainElement.execute(ExecChainElement.java:51)
	at org.apache.hc.client5.http.impl.classic.ProtocolExec.execute(ProtocolExec.java:192)
	at org.apache.hc.client5.http.impl.classic.ExecChainElement.execute(ExecChainElement.java:51)
	at org.apache.hc.client5.http.impl.classic.ContentCompressionExec.execute(ContentCompressionExec.java:150)
	at org.apache.hc.client5.http.impl.classic.ExecChainElement.execute(ExecChainElement.java:51)
	at org.apache.hc.client5.http.impl.classic.HttpRequestRetryExec.execute(HttpRequestRetryExec.java:113)
	at org.apache.hc.client5.http.impl.classic.ExecChainElement.execute(ExecChainElement.java:51)
	at org.apache.hc.client5.http.impl.classic.RedirectExec.execute(RedirectExec.java:110)
	at org.apache.hc.client5.http.impl.classic.ExecChainElement.execute(ExecChainElement.java:51)
	at org.apache.hc.client5.http.impl.classic.InternalHttpClient.doExecute(InternalHttpClient.java:174)
	at org.apache.hc.client5.http.impl.classic.CloseableHttpClient.execute(CloseableHttpClient.java:87)
	at org.apache.hc.client5.http.impl.classic.CloseableHttpClient.execute(CloseableHttpClient.java:55)
	at org.apache.hc.client5.http.classic.HttpClient.executeOpen(HttpClient.java:183)
	at org.springframework.http.client.HttpComponentsClientHttpRequest.executeInternal(HttpComponentsClientHttpRequest.java:99)
	at org.springframework.http.client.AbstractStreamingClientHttpRequest.executeInternal(AbstractStreamingClientHttpRequest.java:71)
	at org.springframework.http.client.AbstractClientHttpRequest.execute(AbstractClientHttpRequest.java:81)
	at org.springframework.http.client.InterceptingClientHttpRequest$InterceptingRequestExecution.execute(InterceptingClientHttpRequest.java:117)
	at org.springframework.cloud.netflix.eureka.http.RestTemplateTransportClientFactory.lambda$restTemplate$3(RestTemplateTransportClientFactory.java:141)
	at org.springframework.http.client.InterceptingClientHttpRequest$InterceptingRequestExecution.execute(InterceptingClientHttpRequest.java:88)
	at org.springframework.http.client.InterceptingClientHttpRequest.executeInternal(InterceptingClientHttpRequest.java:72)
	at org.springframework.http.client.AbstractBufferingClientHttpRequest.executeInternal(AbstractBufferingClientHttpRequest.java:48)
	at org.springframework.http.client.AbstractClientHttpRequest.execute(AbstractClientHttpRequest.java:81)
	at org.springframework.web.client.RestTemplate.doExecute(RestTemplate.java:900)
	... 75 more

2026-09-02T01:38:07.944-07:00  WARN 15180 --- [ProfileMs] [RMI TCP Connection(111)-127.0.0.1] c.n.d.s.t.d.RetryableEurekaHttpClient    : Request execution failed with message: I/O error on DELETE request for "http://localhost:8761/eureka/apps/PROFILEMS/DESKTOP-97B0AF6:ProfileMs:8081": Connect to http://localhost:8761 [localhost/127.0.0.1, localhost/0:0:0:0:0:0:0:1] failed: Connection refused: no further information
2026-09-02T01:38:07.944-07:00 ERROR 15180 --- [ProfileMs] [RMI TCP Connection(111)-127.0.0.1] com.netflix.discovery.DiscoveryClient    : DiscoveryClient_PROFILEMS/DESKTOP-97B0AF6:ProfileMs:8081 - de-registration failedCannot execute request on any known server

com.netflix.discovery.shared.transport.TransportException: Cannot execute request on any known server
	at com.netflix.discovery.shared.transport.decorator.RetryableEurekaHttpClient.execute(RetryableEurekaHttpClient.java:112) ~[eureka-client-2.0.4.jar:2.0.4]
	at com.netflix.discovery.shared.transport.decorator.EurekaHttpClientDecorator.cancel(EurekaHttpClientDecorator.java:71) ~[eureka-client-2.0.4.jar:2.0.4]
	at com.netflix.discovery.shared.transport.decorator.EurekaHttpClientDecorator$2.execute(EurekaHttpClientDecorator.java:74) ~[eureka-client-2.0.4.jar:2.0.4]
	at com.netflix.discovery.shared.transport.decorator.SessionedEurekaHttpClient.execute(SessionedEurekaHttpClient.java:76) ~[eureka-client-2.0.4.jar:2.0.4]
	at com.netflix.discovery.shared.transport.decorator.EurekaHttpClientDecorator.cancel(EurekaHttpClientDecorator.java:71) ~[eureka-client-2.0.4.jar:2.0.4]
	at com.netflix.discovery.DiscoveryClient.unregister(DiscoveryClient.java:919) ~[eureka-client-2.0.4.jar:2.0.4]
	at com.netflix.discovery.DiscoveryClient.shutdown(DiscoveryClient.java:900) ~[eureka-client-2.0.4.jar:2.0.4]
	at java.base/jdk.internal.reflect.NativeMethodAccessorImpl.invoke0(Native Method) ~[na:na]
	at java.base/jdk.internal.reflect.NativeMethodAccessorImpl.invoke(NativeMethodAccessorImpl.java:77) ~[na:na]
	at java.base/jdk.internal.reflect.DelegatingMethodAccessorImpl.invoke(DelegatingMethodAccessorImpl.java:43) ~[na:na]
	at java.base/java.lang.reflect.Method.invoke(Method.java:568) ~[na:na]
	at org.springframework.beans.factory.annotation.InitDestroyAnnotationBeanPostProcessor$LifecycleMethod.invoke(InitDestroyAnnotationBeanPostProcessor.java:457) ~[spring-beans-6.2.1.jar:6.2.1]
	at org.springframework.beans.factory.annotation.InitDestroyAnnotationBeanPostProcessor$LifecycleMetadata.invokeDestroyMethods(InitDestroyAnnotationBeanPostProcessor.java:415) ~[spring-beans-6.2.1.jar:6.2.1]
	at org.springframework.beans.factory.annotation.InitDestroyAnnotationBeanPostProcessor.postProcessBeforeDestruction(InitDestroyAnnotationBeanPostProcessor.java:239) ~[spring-beans-6.2.1.jar:6.2.1]
	at org.springframework.beans.factory.support.DisposableBeanAdapter.destroy(DisposableBeanAdapter.java:202) ~[spring-beans-6.2.1.jar:6.2.1]
	at org.springframework.beans.factory.support.DisposableBeanAdapter.run(DisposableBeanAdapter.java:195) ~[spring-beans-6.2.1.jar:6.2.1]
	at org.springframework.cloud.context.scope.GenericScope$BeanLifecycleWrapper.destroy(GenericScope.java:389) ~[spring-cloud-context-4.2.0.jar:4.2.0]
	at org.springframework.cloud.context.scope.GenericScope.destroy(GenericScope.java:136) ~[spring-cloud-context-4.2.0.jar:4.2.0]
	at org.springframework.beans.factory.support.DisposableBeanAdapter.destroy(DisposableBeanAdapter.java:211) ~[spring-beans-6.2.1.jar:6.2.1]
	at org.springframework.beans.factory.support.DefaultSingletonBeanRegistry.destroyBean(DefaultSingletonBeanRegistry.java:668) ~[spring-beans-6.2.1.jar:6.2.1]
	at org.springframework.beans.factory.support.DefaultSingletonBeanRegistry.destroySingleton(DefaultSingletonBeanRegistry.java:625) ~[spring-beans-6.2.1.jar:6.2.1]
	at org.springframework.beans.factory.support.DefaultListableBeanFactory.destroySingleton(DefaultListableBeanFactory.java:1368) ~[spring-beans-6.2.1.jar:6.2.1]
	at org.springframework.beans.factory.support.DefaultSingletonBeanRegistry.destroySingletons(DefaultSingletonBeanRegistry.java:584) ~[spring-beans-6.2.1.jar:6.2.1]
	at org.springframework.beans.factory.support.DefaultListableBeanFactory.destroySingletons(DefaultListableBeanFactory.java:1361) ~[spring-beans-6.2.1.jar:6.2.1]
	at org.springframework.context.support.AbstractApplicationContext.destroyBeans(AbstractApplicationContext.java:1219) ~[spring-context-6.2.1.jar:6.2.1]
	at org.springframework.context.support.AbstractApplicationContext.doClose(AbstractApplicationContext.java:1180) ~[spring-context-6.2.1.jar:6.2.1]
	at org.springframework.boot.web.servlet.context.ServletWebServerApplicationContext.doClose(ServletWebServerApplicationContext.java:174) ~[spring-boot-3.4.1.jar:3.4.1]
	at org.springframework.context.support.AbstractApplicationContext.close(AbstractApplicationContext.java:1126) ~[spring-context-6.2.1.jar:6.2.1]
	at org.springframework.boot.admin.SpringApplicationAdminMXBeanRegistrar$SpringApplicationAdmin.shutdown(SpringApplicationAdminMXBeanRegistrar.java:160) ~[spring-boot-3.4.1.jar:3.4.1]
	at java.base/jdk.internal.reflect.NativeMethodAccessorImpl.invoke0(Native Method) ~[na:na]
	at java.base/jdk.internal.reflect.NativeMethodAccessorImpl.invoke(NativeMethodAccessorImpl.java:77) ~[na:na]
	at java.base/jdk.internal.reflect.DelegatingMethodAccessorImpl.invoke(DelegatingMethodAccessorImpl.java:43) ~[na:na]
	at java.base/java.lang.reflect.Method.invoke(Method.java:568) ~[na:na]
	at sun.reflect.misc.Trampoline.invoke(MethodUtil.java:72) ~[na:na]
	at jdk.internal.reflect.GeneratedMethodAccessor32.invoke(Unknown Source) ~[na:na]
	at java.base/jdk.internal.reflect.DelegatingMethodAccessorImpl.invoke(DelegatingMethodAccessorImpl.java:43) ~[na:na]
	at java.base/java.lang.reflect.Method.invoke(Method.java:568) ~[na:na]
	at java.base/sun.reflect.misc.MethodUtil.invoke(MethodUtil.java:262) ~[na:na]
	at java.management/com.sun.jmx.mbeanserver.ConvertingMethod.invokeWithOpenReturn(ConvertingMethod.java:193) ~[na:na]
	at java.management/com.sun.jmx.mbeanserver.ConvertingMethod.invokeWithOpenReturn(ConvertingMethod.java:175) ~[na:na]
	at java.management/com.sun.jmx.mbeanserver.MXBeanIntrospector.invokeM2(MXBeanIntrospector.java:117) ~[na:na]
	at java.management/com.sun.jmx.mbeanserver.MXBeanIntrospector.invokeM2(MXBeanIntrospector.java:54) ~[na:na]
	at java.management/com.sun.jmx.mbeanserver.MBeanIntrospector.invokeM(MBeanIntrospector.java:237) ~[na:na]
	at java.management/com.sun.jmx.mbeanserver.PerInterface.invoke(PerInterface.java:138) ~[na:na]
	at java.management/com.sun.jmx.mbeanserver.MBeanSupport.invoke(MBeanSupport.java:252) ~[na:na]
	at java.management/com.sun.jmx.interceptor.DefaultMBeanServerInterceptor.invoke(DefaultMBeanServerInterceptor.java:814) ~[na:na]
	at java.management/com.sun.jmx.mbeanserver.JmxMBeanServer.invoke(JmxMBeanServer.java:802) ~[na:na]
	at java.management.rmi/javax.management.remote.rmi.RMIConnectionImpl.doOperation(RMIConnectionImpl.java:1472) ~[na:na]
	at java.management.rmi/javax.management.remote.rmi.RMIConnectionImpl$PrivilegedOperation.run(RMIConnectionImpl.java:1310) ~[na:na]
	at java.management.rmi/javax.management.remote.rmi.RMIConnectionImpl.doPrivilegedOperation(RMIConnectionImpl.java:1405) ~[na:na]
	at java.management.rmi/javax.management.remote.rmi.RMIConnectionImpl.invoke(RMIConnectionImpl.java:829) ~[na:na]
	at java.base/jdk.internal.reflect.GeneratedMethodAccessor34.invoke(Unknown Source) ~[na:na]
	at java.base/jdk.internal.reflect.DelegatingMethodAccessorImpl.invoke(DelegatingMethodAccessorImpl.java:43) ~[na:na]
	at java.base/java.lang.reflect.Method.invoke(Method.java:568) ~[na:na]
	at java.rmi/sun.rmi.server.UnicastServerRef.dispatch(UnicastServerRef.java:360) ~[na:na]
	at java.rmi/sun.rmi.transport.Transport$1.run(Transport.java:200) ~[na:na]
	at java.rmi/sun.rmi.transport.Transport$1.run(Transport.java:197) ~[na:na]
	at java.base/java.security.AccessController.doPrivileged(AccessController.java:712) ~[na:na]
	at java.rmi/sun.rmi.transport.Transport.serviceCall(Transport.java:196) ~[na:na]
	at java.rmi/sun.rmi.transport.tcp.TCPTransport.handleMessages(TCPTransport.java:587) ~[na:na]
	at java.rmi/sun.rmi.transport.tcp.TCPTransport$ConnectionHandler.run0(TCPTransport.java:828) ~[na:na]
	at java.rmi/sun.rmi.transport.tcp.TCPTransport$ConnectionHandler.lambda$run$0(TCPTransport.java:705) ~[na:na]
	at java.base/java.security.AccessController.doPrivileged(AccessController.java:399) ~[na:na]
	at java.rmi/sun.rmi.transport.tcp.TCPTransport$ConnectionHandler.run(TCPTransport.java:704) ~[na:na]
	at java.base/java.util.concurrent.ThreadPoolExecutor.runWorker(ThreadPoolExecutor.java:1136) ~[na:na]
	at java.base/java.util.concurrent.ThreadPoolExecutor$Worker.run(ThreadPoolExecutor.java:635) ~[na:na]
	at java.base/java.lang.Thread.run(Thread.java:833) ~[na:na]

2026-09-02T01:38:07.959-07:00  INFO 15180 --- [ProfileMs] [RMI TCP Connection(111)-127.0.0.1] com.netflix.discovery.DiscoveryClient    : Completed shut down of DiscoveryClient
2026-09-02T01:41:34.243-07:00  INFO 10368 --- [ProfileMs] [restartedMain] com.hms.profile.ProfileMsApplication     : Starting ProfileMsApplication using Java 17.0.7 with PID 10368 (E:\STS-Projects\hms-backend\ProfileMs\target\classes started by KAUSAL in E:\STS-Projects\hms-backend\ProfileMs)
2026-09-02T01:41:34.195-07:00  INFO 10764 --- [ProfileMs] [restartedMain] com.hms.profile.ProfileMsApplication     : Starting ProfileMsApplication using Java 17.0.7 with PID 10764 (E:\STS-Projects\hms-backend\ProfileMs\target\classes started by KAUSAL in E:\STS-Projects\hms-backend\ProfileMs)
2026-09-02T01:41:34.261-07:00  INFO 10368 --- [ProfileMs] [restartedMain] com.hms.profile.ProfileMsApplication     : The following 1 profile is active: "--server.port=8085"
2026-09-02T01:41:34.261-07:00  INFO 10764 --- [ProfileMs] [restartedMain] com.hms.profile.ProfileMsApplication     : The following 1 profile is active: "--server.port=8086"
2026-09-02T01:41:34.444-07:00  INFO 10764 --- [ProfileMs] [restartedMain] .e.DevToolsPropertyDefaultsPostProcessor : Devtools property defaults active! Set 'spring.devtools.add-properties' to 'false' to disable
2026-09-02T01:41:34.445-07:00  INFO 10764 --- [ProfileMs] [restartedMain] .e.DevToolsPropertyDefaultsPostProcessor : For additional web related logging consider setting the 'logging.level.web' property to 'DEBUG'
2026-09-02T01:41:34.445-07:00  INFO 10368 --- [ProfileMs] [restartedMain] .e.DevToolsPropertyDefaultsPostProcessor : Devtools property defaults active! Set 'spring.devtools.add-properties' to 'false' to disable
2026-09-02T01:41:34.446-07:00  INFO 10368 --- [ProfileMs] [restartedMain] .e.DevToolsPropertyDefaultsPostProcessor : For additional web related logging consider setting the 'logging.level.web' property to 'DEBUG'
2026-09-02T01:41:37.206-07:00  INFO 10368 --- [ProfileMs] [restartedMain] .s.d.r.c.RepositoryConfigurationDelegate : Bootstrapping Spring Data JPA repositories in DEFAULT mode.
2026-09-02T01:41:37.233-07:00  INFO 10764 --- [ProfileMs] [restartedMain] .s.d.r.c.RepositoryConfigurationDelegate : Bootstrapping Spring Data JPA repositories in DEFAULT mode.
2026-09-02T01:41:37.790-07:00  INFO 10764 --- [ProfileMs] [restartedMain] .s.d.r.c.RepositoryConfigurationDelegate : Finished Spring Data repository scanning in 520 ms. Found 2 JPA repository interfaces.
2026-09-02T01:41:37.815-07:00  INFO 10368 --- [ProfileMs] [restartedMain] .s.d.r.c.RepositoryConfigurationDelegate : Finished Spring Data repository scanning in 575 ms. Found 2 JPA repository interfaces.
2026-09-02T01:41:38.806-07:00  INFO 10764 --- [ProfileMs] [restartedMain] o.s.cloud.context.scope.GenericScope     : BeanFactory id=96123092-2c4b-3750-8219-920c75482262
2026-09-02T01:41:38.817-07:00  INFO 10368 --- [ProfileMs] [restartedMain] o.s.cloud.context.scope.GenericScope     : BeanFactory id=96123092-2c4b-3750-8219-920c75482262
2026-09-02T01:41:40.069-07:00  INFO 10368 --- [ProfileMs] [restartedMain] o.s.b.w.embedded.tomcat.TomcatWebServer  : Tomcat initialized with port 8081 (http)
2026-09-02T01:41:40.092-07:00  INFO 10764 --- [ProfileMs] [restartedMain] o.s.b.w.embedded.tomcat.TomcatWebServer  : Tomcat initialized with port 8081 (http)
2026-09-02T01:41:40.123-07:00  INFO 10368 --- [ProfileMs] [restartedMain] o.apache.catalina.core.StandardService   : Starting service [Tomcat]
2026-09-02T01:41:40.123-07:00  INFO 10368 --- [ProfileMs] [restartedMain] o.apache.catalina.core.StandardEngine    : Starting Servlet engine: [Apache Tomcat/10.1.34]
2026-09-02T01:41:40.137-07:00  INFO 10764 --- [ProfileMs] [restartedMain] o.apache.catalina.core.StandardService   : Starting service [Tomcat]
2026-09-02T01:41:40.256-07:00  INFO 10764 --- [ProfileMs] [restartedMain] o.apache.catalina.core.StandardEngine    : Starting Servlet engine: [Apache Tomcat/10.1.34]
2026-09-02T01:41:40.858-07:00  INFO 10764 --- [ProfileMs] [restartedMain] o.a.c.c.C.[Tomcat].[localhost].[/]       : Initializing Spring embedded WebApplicationContext
2026-09-02T01:41:40.860-07:00  INFO 10764 --- [ProfileMs] [restartedMain] w.s.c.ServletWebServerApplicationContext : Root WebApplicationContext: initialization completed in 6413 ms
2026-09-02T01:41:40.866-07:00  INFO 10368 --- [ProfileMs] [restartedMain] o.a.c.c.C.[Tomcat].[localhost].[/]       : Initializing Spring embedded WebApplicationContext
2026-09-02T01:41:40.867-07:00  INFO 10368 --- [ProfileMs] [restartedMain] w.s.c.ServletWebServerApplicationContext : Root WebApplicationContext: initialization completed in 6418 ms
2026-09-02T01:41:41.344-07:00  INFO 10368 --- [ProfileMs] [restartedMain] o.hibernate.jpa.internal.util.LogHelper  : HHH000204: Processing PersistenceUnitInfo [name: default]
2026-09-02T01:41:41.344-07:00  INFO 10764 --- [ProfileMs] [restartedMain] o.hibernate.jpa.internal.util.LogHelper  : HHH000204: Processing PersistenceUnitInfo [name: default]
2026-09-02T01:41:41.510-07:00  INFO 10764 --- [ProfileMs] [restartedMain] org.hibernate.Version                    : HHH000412: Hibernate ORM core version 6.6.4.Final
2026-09-02T01:41:41.514-07:00  INFO 10368 --- [ProfileMs] [restartedMain] org.hibernate.Version                    : HHH000412: Hibernate ORM core version 6.6.4.Final
2026-09-02T01:41:41.622-07:00  INFO 10368 --- [ProfileMs] [restartedMain] o.h.c.internal.RegionFactoryInitiator    : HHH000026: Second-level cache disabled
2026-09-02T01:41:41.627-07:00  INFO 10764 --- [ProfileMs] [restartedMain] o.h.c.internal.RegionFactoryInitiator    : HHH000026: Second-level cache disabled
2026-09-02T01:41:42.402-07:00  INFO 10368 --- [ProfileMs] [restartedMain] o.s.o.j.p.SpringPersistenceUnitInfo      : No LoadTimeWeaver setup: ignoring JPA class transformer
2026-09-02T01:41:42.402-07:00  INFO 10764 --- [ProfileMs] [restartedMain] o.s.o.j.p.SpringPersistenceUnitInfo      : No LoadTimeWeaver setup: ignoring JPA class transformer
2026-09-02T01:41:42.485-07:00  INFO 10764 --- [ProfileMs] [restartedMain] com.zaxxer.hikari.HikariDataSource       : HikariPool-1 - Starting...
2026-09-02T01:41:42.489-07:00  INFO 10368 --- [ProfileMs] [restartedMain] com.zaxxer.hikari.HikariDataSource       : HikariPool-1 - Starting...
2026-09-02T01:41:43.158-07:00  INFO 10764 --- [ProfileMs] [restartedMain] com.zaxxer.hikari.pool.HikariPool        : HikariPool-1 - Added connection com.mysql.cj.jdbc.ConnectionImpl@b5f7dee
2026-09-02T01:41:43.160-07:00  INFO 10368 --- [ProfileMs] [restartedMain] com.zaxxer.hikari.pool.HikariPool        : HikariPool-1 - Added connection com.mysql.cj.jdbc.ConnectionImpl@29d0dc53
2026-09-02T01:41:43.165-07:00  INFO 10764 --- [ProfileMs] [restartedMain] com.zaxxer.hikari.HikariDataSource       : HikariPool-1 - Start completed.
2026-09-02T01:41:43.166-07:00  INFO 10368 --- [ProfileMs] [restartedMain] com.zaxxer.hikari.HikariDataSource       : HikariPool-1 - Start completed.
2026-09-02T01:41:43.341-07:00  WARN 10764 --- [ProfileMs] [restartedMain] org.hibernate.orm.deprecation            : HHH90000025: MySQLDialect does not need to be specified explicitly using 'hibernate.dialect' (remove the property setting and it will be selected by default)
2026-09-02T01:41:43.345-07:00  WARN 10368 --- [ProfileMs] [restartedMain] org.hibernate.orm.deprecation            : HHH90000025: MySQLDialect does not need to be specified explicitly using 'hibernate.dialect' (remove the property setting and it will be selected by default)
2026-09-02T01:41:43.420-07:00  INFO 10764 --- [ProfileMs] [restartedMain] org.hibernate.orm.connections.pooling    : HHH10001005: Database info:
	Database JDBC URL [Connecting through datasource 'HikariDataSource (HikariPool-1)']
	Database driver: undefined/unknown
	Database version: 8.0.46
	Autocommit mode: undefined/unknown
	Isolation level: undefined/unknown
	Minimum pool size: undefined/unknown
	Maximum pool size: undefined/unknown
2026-09-02T01:41:43.425-07:00  INFO 10368 --- [ProfileMs] [restartedMain] org.hibernate.orm.connections.pooling    : HHH10001005: Database info:
	Database JDBC URL [Connecting through datasource 'HikariDataSource (HikariPool-1)']
	Database driver: undefined/unknown
	Database version: 8.0.46
	Autocommit mode: undefined/unknown
	Isolation level: undefined/unknown
	Minimum pool size: undefined/unknown
	Maximum pool size: undefined/unknown
2026-09-02T01:41:46.082-07:00  INFO 10764 --- [ProfileMs] [restartedMain] o.h.e.t.j.p.i.JtaPlatformInitiator       : HHH000489: No JTA platform available (set 'hibernate.transaction.jta.platform' to enable JTA platform integration)
2026-09-02T01:41:46.082-07:00  INFO 10368 --- [ProfileMs] [restartedMain] o.h.e.t.j.p.i.JtaPlatformInitiator       : HHH000489: No JTA platform available (set 'hibernate.transaction.jta.platform' to enable JTA platform integration)
2026-09-02T01:41:46.244-07:00  INFO 10764 --- [ProfileMs] [restartedMain] j.LocalContainerEntityManagerFactoryBean : Initialized JPA EntityManagerFactory for persistence unit 'default'
2026-09-02T01:41:46.291-07:00  INFO 10368 --- [ProfileMs] [restartedMain] j.LocalContainerEntityManagerFactoryBean : Initialized JPA EntityManagerFactory for persistence unit 'default'
2026-09-02T01:41:47.015-07:00  INFO 10764 --- [ProfileMs] [restartedMain] o.s.d.j.r.query.QueryEnhancerFactory     : Hibernate is in classpath; If applicable, HQL parser will be used.
2026-09-02T01:41:47.016-07:00  INFO 10368 --- [ProfileMs] [restartedMain] o.s.d.j.r.query.QueryEnhancerFactory     : Hibernate is in classpath; If applicable, HQL parser will be used.
2026-09-02T01:41:48.637-07:00  WARN 10764 --- [ProfileMs] [restartedMain] JpaBaseConfiguration$JpaWebConfiguration : spring.jpa.open-in-view is enabled by default. Therefore, database queries may be performed during view rendering. Explicitly configure spring.jpa.open-in-view to disable this warning
2026-09-02T01:41:48.696-07:00  WARN 10368 --- [ProfileMs] [restartedMain] JpaBaseConfiguration$JpaWebConfiguration : spring.jpa.open-in-view is enabled by default. Therefore, database queries may be performed during view rendering. Explicitly configure spring.jpa.open-in-view to disable this warning
2026-09-02T01:41:50.202-07:00  WARN 10764 --- [ProfileMs] [restartedMain] o.s.b.d.a.OptionalLiveReloadServer       : Unable to start LiveReload server
2026-09-02T01:41:50.207-07:00  WARN 10368 --- [ProfileMs] [restartedMain] o.s.b.d.a.OptionalLiveReloadServer       : Unable to start LiveReload server
2026-09-02T01:41:51.107-07:00  INFO 10368 --- [ProfileMs] [restartedMain] DiscoveryClientOptionalArgsConfiguration : Eureka HTTP Client uses RestTemplate.
2026-09-02T01:41:51.121-07:00  INFO 10764 --- [ProfileMs] [restartedMain] DiscoveryClientOptionalArgsConfiguration : Eureka HTTP Client uses RestTemplate.
2026-09-02T01:41:51.209-07:00  WARN 10368 --- [ProfileMs] [restartedMain] iguration$LoadBalancerCaffeineWarnLogger : Spring Cloud LoadBalancer is currently working with the default cache. While this cache implementation is useful for development and tests, it's recommended to use Caffeine cache in production.You can switch to using Caffeine cache, by adding it and org.springframework.cache.caffeine.CaffeineCacheManager to the classpath.
2026-09-02T01:41:51.219-07:00  WARN 10764 --- [ProfileMs] [restartedMain] iguration$LoadBalancerCaffeineWarnLogger : Spring Cloud LoadBalancer is currently working with the default cache. While this cache implementation is useful for development and tests, it's recommended to use Caffeine cache in production.You can switch to using Caffeine cache, by adding it and org.springframework.cache.caffeine.CaffeineCacheManager to the classpath.
2026-09-02T01:41:51.393-07:00  INFO 10368 --- [ProfileMs] [restartedMain] o.s.c.n.eureka.InstanceInfoFactory       : Setting initial instance status as: STARTING
2026-09-02T01:41:51.397-07:00  INFO 10764 --- [ProfileMs] [restartedMain] o.s.c.n.eureka.InstanceInfoFactory       : Setting initial instance status as: STARTING
2026-09-02T01:41:51.462-07:00  INFO 10368 --- [ProfileMs] [restartedMain] com.netflix.discovery.DiscoveryClient    : Initializing Eureka in region us-east-1
2026-09-02T01:41:51.472-07:00  INFO 10764 --- [ProfileMs] [restartedMain] com.netflix.discovery.DiscoveryClient    : Initializing Eureka in region us-east-1
2026-09-02T01:41:51.476-07:00  INFO 10368 --- [ProfileMs] [restartedMain] c.n.d.s.r.aws.ConfigClusterResolver      : Resolving eureka endpoints via configuration
2026-09-02T01:41:51.484-07:00  INFO 10764 --- [ProfileMs] [restartedMain] c.n.d.s.r.aws.ConfigClusterResolver      : Resolving eureka endpoints via configuration
2026-09-02T01:41:51.504-07:00  INFO 10368 --- [ProfileMs] [restartedMain] com.netflix.discovery.DiscoveryClient    : Disable delta property : false
2026-09-02T01:41:51.505-07:00  INFO 10368 --- [ProfileMs] [restartedMain] com.netflix.discovery.DiscoveryClient    : Single vip registry refresh property : null
2026-09-02T01:41:51.506-07:00  INFO 10368 --- [ProfileMs] [restartedMain] com.netflix.discovery.DiscoveryClient    : Force full registry fetch : false
2026-09-02T01:41:51.506-07:00  INFO 10368 --- [ProfileMs] [restartedMain] com.netflix.discovery.DiscoveryClient    : Application is null : false
2026-09-02T01:41:51.506-07:00  INFO 10368 --- [ProfileMs] [restartedMain] com.netflix.discovery.DiscoveryClient    : Registered Applications size is zero : true
2026-09-02T01:41:51.507-07:00  INFO 10368 --- [ProfileMs] [restartedMain] com.netflix.discovery.DiscoveryClient    : Application version is -1: true
2026-09-02T01:41:51.507-07:00  INFO 10368 --- [ProfileMs] [restartedMain] com.netflix.discovery.DiscoveryClient    : Getting all instance registry info from the eureka server
2026-09-02T01:41:51.513-07:00  INFO 10764 --- [ProfileMs] [restartedMain] com.netflix.discovery.DiscoveryClient    : Disable delta property : false
2026-09-02T01:41:51.515-07:00  INFO 10764 --- [ProfileMs] [restartedMain] com.netflix.discovery.DiscoveryClient    : Single vip registry refresh property : null
2026-09-02T01:41:51.515-07:00  INFO 10764 --- [ProfileMs] [restartedMain] com.netflix.discovery.DiscoveryClient    : Force full registry fetch : false
2026-09-02T01:41:51.516-07:00  INFO 10764 --- [ProfileMs] [restartedMain] com.netflix.discovery.DiscoveryClient    : Application is null : false
2026-09-02T01:41:51.516-07:00  INFO 10764 --- [ProfileMs] [restartedMain] com.netflix.discovery.DiscoveryClient    : Registered Applications size is zero : true
2026-09-02T01:41:51.516-07:00  INFO 10764 --- [ProfileMs] [restartedMain] com.netflix.discovery.DiscoveryClient    : Application version is -1: true
2026-09-02T01:41:51.516-07:00  INFO 10764 --- [ProfileMs] [restartedMain] com.netflix.discovery.DiscoveryClient    : Getting all instance registry info from the eureka server
2026-09-02T01:41:52.754-07:00  INFO 10368 --- [ProfileMs] [restartedMain] com.netflix.discovery.DiscoveryClient    : The response status is 200
2026-09-02T01:41:52.758-07:00  INFO 10764 --- [ProfileMs] [restartedMain] com.netflix.discovery.DiscoveryClient    : The response status is 200
2026-09-02T01:41:52.759-07:00  INFO 10368 --- [ProfileMs] [restartedMain] com.netflix.discovery.DiscoveryClient    : Starting heartbeat executor: renew interval is: 30
2026-09-02T01:41:52.763-07:00  INFO 10764 --- [ProfileMs] [restartedMain] com.netflix.discovery.DiscoveryClient    : Starting heartbeat executor: renew interval is: 30
2026-09-02T01:41:52.764-07:00  INFO 10368 --- [ProfileMs] [restartedMain] c.n.discovery.InstanceInfoReplicator     : InstanceInfoReplicator onDemand update allowed rate per min is 4
2026-09-02T01:41:52.768-07:00  INFO 10764 --- [ProfileMs] [restartedMain] c.n.discovery.InstanceInfoReplicator     : InstanceInfoReplicator onDemand update allowed rate per min is 4
2026-09-02T01:41:52.770-07:00  INFO 10368 --- [ProfileMs] [restartedMain] com.netflix.discovery.DiscoveryClient    : Discovery Client initialized at timestamp 1788338512768 with initial instances count: 1
2026-09-02T01:41:52.775-07:00  INFO 10764 --- [ProfileMs] [restartedMain] com.netflix.discovery.DiscoveryClient    : Discovery Client initialized at timestamp 1788338512773 with initial instances count: 1
2026-09-02T01:41:52.780-07:00  INFO 10368 --- [ProfileMs] [restartedMain] o.s.c.n.e.s.EurekaServiceRegistry        : Registering application PROFILEMS with eureka with status UP
2026-09-02T01:41:52.783-07:00  INFO 10368 --- [ProfileMs] [restartedMain] com.netflix.discovery.DiscoveryClient    : Saw local status change event StatusChangeEvent [timestamp=1788338512783, current=UP, previous=STARTING]
2026-09-02T01:41:52.787-07:00  INFO 10368 --- [ProfileMs] [DiscoveryClient-InstanceInfoReplicator-%d] com.netflix.discovery.DiscoveryClient    : DiscoveryClient_PROFILEMS/DESKTOP-97B0AF6:ProfileMs:8081: registering service...
2026-09-02T01:41:52.788-07:00  INFO 10764 --- [ProfileMs] [restartedMain] o.s.c.n.e.s.EurekaServiceRegistry        : Registering application PROFILEMS with eureka with status UP
2026-09-02T01:41:52.791-07:00  INFO 10764 --- [ProfileMs] [restartedMain] com.netflix.discovery.DiscoveryClient    : Saw local status change event StatusChangeEvent [timestamp=1788338512791, current=UP, previous=STARTING]
2026-09-02T01:41:52.795-07:00  INFO 10764 --- [ProfileMs] [DiscoveryClient-InstanceInfoReplicator-%d] com.netflix.discovery.DiscoveryClient    : DiscoveryClient_PROFILEMS/DESKTOP-97B0AF6:ProfileMs:8081: registering service...
2026-09-02T01:41:52.845-07:00  INFO 10368 --- [ProfileMs] [restartedMain] o.s.c.n.e.s.EurekaServiceRegistry        : Unregistering application PROFILEMS with eureka with status DOWN
2026-09-02T01:41:52.846-07:00  INFO 10368 --- [ProfileMs] [restartedMain] com.netflix.discovery.DiscoveryClient    : Saw local status change event StatusChangeEvent [timestamp=1788338512846, current=DOWN, previous=UP]
2026-09-02T01:41:52.849-07:00  WARN 10368 --- [ProfileMs] [restartedMain] ConfigServletWebServerApplicationContext : Exception encountered during context initialization - cancelling refresh attempt: org.springframework.context.ApplicationContextException: Failed to start bean 'webServerStartStop'
2026-09-02T01:41:52.859-07:00  INFO 10368 --- [ProfileMs] [restartedMain] j.LocalContainerEntityManagerFactoryBean : Closing JPA EntityManagerFactory for persistence unit 'default'
2026-09-02T01:41:52.900-07:00  INFO 10368 --- [ProfileMs] [restartedMain] com.zaxxer.hikari.HikariDataSource       : HikariPool-1 - Shutdown initiated...
2026-09-02T01:41:52.910-07:00  INFO 10764 --- [ProfileMs] [restartedMain] o.s.b.w.embedded.tomcat.TomcatWebServer  : Tomcat started on port 8081 (http) with context path '/'
2026-09-02T01:41:52.914-07:00  INFO 10764 --- [ProfileMs] [restartedMain] .s.c.n.e.s.EurekaAutoServiceRegistration : Updating port to 8081
2026-09-02T01:41:52.948-07:00  INFO 10764 --- [ProfileMs] [DiscoveryClient-InstanceInfoReplicator-%d] com.netflix.discovery.DiscoveryClient    : DiscoveryClient_PROFILEMS/DESKTOP-97B0AF6:ProfileMs:8081 - registration status: 204
2026-09-02T01:41:52.957-07:00  INFO 10368 --- [ProfileMs] [DiscoveryClient-InstanceInfoReplicator-%d] com.netflix.discovery.DiscoveryClient    : DiscoveryClient_PROFILEMS/DESKTOP-97B0AF6:ProfileMs:8081 - registration status: 204
2026-09-02T01:41:52.957-07:00  INFO 10368 --- [ProfileMs] [DiscoveryClient-InstanceInfoReplicator-%d] com.netflix.discovery.DiscoveryClient    : DiscoveryClient_PROFILEMS/DESKTOP-97B0AF6:ProfileMs:8081: registering service...
2026-09-02T01:41:52.974-07:00  INFO 10368 --- [ProfileMs] [DiscoveryClient-InstanceInfoReplicator-%d] com.netflix.discovery.DiscoveryClient    : DiscoveryClient_PROFILEMS/DESKTOP-97B0AF6:ProfileMs:8081 - registration status: 204
2026-09-02T01:41:52.983-07:00  INFO 10368 --- [ProfileMs] [restartedMain] com.zaxxer.hikari.HikariDataSource       : HikariPool-1 - Shutdown completed.
2026-09-02T01:41:52.984-07:00  INFO 10368 --- [ProfileMs] [restartedMain] com.netflix.discovery.DiscoveryClient    : Shutting down DiscoveryClient ...
2026-09-02T01:41:53.309-07:00  INFO 10764 --- [ProfileMs] [restartedMain] com.hms.profile.ProfileMsApplication     : Started ProfileMsApplication in 21.227 seconds (process running for 27.865)
2026-09-02T01:41:56.012-07:00  INFO 10368 --- [ProfileMs] [restartedMain] com.netflix.discovery.DiscoveryClient    : Unregistering ...
2026-09-02T01:41:56.089-07:00  INFO 10368 --- [ProfileMs] [restartedMain] com.netflix.discovery.DiscoveryClient    : DiscoveryClient_PROFILEMS/DESKTOP-97B0AF6:ProfileMs:8081 - deregister  status: 200
2026-09-02T01:41:56.089-07:00  INFO 10368 --- [ProfileMs] [restartedMain] com.netflix.discovery.DiscoveryClient    : Completed shut down of DiscoveryClient
2026-09-02T01:41:56.206-07:00  INFO 10368 --- [ProfileMs] [restartedMain] .s.b.a.l.ConditionEvaluationReportLogger : 

Error starting ApplicationContext. To display the condition evaluation report re-run your application with 'debug' enabled.
2026-09-02T01:41:56.273-07:00 ERROR 10368 --- [ProfileMs] [restartedMain] o.s.b.d.LoggingFailureAnalysisReporter   : 

***************************
APPLICATION FAILED TO START
***************************

Description:

Web server failed to start. Port 8081 was already in use.

Action:

Identify and stop the process that's listening on port 8081 or configure this application to listen on another port.

2026-09-02T01:42:23.257-07:00  INFO 10764 --- [ProfileMs] [DiscoveryClient-HeartbeatExecutor-%d] com.netflix.discovery.DiscoveryClient    : DiscoveryClient_PROFILEMS/DESKTOP-97B0AF6:ProfileMs:8081 - Re-registering apps/PROFILEMS
2026-09-02T01:42:23.258-07:00  INFO 10764 --- [ProfileMs] [DiscoveryClient-HeartbeatExecutor-%d] com.netflix.discovery.DiscoveryClient    : DiscoveryClient_PROFILEMS/DESKTOP-97B0AF6:ProfileMs:8081: registering service...
2026-09-02T01:42:23.270-07:00  INFO 10764 --- [ProfileMs] [DiscoveryClient-HeartbeatExecutor-%d] com.netflix.discovery.DiscoveryClient    : DiscoveryClient_PROFILEMS/DESKTOP-97B0AF6:ProfileMs:8081 - registration status: 204
2026-09-02T01:43:35.250-07:00  INFO 8772 --- [ProfileMs] [restartedMain] com.hms.profile.ProfileMsApplication     : Starting ProfileMsApplication using Java 17.0.7 with PID 8772 (E:\STS-Projects\hms-backend\ProfileMs\target\classes started by KAUSAL in E:\STS-Projects\hms-backend\ProfileMs)
2026-09-02T01:43:35.259-07:00  INFO 8772 --- [ProfileMs] [restartedMain] com.hms.profile.ProfileMsApplication     : The following 1 profile is active: "--server.port=8081"
2026-09-02T01:43:35.398-07:00  INFO 8772 --- [ProfileMs] [restartedMain] .e.DevToolsPropertyDefaultsPostProcessor : Devtools property defaults active! Set 'spring.devtools.add-properties' to 'false' to disable
2026-09-02T01:43:35.399-07:00  INFO 8772 --- [ProfileMs] [restartedMain] .e.DevToolsPropertyDefaultsPostProcessor : For additional web related logging consider setting the 'logging.level.web' property to 'DEBUG'
2026-09-02T01:43:37.797-07:00  INFO 8772 --- [ProfileMs] [restartedMain] .s.d.r.c.RepositoryConfigurationDelegate : Bootstrapping Spring Data JPA repositories in DEFAULT mode.
2026-09-02T01:43:38.261-07:00  INFO 8772 --- [ProfileMs] [restartedMain] .s.d.r.c.RepositoryConfigurationDelegate : Finished Spring Data repository scanning in 425 ms. Found 2 JPA repository interfaces.
2026-09-02T01:43:39.052-07:00  INFO 8772 --- [ProfileMs] [restartedMain] o.s.cloud.context.scope.GenericScope     : BeanFactory id=96123092-2c4b-3750-8219-920c75482262
2026-09-02T01:43:40.060-07:00  INFO 8772 --- [ProfileMs] [restartedMain] o.s.b.w.embedded.tomcat.TomcatWebServer  : Tomcat initialized with port 8081 (http)
2026-09-02T01:43:40.092-07:00  INFO 8772 --- [ProfileMs] [restartedMain] o.apache.catalina.core.StandardService   : Starting service [Tomcat]
2026-09-02T01:43:40.093-07:00  INFO 8772 --- [ProfileMs] [restartedMain] o.apache.catalina.core.StandardEngine    : Starting Servlet engine: [Apache Tomcat/10.1.34]
2026-09-02T01:43:40.238-07:00  INFO 8772 --- [ProfileMs] [restartedMain] o.a.c.c.C.[Tomcat].[localhost].[/]       : Initializing Spring embedded WebApplicationContext
2026-09-02T01:43:40.240-07:00  INFO 8772 --- [ProfileMs] [restartedMain] w.s.c.ServletWebServerApplicationContext : Root WebApplicationContext: initialization completed in 4839 ms
2026-09-02T01:43:40.568-07:00  INFO 8772 --- [ProfileMs] [restartedMain] o.hibernate.jpa.internal.util.LogHelper  : HHH000204: Processing PersistenceUnitInfo [name: default]
2026-09-02T01:43:40.718-07:00  INFO 8772 --- [ProfileMs] [restartedMain] org.hibernate.Version                    : HHH000412: Hibernate ORM core version 6.6.4.Final
2026-09-02T01:43:40.806-07:00  INFO 8772 --- [ProfileMs] [restartedMain] o.h.c.internal.RegionFactoryInitiator    : HHH000026: Second-level cache disabled
2026-09-02T01:43:41.538-07:00  INFO 8772 --- [ProfileMs] [restartedMain] o.s.o.j.p.SpringPersistenceUnitInfo      : No LoadTimeWeaver setup: ignoring JPA class transformer
2026-09-02T01:43:41.615-07:00  INFO 8772 --- [ProfileMs] [restartedMain] com.zaxxer.hikari.HikariDataSource       : HikariPool-1 - Starting...
2026-09-02T01:43:42.069-07:00  INFO 8772 --- [ProfileMs] [restartedMain] com.zaxxer.hikari.pool.HikariPool        : HikariPool-1 - Added connection com.mysql.cj.jdbc.ConnectionImpl@711c685
2026-09-02T01:43:42.074-07:00  INFO 8772 --- [ProfileMs] [restartedMain] com.zaxxer.hikari.HikariDataSource       : HikariPool-1 - Start completed.
2026-09-02T01:43:42.211-07:00  WARN 8772 --- [ProfileMs] [restartedMain] org.hibernate.orm.deprecation            : HHH90000025: MySQLDialect does not need to be specified explicitly using 'hibernate.dialect' (remove the property setting and it will be selected by default)
2026-09-02T01:43:42.259-07:00  INFO 8772 --- [ProfileMs] [restartedMain] org.hibernate.orm.connections.pooling    : HHH10001005: Database info:
	Database JDBC URL [Connecting through datasource 'HikariDataSource (HikariPool-1)']
	Database driver: undefined/unknown
	Database version: 8.0.46
	Autocommit mode: undefined/unknown
	Isolation level: undefined/unknown
	Minimum pool size: undefined/unknown
	Maximum pool size: undefined/unknown
2026-09-02T01:43:44.064-07:00  INFO 8772 --- [ProfileMs] [restartedMain] o.h.e.t.j.p.i.JtaPlatformInitiator       : HHH000489: No JTA platform available (set 'hibernate.transaction.jta.platform' to enable JTA platform integration)
2026-09-02T01:43:44.169-07:00  INFO 8772 --- [ProfileMs] [restartedMain] j.LocalContainerEntityManagerFactoryBean : Initialized JPA EntityManagerFactory for persistence unit 'default'
2026-09-02T01:43:44.640-07:00  INFO 8772 --- [ProfileMs] [restartedMain] o.s.d.j.r.query.QueryEnhancerFactory     : Hibernate is in classpath; If applicable, HQL parser will be used.
2026-09-02T01:43:45.633-07:00  WARN 8772 --- [ProfileMs] [restartedMain] JpaBaseConfiguration$JpaWebConfiguration : spring.jpa.open-in-view is enabled by default. Therefore, database queries may be performed during view rendering. Explicitly configure spring.jpa.open-in-view to disable this warning
2026-09-02T01:43:46.697-07:00  WARN 8772 --- [ProfileMs] [restartedMain] o.s.b.d.a.OptionalLiveReloadServer       : Unable to start LiveReload server
2026-09-02T01:43:47.278-07:00  INFO 8772 --- [ProfileMs] [restartedMain] DiscoveryClientOptionalArgsConfiguration : Eureka HTTP Client uses RestTemplate.
2026-09-02T01:43:47.355-07:00  WARN 8772 --- [ProfileMs] [restartedMain] iguration$LoadBalancerCaffeineWarnLogger : Spring Cloud LoadBalancer is currently working with the default cache. While this cache implementation is useful for development and tests, it's recommended to use Caffeine cache in production.You can switch to using Caffeine cache, by adding it and org.springframework.cache.caffeine.CaffeineCacheManager to the classpath.
2026-09-02T01:43:47.482-07:00  INFO 8772 --- [ProfileMs] [restartedMain] o.s.c.n.eureka.InstanceInfoFactory       : Setting initial instance status as: STARTING
2026-09-02T01:43:47.551-07:00  INFO 8772 --- [ProfileMs] [restartedMain] com.netflix.discovery.DiscoveryClient    : Initializing Eureka in region us-east-1
2026-09-02T01:43:47.564-07:00  INFO 8772 --- [ProfileMs] [restartedMain] c.n.d.s.r.aws.ConfigClusterResolver      : Resolving eureka endpoints via configuration
2026-09-02T01:43:47.593-07:00  INFO 8772 --- [ProfileMs] [restartedMain] com.netflix.discovery.DiscoveryClient    : Disable delta property : false
2026-09-02T01:43:47.595-07:00  INFO 8772 --- [ProfileMs] [restartedMain] com.netflix.discovery.DiscoveryClient    : Single vip registry refresh property : null
2026-09-02T01:43:47.596-07:00  INFO 8772 --- [ProfileMs] [restartedMain] com.netflix.discovery.DiscoveryClient    : Force full registry fetch : false
2026-09-02T01:43:47.596-07:00  INFO 8772 --- [ProfileMs] [restartedMain] com.netflix.discovery.DiscoveryClient    : Application is null : false
2026-09-02T01:43:47.597-07:00  INFO 8772 --- [ProfileMs] [restartedMain] com.netflix.discovery.DiscoveryClient    : Registered Applications size is zero : true
2026-09-02T01:43:47.597-07:00  INFO 8772 --- [ProfileMs] [restartedMain] com.netflix.discovery.DiscoveryClient    : Application version is -1: true
2026-09-02T01:43:47.597-07:00  INFO 8772 --- [ProfileMs] [restartedMain] com.netflix.discovery.DiscoveryClient    : Getting all instance registry info from the eureka server
2026-09-02T01:43:48.398-07:00  INFO 8772 --- [ProfileMs] [restartedMain] com.netflix.discovery.DiscoveryClient    : The response status is 200
2026-09-02T01:43:48.403-07:00  INFO 8772 --- [ProfileMs] [restartedMain] com.netflix.discovery.DiscoveryClient    : Starting heartbeat executor: renew interval is: 30
2026-09-02T01:43:48.409-07:00  INFO 8772 --- [ProfileMs] [restartedMain] c.n.discovery.InstanceInfoReplicator     : InstanceInfoReplicator onDemand update allowed rate per min is 4
2026-09-02T01:43:48.413-07:00  INFO 8772 --- [ProfileMs] [restartedMain] com.netflix.discovery.DiscoveryClient    : Discovery Client initialized at timestamp 1788338628412 with initial instances count: 2
2026-09-02T01:43:48.420-07:00  INFO 8772 --- [ProfileMs] [restartedMain] o.s.c.n.e.s.EurekaServiceRegistry        : Registering application PROFILEMS with eureka with status UP
2026-09-02T01:43:48.423-07:00  INFO 8772 --- [ProfileMs] [restartedMain] com.netflix.discovery.DiscoveryClient    : Saw local status change event StatusChangeEvent [timestamp=1788338628423, current=UP, previous=STARTING]
2026-09-02T01:43:48.427-07:00  INFO 8772 --- [ProfileMs] [DiscoveryClient-InstanceInfoReplicator-%d] com.netflix.discovery.DiscoveryClient    : DiscoveryClient_PROFILEMS/DESKTOP-97B0AF6:ProfileMs:8081: registering service...
2026-09-02T01:43:48.440-07:00  INFO 8772 --- [ProfileMs] [restartedMain] o.s.c.n.e.s.EurekaServiceRegistry        : Unregistering application PROFILEMS with eureka with status DOWN
2026-09-02T01:43:48.442-07:00  INFO 8772 --- [ProfileMs] [restartedMain] com.netflix.discovery.DiscoveryClient    : Saw local status change event StatusChangeEvent [timestamp=1788338628442, current=DOWN, previous=UP]
2026-09-02T01:43:48.443-07:00  WARN 8772 --- [ProfileMs] [restartedMain] ConfigServletWebServerApplicationContext : Exception encountered during context initialization - cancelling refresh attempt: org.springframework.context.ApplicationContextException: Failed to start bean 'webServerStartStop'
2026-09-02T01:43:48.454-07:00  INFO 8772 --- [ProfileMs] [restartedMain] j.LocalContainerEntityManagerFactoryBean : Closing JPA EntityManagerFactory for persistence unit 'default'
2026-09-02T01:43:48.463-07:00  INFO 8772 --- [ProfileMs] [restartedMain] com.zaxxer.hikari.HikariDataSource       : HikariPool-1 - Shutdown initiated...
2026-09-02T01:43:48.482-07:00  INFO 8772 --- [ProfileMs] [restartedMain] com.zaxxer.hikari.HikariDataSource       : HikariPool-1 - Shutdown completed.
2026-09-02T01:43:48.483-07:00  INFO 8772 --- [ProfileMs] [restartedMain] com.netflix.discovery.DiscoveryClient    : Shutting down DiscoveryClient ...
2026-09-02T01:43:48.523-07:00  INFO 8772 --- [ProfileMs] [DiscoveryClient-InstanceInfoReplicator-%d] com.netflix.discovery.DiscoveryClient    : DiscoveryClient_PROFILEMS/DESKTOP-97B0AF6:ProfileMs:8081 - registration status: 204
2026-09-02T01:43:48.524-07:00  INFO 8772 --- [ProfileMs] [DiscoveryClient-InstanceInfoReplicator-%d] com.netflix.discovery.DiscoveryClient    : DiscoveryClient_PROFILEMS/DESKTOP-97B0AF6:ProfileMs:8081: registering service...
2026-09-02T01:43:48.534-07:00  INFO 8772 --- [ProfileMs] [DiscoveryClient-InstanceInfoReplicator-%d] com.netflix.discovery.DiscoveryClient    : DiscoveryClient_PROFILEMS/DESKTOP-97B0AF6:ProfileMs:8081 - registration status: 204
2026-09-02T01:43:48.535-07:00  INFO 8772 --- [ProfileMs] [restartedMain] com.netflix.discovery.DiscoveryClient    : Unregistering ...
2026-09-02T01:43:48.547-07:00  INFO 8772 --- [ProfileMs] [restartedMain] com.netflix.discovery.DiscoveryClient    : DiscoveryClient_PROFILEMS/DESKTOP-97B0AF6:ProfileMs:8081 - deregister  status: 200
2026-09-02T01:43:48.549-07:00  INFO 8772 --- [ProfileMs] [restartedMain] com.netflix.discovery.DiscoveryClient    : Completed shut down of DiscoveryClient
2026-09-02T01:43:48.589-07:00  INFO 8772 --- [ProfileMs] [restartedMain] .s.b.a.l.ConditionEvaluationReportLogger : 

Error starting ApplicationContext. To display the condition evaluation report re-run your application with 'debug' enabled.
2026-09-02T01:43:48.637-07:00 ERROR 8772 --- [ProfileMs] [restartedMain] o.s.b.d.LoggingFailureAnalysisReporter   : 

***************************
APPLICATION FAILED TO START
***************************

Description:

Web server failed to start. Port 8081 was already in use.

Action:

Identify and stop the process that's listening on port 8081 or configure this application to listen on another port.

2026-09-02T01:43:53.372-07:00  INFO 10764 --- [ProfileMs] [DiscoveryClient-HeartbeatExecutor-%d] com.netflix.discovery.DiscoveryClient    : DiscoveryClient_PROFILEMS/DESKTOP-97B0AF6:ProfileMs:8081 - Re-registering apps/PROFILEMS
2026-09-02T01:43:53.403-07:00  INFO 10764 --- [ProfileMs] [DiscoveryClient-HeartbeatExecutor-%d] com.netflix.discovery.DiscoveryClient    : DiscoveryClient_PROFILEMS/DESKTOP-97B0AF6:ProfileMs:8081: registering service...
2026-09-02T01:43:53.432-07:00  INFO 10764 --- [ProfileMs] [DiscoveryClient-HeartbeatExecutor-%d] com.netflix.discovery.DiscoveryClient    : DiscoveryClient_PROFILEMS/DESKTOP-97B0AF6:ProfileMs:8081 - registration status: 204
2026-09-02T01:43:54.500-07:00  INFO 10764 --- [ProfileMs] [RMI TCP Connection(6)-127.0.0.1] inMXBeanRegistrar$SpringApplicationAdmin : Application shutdown requested.
2026-09-02T01:43:54.548-07:00  INFO 10764 --- [ProfileMs] [RMI TCP Connection(6)-127.0.0.1] o.s.c.n.e.s.EurekaServiceRegistry        : Unregistering application PROFILEMS with eureka with status DOWN
2026-09-02T01:43:54.549-07:00  INFO 10764 --- [ProfileMs] [RMI TCP Connection(6)-127.0.0.1] com.netflix.discovery.DiscoveryClient    : Saw local status change event StatusChangeEvent [timestamp=1788338634549, current=DOWN, previous=UP]
2026-09-02T01:43:54.550-07:00  INFO 10764 --- [ProfileMs] [DiscoveryClient-InstanceInfoReplicator-%d] com.netflix.discovery.DiscoveryClient    : DiscoveryClient_PROFILEMS/DESKTOP-97B0AF6:ProfileMs:8081: registering service...
2026-09-02T01:43:54.562-07:00  INFO 10764 --- [ProfileMs] [DiscoveryClient-InstanceInfoReplicator-%d] com.netflix.discovery.DiscoveryClient    : DiscoveryClient_PROFILEMS/DESKTOP-97B0AF6:ProfileMs:8081 - registration status: 204
2026-09-02T01:43:54.627-07:00  INFO 10764 --- [ProfileMs] [RMI TCP Connection(6)-127.0.0.1] o.s.b.w.e.tomcat.GracefulShutdown        : Commencing graceful shutdown. Waiting for active requests to complete
2026-09-02T01:43:54.722-07:00  INFO 10764 --- [ProfileMs] [tomcat-shutdown] o.s.b.w.e.tomcat.GracefulShutdown        : Graceful shutdown complete
2026-09-02T01:43:54.761-07:00  INFO 10764 --- [ProfileMs] [RMI TCP Connection(6)-127.0.0.1] j.LocalContainerEntityManagerFactoryBean : Closing JPA EntityManagerFactory for persistence unit 'default'
2026-09-02T01:43:54.804-07:00  INFO 10764 --- [ProfileMs] [RMI TCP Connection(6)-127.0.0.1] com.zaxxer.hikari.HikariDataSource       : HikariPool-1 - Shutdown initiated...
2026-09-02T01:43:54.855-07:00  INFO 10764 --- [ProfileMs] [RMI TCP Connection(6)-127.0.0.1] com.zaxxer.hikari.HikariDataSource       : HikariPool-1 - Shutdown completed.
2026-09-02T01:43:54.857-07:00  INFO 10764 --- [ProfileMs] [RMI TCP Connection(6)-127.0.0.1] com.netflix.discovery.DiscoveryClient    : Shutting down DiscoveryClient ...
2026-09-02T01:43:57.862-07:00  INFO 10764 --- [ProfileMs] [RMI TCP Connection(6)-127.0.0.1] com.netflix.discovery.DiscoveryClient    : Unregistering ...
2026-09-02T01:43:57.896-07:00  INFO 10764 --- [ProfileMs] [RMI TCP Connection(6)-127.0.0.1] com.netflix.discovery.DiscoveryClient    : DiscoveryClient_PROFILEMS/DESKTOP-97B0AF6:ProfileMs:8081 - deregister  status: 200
2026-09-02T01:43:57.897-07:00  INFO 10764 --- [ProfileMs] [RMI TCP Connection(6)-127.0.0.1] com.netflix.discovery.DiscoveryClient    : Completed shut down of DiscoveryClient
2026-09-02T01:44:10.814-07:00  INFO 7156 --- [ProfileMs] [restartedMain] com.hms.profile.ProfileMsApplication     : Starting ProfileMsApplication using Java 17.0.7 with PID 7156 (E:\STS-Projects\hms-backend\ProfileMs\target\classes started by KAUSAL in E:\STS-Projects\hms-backend\ProfileMs)
2026-09-02T01:44:10.823-07:00  INFO 7156 --- [ProfileMs] [restartedMain] com.hms.profile.ProfileMsApplication     : The following 1 profile is active: "--server.port=8086"
2026-09-02T01:44:10.989-07:00  INFO 7156 --- [ProfileMs] [restartedMain] .e.DevToolsPropertyDefaultsPostProcessor : Devtools property defaults active! Set 'spring.devtools.add-properties' to 'false' to disable
2026-09-02T01:44:10.993-07:00  INFO 7156 --- [ProfileMs] [restartedMain] .e.DevToolsPropertyDefaultsPostProcessor : For additional web related logging consider setting the 'logging.level.web' property to 'DEBUG'
2026-09-02T01:44:12.376-07:00  INFO 14668 --- [ProfileMs] [restartedMain] com.hms.profile.ProfileMsApplication     : Starting ProfileMsApplication using Java 17.0.7 with PID 14668 (E:\STS-Projects\hms-backend\ProfileMs\target\classes started by KAUSAL in E:\STS-Projects\hms-backend\ProfileMs)
2026-09-02T01:44:12.382-07:00  INFO 14668 --- [ProfileMs] [restartedMain] com.hms.profile.ProfileMsApplication     : The following 1 profile is active: "--server.port=8081"
2026-09-02T01:44:12.512-07:00  INFO 14668 --- [ProfileMs] [restartedMain] .e.DevToolsPropertyDefaultsPostProcessor : Devtools property defaults active! Set 'spring.devtools.add-properties' to 'false' to disable
2026-09-02T01:44:12.513-07:00  INFO 14668 --- [ProfileMs] [restartedMain] .e.DevToolsPropertyDefaultsPostProcessor : For additional web related logging consider setting the 'logging.level.web' property to 'DEBUG'
2026-09-02T01:44:13.820-07:00  INFO 7156 --- [ProfileMs] [restartedMain] .s.d.r.c.RepositoryConfigurationDelegate : Bootstrapping Spring Data JPA repositories in DEFAULT mode.
2026-09-02T01:44:14.295-07:00  INFO 7156 --- [ProfileMs] [restartedMain] .s.d.r.c.RepositoryConfigurationDelegate : Finished Spring Data repository scanning in 442 ms. Found 2 JPA repository interfaces.
2026-09-02T01:44:14.732-07:00  INFO 14668 --- [ProfileMs] [restartedMain] .s.d.r.c.RepositoryConfigurationDelegate : Bootstrapping Spring Data JPA repositories in DEFAULT mode.
2026-09-02T01:44:15.047-07:00  INFO 7156 --- [ProfileMs] [restartedMain] o.s.cloud.context.scope.GenericScope     : BeanFactory id=96123092-2c4b-3750-8219-920c75482262
2026-09-02T01:44:15.165-07:00  INFO 14668 --- [ProfileMs] [restartedMain] .s.d.r.c.RepositoryConfigurationDelegate : Finished Spring Data repository scanning in 409 ms. Found 2 JPA repository interfaces.
2026-09-02T01:44:16.001-07:00  INFO 14668 --- [ProfileMs] [restartedMain] o.s.cloud.context.scope.GenericScope     : BeanFactory id=96123092-2c4b-3750-8219-920c75482262
2026-09-02T01:44:16.414-07:00  INFO 7156 --- [ProfileMs] [restartedMain] o.s.b.w.embedded.tomcat.TomcatWebServer  : Tomcat initialized with port 8081 (http)
2026-09-02T01:44:16.447-07:00  INFO 7156 --- [ProfileMs] [restartedMain] o.apache.catalina.core.StandardService   : Starting service [Tomcat]
2026-09-02T01:44:16.449-07:00  INFO 7156 --- [ProfileMs] [restartedMain] o.apache.catalina.core.StandardEngine    : Starting Servlet engine: [Apache Tomcat/10.1.34]
2026-09-02T01:44:16.631-07:00  INFO 7156 --- [ProfileMs] [restartedMain] o.a.c.c.C.[Tomcat].[localhost].[/]       : Initializing Spring embedded WebApplicationContext
2026-09-02T01:44:16.632-07:00  INFO 7156 --- [ProfileMs] [restartedMain] w.s.c.ServletWebServerApplicationContext : Root WebApplicationContext: initialization completed in 5636 ms
2026-09-02T01:44:17.279-07:00  INFO 7156 --- [ProfileMs] [restartedMain] o.hibernate.jpa.internal.util.LogHelper  : HHH000204: Processing PersistenceUnitInfo [name: default]
2026-09-02T01:44:17.474-07:00  INFO 7156 --- [ProfileMs] [restartedMain] org.hibernate.Version                    : HHH000412: Hibernate ORM core version 6.6.4.Final
2026-09-02T01:44:17.577-07:00  INFO 14668 --- [ProfileMs] [restartedMain] o.s.b.w.embedded.tomcat.TomcatWebServer  : Tomcat initialized with port 8081 (http)
2026-09-02T01:44:17.588-07:00  INFO 7156 --- [ProfileMs] [restartedMain] o.h.c.internal.RegionFactoryInitiator    : HHH000026: Second-level cache disabled
2026-09-02T01:44:17.621-07:00  INFO 14668 --- [ProfileMs] [restartedMain] o.apache.catalina.core.StandardService   : Starting service [Tomcat]
2026-09-02T01:44:17.622-07:00  INFO 14668 --- [ProfileMs] [restartedMain] o.apache.catalina.core.StandardEngine    : Starting Servlet engine: [Apache Tomcat/10.1.34]
2026-09-02T01:44:17.819-07:00  INFO 14668 --- [ProfileMs] [restartedMain] o.a.c.c.C.[Tomcat].[localhost].[/]       : Initializing Spring embedded WebApplicationContext
2026-09-02T01:44:17.822-07:00  INFO 14668 --- [ProfileMs] [restartedMain] w.s.c.ServletWebServerApplicationContext : Root WebApplicationContext: initialization completed in 5305 ms
2026-09-02T01:44:18.329-07:00  INFO 14668 --- [ProfileMs] [restartedMain] o.hibernate.jpa.internal.util.LogHelper  : HHH000204: Processing PersistenceUnitInfo [name: default]
2026-09-02T01:44:18.547-07:00  INFO 14668 --- [ProfileMs] [restartedMain] org.hibernate.Version                    : HHH000412: Hibernate ORM core version 6.6.4.Final
2026-09-02T01:44:18.569-07:00  INFO 7156 --- [ProfileMs] [restartedMain] o.s.o.j.p.SpringPersistenceUnitInfo      : No LoadTimeWeaver setup: ignoring JPA class transformer
2026-09-02T01:44:18.662-07:00  INFO 14668 --- [ProfileMs] [restartedMain] o.h.c.internal.RegionFactoryInitiator    : HHH000026: Second-level cache disabled
2026-09-02T01:44:18.671-07:00  INFO 7156 --- [ProfileMs] [restartedMain] com.zaxxer.hikari.HikariDataSource       : HikariPool-1 - Starting...
2026-09-02T01:44:19.123-07:00  INFO 7156 --- [ProfileMs] [restartedMain] com.zaxxer.hikari.pool.HikariPool        : HikariPool-1 - Added connection com.mysql.cj.jdbc.ConnectionImpl@7f384b56
2026-09-02T01:44:19.128-07:00  INFO 7156 --- [ProfileMs] [restartedMain] com.zaxxer.hikari.HikariDataSource       : HikariPool-1 - Start completed.
2026-09-02T01:44:19.280-07:00  WARN 7156 --- [ProfileMs] [restartedMain] org.hibernate.orm.deprecation            : HHH90000025: MySQLDialect does not need to be specified explicitly using 'hibernate.dialect' (remove the property setting and it will be selected by default)
2026-09-02T01:44:19.335-07:00  INFO 7156 --- [ProfileMs] [restartedMain] org.hibernate.orm.connections.pooling    : HHH10001005: Database info:
	Database JDBC URL [Connecting through datasource 'HikariDataSource (HikariPool-1)']
	Database driver: undefined/unknown
	Database version: 8.0.46
	Autocommit mode: undefined/unknown
	Isolation level: undefined/unknown
	Minimum pool size: undefined/unknown
	Maximum pool size: undefined/unknown
2026-09-02T01:44:19.477-07:00  INFO 14668 --- [ProfileMs] [restartedMain] o.s.o.j.p.SpringPersistenceUnitInfo      : No LoadTimeWeaver setup: ignoring JPA class transformer
2026-09-02T01:44:19.588-07:00  INFO 14668 --- [ProfileMs] [restartedMain] com.zaxxer.hikari.HikariDataSource       : HikariPool-1 - Starting...
2026-09-02T01:44:20.221-07:00  INFO 14668 --- [ProfileMs] [restartedMain] com.zaxxer.hikari.pool.HikariPool        : HikariPool-1 - Added connection com.mysql.cj.jdbc.ConnectionImpl@44ad076f
2026-09-02T01:44:20.227-07:00  INFO 14668 --- [ProfileMs] [restartedMain] com.zaxxer.hikari.HikariDataSource       : HikariPool-1 - Start completed.
2026-09-02T01:44:20.392-07:00  WARN 14668 --- [ProfileMs] [restartedMain] org.hibernate.orm.deprecation            : HHH90000025: MySQLDialect does not need to be specified explicitly using 'hibernate.dialect' (remove the property setting and it will be selected by default)
2026-09-02T01:44:20.469-07:00  INFO 14668 --- [ProfileMs] [restartedMain] org.hibernate.orm.connections.pooling    : HHH10001005: Database info:
	Database JDBC URL [Connecting through datasource 'HikariDataSource (HikariPool-1)']
	Database driver: undefined/unknown
	Database version: 8.0.46
	Autocommit mode: undefined/unknown
	Isolation level: undefined/unknown
	Minimum pool size: undefined/unknown
	Maximum pool size: undefined/unknown
2026-09-02T01:44:22.144-07:00  INFO 7156 --- [ProfileMs] [restartedMain] o.h.e.t.j.p.i.JtaPlatformInitiator       : HHH000489: No JTA platform available (set 'hibernate.transaction.jta.platform' to enable JTA platform integration)
2026-09-02T01:44:22.331-07:00  INFO 7156 --- [ProfileMs] [restartedMain] j.LocalContainerEntityManagerFactoryBean : Initialized JPA EntityManagerFactory for persistence unit 'default'
2026-09-02T01:44:23.105-07:00  INFO 14668 --- [ProfileMs] [restartedMain] o.h.e.t.j.p.i.JtaPlatformInitiator       : HHH000489: No JTA platform available (set 'hibernate.transaction.jta.platform' to enable JTA platform integration)
2026-09-02T01:44:23.142-07:00  INFO 7156 --- [ProfileMs] [restartedMain] o.s.d.j.r.query.QueryEnhancerFactory     : Hibernate is in classpath; If applicable, HQL parser will be used.
2026-09-02T01:44:23.258-07:00  INFO 14668 --- [ProfileMs] [restartedMain] j.LocalContainerEntityManagerFactoryBean : Initialized JPA EntityManagerFactory for persistence unit 'default'
2026-09-02T01:44:23.906-07:00  INFO 14668 --- [ProfileMs] [restartedMain] o.s.d.j.r.query.QueryEnhancerFactory     : Hibernate is in classpath; If applicable, HQL parser will be used.
2026-09-02T01:44:24.738-07:00  WARN 7156 --- [ProfileMs] [restartedMain] JpaBaseConfiguration$JpaWebConfiguration : spring.jpa.open-in-view is enabled by default. Therefore, database queries may be performed during view rendering. Explicitly configure spring.jpa.open-in-view to disable this warning
2026-09-02T01:44:25.609-07:00  WARN 14668 --- [ProfileMs] [restartedMain] JpaBaseConfiguration$JpaWebConfiguration : spring.jpa.open-in-view is enabled by default. Therefore, database queries may be performed during view rendering. Explicitly configure spring.jpa.open-in-view to disable this warning
2026-09-02T01:44:26.410-07:00  WARN 7156 --- [ProfileMs] [restartedMain] o.s.b.d.a.OptionalLiveReloadServer       : Unable to start LiveReload server
2026-09-02T01:44:27.202-07:00  WARN 14668 --- [ProfileMs] [restartedMain] o.s.b.d.a.OptionalLiveReloadServer       : Unable to start LiveReload server
2026-09-02T01:44:27.210-07:00  INFO 7156 --- [ProfileMs] [restartedMain] DiscoveryClientOptionalArgsConfiguration : Eureka HTTP Client uses RestTemplate.
2026-09-02T01:44:27.319-07:00  WARN 7156 --- [ProfileMs] [restartedMain] iguration$LoadBalancerCaffeineWarnLogger : Spring Cloud LoadBalancer is currently working with the default cache. While this cache implementation is useful for development and tests, it's recommended to use Caffeine cache in production.You can switch to using Caffeine cache, by adding it and org.springframework.cache.caffeine.CaffeineCacheManager to the classpath.
2026-09-02T01:44:27.493-07:00  INFO 7156 --- [ProfileMs] [restartedMain] o.s.c.n.eureka.InstanceInfoFactory       : Setting initial instance status as: STARTING
2026-09-02T01:44:27.568-07:00  INFO 7156 --- [ProfileMs] [restartedMain] com.netflix.discovery.DiscoveryClient    : Initializing Eureka in region us-east-1
2026-09-02T01:44:27.583-07:00  INFO 7156 --- [ProfileMs] [restartedMain] c.n.d.s.r.aws.ConfigClusterResolver      : Resolving eureka endpoints via configuration
2026-09-02T01:44:27.612-07:00  INFO 7156 --- [ProfileMs] [restartedMain] com.netflix.discovery.DiscoveryClient    : Disable delta property : false
2026-09-02T01:44:27.614-07:00  INFO 7156 --- [ProfileMs] [restartedMain] com.netflix.discovery.DiscoveryClient    : Single vip registry refresh property : null
2026-09-02T01:44:27.614-07:00  INFO 7156 --- [ProfileMs] [restartedMain] com.netflix.discovery.DiscoveryClient    : Force full registry fetch : false
2026-09-02T01:44:27.615-07:00  INFO 7156 --- [ProfileMs] [restartedMain] com.netflix.discovery.DiscoveryClient    : Application is null : false
2026-09-02T01:44:27.615-07:00  INFO 7156 --- [ProfileMs] [restartedMain] com.netflix.discovery.DiscoveryClient    : Registered Applications size is zero : true
2026-09-02T01:44:27.615-07:00  INFO 7156 --- [ProfileMs] [restartedMain] com.netflix.discovery.DiscoveryClient    : Application version is -1: true
2026-09-02T01:44:27.615-07:00  INFO 7156 --- [ProfileMs] [restartedMain] com.netflix.discovery.DiscoveryClient    : Getting all instance registry info from the eureka server
2026-09-02T01:44:28.049-07:00  INFO 14668 --- [ProfileMs] [restartedMain] DiscoveryClientOptionalArgsConfiguration : Eureka HTTP Client uses RestTemplate.
2026-09-02T01:44:28.154-07:00  WARN 14668 --- [ProfileMs] [restartedMain] iguration$LoadBalancerCaffeineWarnLogger : Spring Cloud LoadBalancer is currently working with the default cache. While this cache implementation is useful for development and tests, it's recommended to use Caffeine cache in production.You can switch to using Caffeine cache, by adding it and org.springframework.cache.caffeine.CaffeineCacheManager to the classpath.
2026-09-02T01:44:28.307-07:00  INFO 14668 --- [ProfileMs] [restartedMain] o.s.c.n.eureka.InstanceInfoFactory       : Setting initial instance status as: STARTING
2026-09-02T01:44:28.371-07:00  INFO 14668 --- [ProfileMs] [restartedMain] com.netflix.discovery.DiscoveryClient    : Initializing Eureka in region us-east-1
2026-09-02T01:44:28.384-07:00  INFO 14668 --- [ProfileMs] [restartedMain] c.n.d.s.r.aws.ConfigClusterResolver      : Resolving eureka endpoints via configuration
2026-09-02T01:44:28.409-07:00  INFO 14668 --- [ProfileMs] [restartedMain] com.netflix.discovery.DiscoveryClient    : Disable delta property : false
2026-09-02T01:44:28.410-07:00  INFO 14668 --- [ProfileMs] [restartedMain] com.netflix.discovery.DiscoveryClient    : Single vip registry refresh property : null
2026-09-02T01:44:28.411-07:00  INFO 14668 --- [ProfileMs] [restartedMain] com.netflix.discovery.DiscoveryClient    : Force full registry fetch : false
2026-09-02T01:44:28.411-07:00  INFO 14668 --- [ProfileMs] [restartedMain] com.netflix.discovery.DiscoveryClient    : Application is null : false
2026-09-02T01:44:28.411-07:00  INFO 14668 --- [ProfileMs] [restartedMain] com.netflix.discovery.DiscoveryClient    : Registered Applications size is zero : true
2026-09-02T01:44:28.412-07:00  INFO 14668 --- [ProfileMs] [restartedMain] com.netflix.discovery.DiscoveryClient    : Application version is -1: true
2026-09-02T01:44:28.412-07:00  INFO 14668 --- [ProfileMs] [restartedMain] com.netflix.discovery.DiscoveryClient    : Getting all instance registry info from the eureka server
2026-09-02T01:44:29.011-07:00  INFO 7156 --- [ProfileMs] [restartedMain] com.netflix.discovery.DiscoveryClient    : The response status is 200
2026-09-02T01:44:29.016-07:00  INFO 7156 --- [ProfileMs] [restartedMain] com.netflix.discovery.DiscoveryClient    : Starting heartbeat executor: renew interval is: 30
2026-09-02T01:44:29.020-07:00  INFO 7156 --- [ProfileMs] [restartedMain] c.n.discovery.InstanceInfoReplicator     : InstanceInfoReplicator onDemand update allowed rate per min is 4
2026-09-02T01:44:29.026-07:00  INFO 7156 --- [ProfileMs] [restartedMain] com.netflix.discovery.DiscoveryClient    : Discovery Client initialized at timestamp 1788338669024 with initial instances count: 1
2026-09-02T01:44:29.037-07:00  INFO 7156 --- [ProfileMs] [restartedMain] o.s.c.n.e.s.EurekaServiceRegistry        : Registering application PROFILEMS with eureka with status UP
2026-09-02T01:44:29.041-07:00  INFO 7156 --- [ProfileMs] [restartedMain] com.netflix.discovery.DiscoveryClient    : Saw local status change event StatusChangeEvent [timestamp=1788338669041, current=UP, previous=STARTING]
2026-09-02T01:44:29.046-07:00  INFO 7156 --- [ProfileMs] [DiscoveryClient-InstanceInfoReplicator-%d] com.netflix.discovery.DiscoveryClient    : DiscoveryClient_PROFILEMS/DESKTOP-97B0AF6:ProfileMs:8081: registering service...
2026-09-02T01:44:29.147-07:00  INFO 7156 --- [ProfileMs] [restartedMain] o.s.b.w.embedded.tomcat.TomcatWebServer  : Tomcat started on port 8081 (http) with context path '/'
2026-09-02T01:44:29.150-07:00  INFO 7156 --- [ProfileMs] [restartedMain] .s.c.n.e.s.EurekaAutoServiceRegistration : Updating port to 8081
2026-09-02T01:44:29.168-07:00  INFO 7156 --- [ProfileMs] [DiscoveryClient-InstanceInfoReplicator-%d] com.netflix.discovery.DiscoveryClient    : DiscoveryClient_PROFILEMS/DESKTOP-97B0AF6:ProfileMs:8081 - registration status: 204
2026-09-02T01:44:29.613-07:00  INFO 14668 --- [ProfileMs] [restartedMain] com.netflix.discovery.DiscoveryClient    : The response status is 200
2026-09-02T01:44:29.618-07:00  INFO 14668 --- [ProfileMs] [restartedMain] com.netflix.discovery.DiscoveryClient    : Starting heartbeat executor: renew interval is: 30
2026-09-02T01:44:29.626-07:00  INFO 14668 --- [ProfileMs] [restartedMain] c.n.discovery.InstanceInfoReplicator     : InstanceInfoReplicator onDemand update allowed rate per min is 4
2026-09-02T01:44:29.631-07:00  INFO 14668 --- [ProfileMs] [restartedMain] com.netflix.discovery.DiscoveryClient    : Discovery Client initialized at timestamp 1788338669629 with initial instances count: 1
2026-09-02T01:44:29.640-07:00  INFO 14668 --- [ProfileMs] [restartedMain] o.s.c.n.e.s.EurekaServiceRegistry        : Registering application PROFILEMS with eureka with status UP
2026-09-02T01:44:29.646-07:00  INFO 14668 --- [ProfileMs] [restartedMain] com.netflix.discovery.DiscoveryClient    : Saw local status change event StatusChangeEvent [timestamp=1788338669646, current=UP, previous=STARTING]
2026-09-02T01:44:29.650-07:00  INFO 14668 --- [ProfileMs] [DiscoveryClient-InstanceInfoReplicator-%d] com.netflix.discovery.DiscoveryClient    : DiscoveryClient_PROFILEMS/DESKTOP-97B0AF6:ProfileMs:8081: registering service...
2026-09-02T01:44:29.655-07:00  INFO 7156 --- [ProfileMs] [restartedMain] com.hms.profile.ProfileMsApplication     : Started ProfileMsApplication in 20.529 seconds (process running for 23.095)
2026-09-02T01:44:29.664-07:00  INFO 14668 --- [ProfileMs] [restartedMain] o.s.c.n.e.s.EurekaServiceRegistry        : Unregistering application PROFILEMS with eureka with status DOWN
2026-09-02T01:44:29.665-07:00  INFO 14668 --- [ProfileMs] [restartedMain] com.netflix.discovery.DiscoveryClient    : Saw local status change event StatusChangeEvent [timestamp=1788338669665, current=DOWN, previous=UP]
2026-09-02T01:44:29.667-07:00  WARN 14668 --- [ProfileMs] [restartedMain] ConfigServletWebServerApplicationContext : Exception encountered during context initialization - cancelling refresh attempt: org.springframework.context.ApplicationContextException: Failed to start bean 'webServerStartStop'
2026-09-02T01:44:29.677-07:00  INFO 14668 --- [ProfileMs] [restartedMain] j.LocalContainerEntityManagerFactoryBean : Closing JPA EntityManagerFactory for persistence unit 'default'
2026-09-02T01:44:29.686-07:00  INFO 14668 --- [ProfileMs] [restartedMain] com.zaxxer.hikari.HikariDataSource       : HikariPool-1 - Shutdown initiated...
2026-09-02T01:44:29.745-07:00  INFO 14668 --- [ProfileMs] [DiscoveryClient-InstanceInfoReplicator-%d] com.netflix.discovery.DiscoveryClient    : DiscoveryClient_PROFILEMS/DESKTOP-97B0AF6:ProfileMs:8081 - registration status: 204
2026-09-02T01:44:29.745-07:00  INFO 14668 --- [ProfileMs] [DiscoveryClient-InstanceInfoReplicator-%d] com.netflix.discovery.DiscoveryClient    : DiscoveryClient_PROFILEMS/DESKTOP-97B0AF6:ProfileMs:8081: registering service...
2026-09-02T01:44:29.756-07:00  INFO 14668 --- [ProfileMs] [DiscoveryClient-InstanceInfoReplicator-%d] com.netflix.discovery.DiscoveryClient    : DiscoveryClient_PROFILEMS/DESKTOP-97B0AF6:ProfileMs:8081 - registration status: 204
2026-09-02T01:44:29.767-07:00  INFO 14668 --- [ProfileMs] [restartedMain] com.zaxxer.hikari.HikariDataSource       : HikariPool-1 - Shutdown completed.
2026-09-02T01:44:29.769-07:00  INFO 14668 --- [ProfileMs] [restartedMain] com.netflix.discovery.DiscoveryClient    : Shutting down DiscoveryClient ...
2026-09-02T01:44:32.781-07:00  INFO 14668 --- [ProfileMs] [restartedMain] com.netflix.discovery.DiscoveryClient    : Unregistering ...
2026-09-02T01:44:32.812-07:00  INFO 14668 --- [ProfileMs] [restartedMain] com.netflix.discovery.DiscoveryClient    : DiscoveryClient_PROFILEMS/DESKTOP-97B0AF6:ProfileMs:8081 - deregister  status: 200
2026-09-02T01:44:32.813-07:00  INFO 14668 --- [ProfileMs] [restartedMain] com.netflix.discovery.DiscoveryClient    : Completed shut down of DiscoveryClient
2026-09-02T01:44:32.922-07:00  INFO 14668 --- [ProfileMs] [restartedMain] .s.b.a.l.ConditionEvaluationReportLogger : 

Error starting ApplicationContext. To display the condition evaluation report re-run your application with 'debug' enabled.
2026-09-02T01:44:32.988-07:00 ERROR 14668 --- [ProfileMs] [restartedMain] o.s.b.d.LoggingFailureAnalysisReporter   : 

***************************
APPLICATION FAILED TO START
***************************

Description:

Web server failed to start. Port 8081 was already in use.

Action:

Identify and stop the process that's listening on port 8081 or configure this application to listen on another port.

2026-09-02T01:44:59.099-07:00  INFO 7156 --- [ProfileMs] [DiscoveryClient-HeartbeatExecutor-%d] com.netflix.discovery.DiscoveryClient    : DiscoveryClient_PROFILEMS/DESKTOP-97B0AF6:ProfileMs:8081 - Re-registering apps/PROFILEMS
2026-09-02T01:44:59.099-07:00  INFO 7156 --- [ProfileMs] [DiscoveryClient-HeartbeatExecutor-%d] com.netflix.discovery.DiscoveryClient    : DiscoveryClient_PROFILEMS/DESKTOP-97B0AF6:ProfileMs:8081: registering service...
2026-09-02T01:44:59.119-07:00  INFO 7156 --- [ProfileMs] [DiscoveryClient-HeartbeatExecutor-%d] com.netflix.discovery.DiscoveryClient    : DiscoveryClient_PROFILEMS/DESKTOP-97B0AF6:ProfileMs:8081 - registration status: 204
2026-09-02T01:47:06.564-07:00  INFO 6904 --- [ProfileMs] [restartedMain] com.hms.profile.ProfileMsApplication     : Starting ProfileMsApplication using Java 17.0.7 with PID 6904 (E:\STS-Projects\hms-backend\ProfileMs\target\classes started by KAUSAL in E:\STS-Projects\hms-backend\ProfileMs)
2026-09-02T01:47:06.570-07:00  INFO 6904 --- [ProfileMs] [restartedMain] com.hms.profile.ProfileMsApplication     : The following 1 profile is active: "--server.port=8086"
2026-09-02T01:47:06.704-07:00  INFO 6904 --- [ProfileMs] [restartedMain] .e.DevToolsPropertyDefaultsPostProcessor : Devtools property defaults active! Set 'spring.devtools.add-properties' to 'false' to disable
2026-09-02T01:47:06.705-07:00  INFO 6904 --- [ProfileMs] [restartedMain] .e.DevToolsPropertyDefaultsPostProcessor : For additional web related logging consider setting the 'logging.level.web' property to 'DEBUG'
2026-09-02T01:47:08.835-07:00  INFO 6904 --- [ProfileMs] [restartedMain] .s.d.r.c.RepositoryConfigurationDelegate : Bootstrapping Spring Data JPA repositories in DEFAULT mode.
2026-09-02T01:47:09.239-07:00  INFO 6904 --- [ProfileMs] [restartedMain] .s.d.r.c.RepositoryConfigurationDelegate : Finished Spring Data repository scanning in 381 ms. Found 2 JPA repository interfaces.
2026-09-02T01:47:10.036-07:00  INFO 6904 --- [ProfileMs] [restartedMain] o.s.cloud.context.scope.GenericScope     : BeanFactory id=96123092-2c4b-3750-8219-920c75482262
2026-09-02T01:47:11.054-07:00  INFO 6904 --- [ProfileMs] [restartedMain] o.s.b.w.embedded.tomcat.TomcatWebServer  : Tomcat initialized with port 8086 (http)
2026-09-02T01:47:11.084-07:00  INFO 6904 --- [ProfileMs] [restartedMain] o.apache.catalina.core.StandardService   : Starting service [Tomcat]
2026-09-02T01:47:11.085-07:00  INFO 6904 --- [ProfileMs] [restartedMain] o.apache.catalina.core.StandardEngine    : Starting Servlet engine: [Apache Tomcat/10.1.34]
2026-09-02T01:47:11.228-07:00  INFO 6904 --- [ProfileMs] [restartedMain] o.a.c.c.C.[Tomcat].[localhost].[/]       : Initializing Spring embedded WebApplicationContext
2026-09-02T01:47:11.229-07:00  INFO 6904 --- [ProfileMs] [restartedMain] w.s.c.ServletWebServerApplicationContext : Root WebApplicationContext: initialization completed in 4523 ms
2026-09-02T01:47:11.639-07:00  INFO 6904 --- [ProfileMs] [restartedMain] o.hibernate.jpa.internal.util.LogHelper  : HHH000204: Processing PersistenceUnitInfo [name: default]
2026-09-02T01:47:11.790-07:00  INFO 6904 --- [ProfileMs] [restartedMain] org.hibernate.Version                    : HHH000412: Hibernate ORM core version 6.6.4.Final
2026-09-02T01:47:11.877-07:00  INFO 6904 --- [ProfileMs] [restartedMain] o.h.c.internal.RegionFactoryInitiator    : HHH000026: Second-level cache disabled
2026-09-02T01:47:12.617-07:00  INFO 6904 --- [ProfileMs] [restartedMain] o.s.o.j.p.SpringPersistenceUnitInfo      : No LoadTimeWeaver setup: ignoring JPA class transformer
2026-09-02T01:47:12.701-07:00  INFO 6904 --- [ProfileMs] [restartedMain] com.zaxxer.hikari.HikariDataSource       : HikariPool-1 - Starting...
2026-09-02T01:47:13.149-07:00  INFO 6904 --- [ProfileMs] [restartedMain] com.zaxxer.hikari.pool.HikariPool        : HikariPool-1 - Added connection com.mysql.cj.jdbc.ConnectionImpl@25fdccce
2026-09-02T01:47:13.165-07:00  INFO 6904 --- [ProfileMs] [restartedMain] com.zaxxer.hikari.HikariDataSource       : HikariPool-1 - Start completed.
2026-09-02T01:47:13.324-07:00  WARN 6904 --- [ProfileMs] [restartedMain] org.hibernate.orm.deprecation            : HHH90000025: MySQLDialect does not need to be specified explicitly using 'hibernate.dialect' (remove the property setting and it will be selected by default)
2026-09-02T01:47:13.377-07:00  INFO 6904 --- [ProfileMs] [restartedMain] org.hibernate.orm.connections.pooling    : HHH10001005: Database info:
	Database JDBC URL [Connecting through datasource 'HikariDataSource (HikariPool-1)']
	Database driver: undefined/unknown
	Database version: 8.0.46
	Autocommit mode: undefined/unknown
	Isolation level: undefined/unknown
	Minimum pool size: undefined/unknown
	Maximum pool size: undefined/unknown
2026-09-02T01:47:15.185-07:00  INFO 6904 --- [ProfileMs] [restartedMain] o.h.e.t.j.p.i.JtaPlatformInitiator       : HHH000489: No JTA platform available (set 'hibernate.transaction.jta.platform' to enable JTA platform integration)
2026-09-02T01:47:15.308-07:00  INFO 6904 --- [ProfileMs] [restartedMain] j.LocalContainerEntityManagerFactoryBean : Initialized JPA EntityManagerFactory for persistence unit 'default'
2026-09-02T01:47:15.756-07:00  INFO 6904 --- [ProfileMs] [restartedMain] o.s.d.j.r.query.QueryEnhancerFactory     : Hibernate is in classpath; If applicable, HQL parser will be used.
2026-09-02T01:47:16.753-07:00  WARN 6904 --- [ProfileMs] [restartedMain] JpaBaseConfiguration$JpaWebConfiguration : spring.jpa.open-in-view is enabled by default. Therefore, database queries may be performed during view rendering. Explicitly configure spring.jpa.open-in-view to disable this warning
2026-09-02T01:47:17.876-07:00  WARN 6904 --- [ProfileMs] [restartedMain] o.s.b.d.a.OptionalLiveReloadServer       : Unable to start LiveReload server
2026-09-02T01:47:18.454-07:00  INFO 6904 --- [ProfileMs] [restartedMain] DiscoveryClientOptionalArgsConfiguration : Eureka HTTP Client uses RestTemplate.
2026-09-02T01:47:18.534-07:00  WARN 6904 --- [ProfileMs] [restartedMain] iguration$LoadBalancerCaffeineWarnLogger : Spring Cloud LoadBalancer is currently working with the default cache. While this cache implementation is useful for development and tests, it's recommended to use Caffeine cache in production.You can switch to using Caffeine cache, by adding it and org.springframework.cache.caffeine.CaffeineCacheManager to the classpath.
2026-09-02T01:47:18.643-07:00  INFO 6904 --- [ProfileMs] [restartedMain] o.s.c.n.eureka.InstanceInfoFactory       : Setting initial instance status as: STARTING
2026-09-02T01:47:18.708-07:00  INFO 6904 --- [ProfileMs] [restartedMain] com.netflix.discovery.DiscoveryClient    : Initializing Eureka in region us-east-1
2026-09-02T01:47:18.719-07:00  INFO 6904 --- [ProfileMs] [restartedMain] c.n.d.s.r.aws.ConfigClusterResolver      : Resolving eureka endpoints via configuration
2026-09-02T01:47:18.742-07:00  INFO 6904 --- [ProfileMs] [restartedMain] com.netflix.discovery.DiscoveryClient    : Disable delta property : false
2026-09-02T01:47:18.743-07:00  INFO 6904 --- [ProfileMs] [restartedMain] com.netflix.discovery.DiscoveryClient    : Single vip registry refresh property : null
2026-09-02T01:47:18.744-07:00  INFO 6904 --- [ProfileMs] [restartedMain] com.netflix.discovery.DiscoveryClient    : Force full registry fetch : false
2026-09-02T01:47:18.744-07:00  INFO 6904 --- [ProfileMs] [restartedMain] com.netflix.discovery.DiscoveryClient    : Application is null : false
2026-09-02T01:47:18.745-07:00  INFO 6904 --- [ProfileMs] [restartedMain] com.netflix.discovery.DiscoveryClient    : Registered Applications size is zero : true
2026-09-02T01:47:18.745-07:00  INFO 6904 --- [ProfileMs] [restartedMain] com.netflix.discovery.DiscoveryClient    : Application version is -1: true
2026-09-02T01:47:18.745-07:00  INFO 6904 --- [ProfileMs] [restartedMain] com.netflix.discovery.DiscoveryClient    : Getting all instance registry info from the eureka server
2026-09-02T01:47:19.643-07:00  INFO 6904 --- [ProfileMs] [restartedMain] com.netflix.discovery.DiscoveryClient    : The response status is 200
2026-09-02T01:47:19.648-07:00  INFO 6904 --- [ProfileMs] [restartedMain] com.netflix.discovery.DiscoveryClient    : Starting heartbeat executor: renew interval is: 30
2026-09-02T01:47:19.654-07:00  INFO 6904 --- [ProfileMs] [restartedMain] c.n.discovery.InstanceInfoReplicator     : InstanceInfoReplicator onDemand update allowed rate per min is 4
2026-09-02T01:47:19.659-07:00  INFO 6904 --- [ProfileMs] [restartedMain] com.netflix.discovery.DiscoveryClient    : Discovery Client initialized at timestamp 1788338839657 with initial instances count: 2
2026-09-02T01:47:19.667-07:00  INFO 6904 --- [ProfileMs] [restartedMain] o.s.c.n.e.s.EurekaServiceRegistry        : Registering application PROFILEMS with eureka with status UP
2026-09-02T01:47:19.670-07:00  INFO 6904 --- [ProfileMs] [restartedMain] com.netflix.discovery.DiscoveryClient    : Saw local status change event StatusChangeEvent [timestamp=1788338839670, current=UP, previous=STARTING]
2026-09-02T01:47:19.673-07:00  INFO 6904 --- [ProfileMs] [DiscoveryClient-InstanceInfoReplicator-%d] com.netflix.discovery.DiscoveryClient    : DiscoveryClient_PROFILEMS/DESKTOP-97B0AF6:ProfileMs:8086: registering service...
2026-09-02T01:47:19.729-07:00  INFO 6904 --- [ProfileMs] [restartedMain] o.s.b.w.embedded.tomcat.TomcatWebServer  : Tomcat started on port 8086 (http) with context path '/'
2026-09-02T01:47:19.733-07:00  INFO 6904 --- [ProfileMs] [restartedMain] .s.c.n.e.s.EurekaAutoServiceRegistration : Updating port to 8086
2026-09-02T01:47:19.851-07:00  INFO 6904 --- [ProfileMs] [DiscoveryClient-InstanceInfoReplicator-%d] com.netflix.discovery.DiscoveryClient    : DiscoveryClient_PROFILEMS/DESKTOP-97B0AF6:ProfileMs:8086 - registration status: 204
2026-09-02T01:47:20.117-07:00  INFO 6904 --- [ProfileMs] [restartedMain] com.hms.profile.ProfileMsApplication     : Started ProfileMsApplication in 14.996 seconds (process running for 20.115)
2026-09-02T01:47:44.812-07:00  INFO 7156 --- [ProfileMs] [RMI TCP Connection(10)-127.0.0.1] inMXBeanRegistrar$SpringApplicationAdmin : Application shutdown requested.
2026-09-02T01:47:44.932-07:00  INFO 7156 --- [ProfileMs] [RMI TCP Connection(10)-127.0.0.1] o.s.c.n.e.s.EurekaServiceRegistry        : Unregistering application PROFILEMS with eureka with status DOWN
2026-09-02T01:47:44.936-07:00  INFO 7156 --- [ProfileMs] [RMI TCP Connection(10)-127.0.0.1] com.netflix.discovery.DiscoveryClient    : Saw local status change event StatusChangeEvent [timestamp=1788338864936, current=DOWN, previous=UP]
2026-09-02T01:47:44.938-07:00  INFO 7156 --- [ProfileMs] [DiscoveryClient-InstanceInfoReplicator-%d] com.netflix.discovery.DiscoveryClient    : DiscoveryClient_PROFILEMS/DESKTOP-97B0AF6:ProfileMs:8081: registering service...
2026-09-02T01:47:44.964-07:00  INFO 7156 --- [ProfileMs] [DiscoveryClient-InstanceInfoReplicator-%d] com.netflix.discovery.DiscoveryClient    : DiscoveryClient_PROFILEMS/DESKTOP-97B0AF6:ProfileMs:8081 - registration status: 204
2026-09-02T01:47:45.214-07:00  INFO 7156 --- [ProfileMs] [RMI TCP Connection(10)-127.0.0.1] o.s.b.w.e.tomcat.GracefulShutdown        : Commencing graceful shutdown. Waiting for active requests to complete
2026-09-02T01:47:45.327-07:00  INFO 7156 --- [ProfileMs] [tomcat-shutdown] o.s.b.w.e.tomcat.GracefulShutdown        : Graceful shutdown complete
2026-09-02T01:47:45.384-07:00  INFO 7156 --- [ProfileMs] [RMI TCP Connection(10)-127.0.0.1] j.LocalContainerEntityManagerFactoryBean : Closing JPA EntityManagerFactory for persistence unit 'default'
2026-09-02T01:47:45.521-07:00  INFO 7156 --- [ProfileMs] [RMI TCP Connection(10)-127.0.0.1] com.zaxxer.hikari.HikariDataSource       : HikariPool-1 - Shutdown initiated...
2026-09-02T01:47:45.720-07:00  INFO 7156 --- [ProfileMs] [RMI TCP Connection(10)-127.0.0.1] com.zaxxer.hikari.HikariDataSource       : HikariPool-1 - Shutdown completed.
2026-09-02T01:47:45.728-07:00  INFO 7156 --- [ProfileMs] [RMI TCP Connection(10)-127.0.0.1] com.netflix.discovery.DiscoveryClient    : Shutting down DiscoveryClient ...
2026-09-02T01:47:48.737-07:00  INFO 7156 --- [ProfileMs] [RMI TCP Connection(10)-127.0.0.1] com.netflix.discovery.DiscoveryClient    : Unregistering ...
2026-09-02T01:47:48.759-07:00  INFO 7156 --- [ProfileMs] [RMI TCP Connection(10)-127.0.0.1] com.netflix.discovery.DiscoveryClient    : DiscoveryClient_PROFILEMS/DESKTOP-97B0AF6:ProfileMs:8081 - deregister  status: 200
2026-09-02T01:47:48.762-07:00  INFO 7156 --- [ProfileMs] [RMI TCP Connection(10)-127.0.0.1] com.netflix.discovery.DiscoveryClient    : Completed shut down of DiscoveryClient
2026-09-02T01:47:49.534-07:00  INFO 6904 --- [ProfileMs] [RMI TCP Connection(4)-127.0.0.1] inMXBeanRegistrar$SpringApplicationAdmin : Application shutdown requested.
2026-09-02T01:47:49.536-07:00  INFO 6904 --- [ProfileMs] [RMI TCP Connection(4)-127.0.0.1] o.s.c.n.e.s.EurekaServiceRegistry        : Unregistering application PROFILEMS with eureka with status DOWN
2026-09-02T01:47:49.536-07:00  INFO 6904 --- [ProfileMs] [RMI TCP Connection(4)-127.0.0.1] com.netflix.discovery.DiscoveryClient    : Saw local status change event StatusChangeEvent [timestamp=1788338869536, current=DOWN, previous=UP]
2026-09-02T01:47:49.536-07:00  INFO 6904 --- [ProfileMs] [DiscoveryClient-InstanceInfoReplicator-%d] com.netflix.discovery.DiscoveryClient    : DiscoveryClient_PROFILEMS/DESKTOP-97B0AF6:ProfileMs:8086: registering service...
2026-09-02T01:47:49.542-07:00  INFO 6904 --- [ProfileMs] [RMI TCP Connection(4)-127.0.0.1] o.s.b.w.e.tomcat.GracefulShutdown        : Commencing graceful shutdown. Waiting for active requests to complete
2026-09-02T01:47:49.558-07:00  INFO 6904 --- [ProfileMs] [DiscoveryClient-InstanceInfoReplicator-%d] com.netflix.discovery.DiscoveryClient    : DiscoveryClient_PROFILEMS/DESKTOP-97B0AF6:ProfileMs:8086 - registration status: 204
2026-09-02T01:47:49.624-07:00  INFO 6904 --- [ProfileMs] [tomcat-shutdown] o.s.b.w.e.tomcat.GracefulShutdown        : Graceful shutdown complete
2026-09-02T01:47:49.636-07:00  INFO 6904 --- [ProfileMs] [RMI TCP Connection(4)-127.0.0.1] j.LocalContainerEntityManagerFactoryBean : Closing JPA EntityManagerFactory for persistence unit 'default'
2026-09-02T01:47:49.643-07:00  INFO 6904 --- [ProfileMs] [RMI TCP Connection(4)-127.0.0.1] com.zaxxer.hikari.HikariDataSource       : HikariPool-1 - Shutdown initiated...
2026-09-02T01:47:49.657-07:00  INFO 6904 --- [ProfileMs] [RMI TCP Connection(4)-127.0.0.1] com.zaxxer.hikari.HikariDataSource       : HikariPool-1 - Shutdown completed.
2026-09-02T01:47:49.659-07:00  INFO 6904 --- [ProfileMs] [RMI TCP Connection(4)-127.0.0.1] com.netflix.discovery.DiscoveryClient    : Shutting down DiscoveryClient ...
2026-09-02T01:47:52.664-07:00  WARN 6904 --- [ProfileMs] [DiscoveryClient-%d] c.netflix.discovery.TimedSupervisorTask  : task supervisor shutting down, can't accept the task
2026-09-02T01:47:52.664-07:00  INFO 6904 --- [ProfileMs] [RMI TCP Connection(4)-127.0.0.1] com.netflix.discovery.DiscoveryClient    : Unregistering ...
2026-09-02T01:47:52.682-07:00  INFO 6904 --- [ProfileMs] [RMI TCP Connection(4)-127.0.0.1] com.netflix.discovery.DiscoveryClient    : DiscoveryClient_PROFILEMS/DESKTOP-97B0AF6:ProfileMs:8086 - deregister  status: 200
2026-09-02T01:47:52.684-07:00  INFO 6904 --- [ProfileMs] [RMI TCP Connection(4)-127.0.0.1] com.netflix.discovery.DiscoveryClient    : Completed shut down of DiscoveryClient
2026-09-02T01:48:48.034-07:00  INFO 4532 --- [ProfileMs] [restartedMain] com.hms.profile.ProfileMsApplication     : Starting ProfileMsApplication using Java 17.0.7 with PID 4532 (E:\STS-Projects\hms-backend\ProfileMs\target\classes started by KAUSAL in E:\STS-Projects\hms-backend\ProfileMs)
2026-09-02T01:48:48.039-07:00  INFO 4532 --- [ProfileMs] [restartedMain] com.hms.profile.ProfileMsApplication     : The following 1 profile is active: "--server.port=8086"
2026-09-02T01:48:48.147-07:00  INFO 4532 --- [ProfileMs] [restartedMain] .e.DevToolsPropertyDefaultsPostProcessor : Devtools property defaults active! Set 'spring.devtools.add-properties' to 'false' to disable
2026-09-02T01:48:48.147-07:00  INFO 4532 --- [ProfileMs] [restartedMain] .e.DevToolsPropertyDefaultsPostProcessor : For additional web related logging consider setting the 'logging.level.web' property to 'DEBUG'
2026-09-02T01:48:49.826-07:00  INFO 4532 --- [ProfileMs] [restartedMain] .s.d.r.c.RepositoryConfigurationDelegate : Bootstrapping Spring Data JPA repositories in DEFAULT mode.
2026-09-02T01:48:50.163-07:00  INFO 4532 --- [ProfileMs] [restartedMain] .s.d.r.c.RepositoryConfigurationDelegate : Finished Spring Data repository scanning in 318 ms. Found 2 JPA repository interfaces.
2026-09-02T01:48:50.724-07:00  INFO 4532 --- [ProfileMs] [restartedMain] o.s.cloud.context.scope.GenericScope     : BeanFactory id=96123092-2c4b-3750-8219-920c75482262
2026-09-02T01:48:51.598-07:00  INFO 4532 --- [ProfileMs] [restartedMain] o.s.b.w.embedded.tomcat.TomcatWebServer  : Tomcat initialized with port 8086 (http)
2026-09-02T01:48:51.627-07:00  INFO 4532 --- [ProfileMs] [restartedMain] o.apache.catalina.core.StandardService   : Starting service [Tomcat]
2026-09-02T01:48:51.628-07:00  INFO 4532 --- [ProfileMs] [restartedMain] o.apache.catalina.core.StandardEngine    : Starting Servlet engine: [Apache Tomcat/10.1.34]
2026-09-02T01:48:51.774-07:00  INFO 4532 --- [ProfileMs] [restartedMain] o.a.c.c.C.[Tomcat].[localhost].[/]       : Initializing Spring embedded WebApplicationContext
2026-09-02T01:48:51.775-07:00  INFO 4532 --- [ProfileMs] [restartedMain] w.s.c.ServletWebServerApplicationContext : Root WebApplicationContext: initialization completed in 3627 ms
2026-09-02T01:48:52.092-07:00  INFO 4532 --- [ProfileMs] [restartedMain] o.hibernate.jpa.internal.util.LogHelper  : HHH000204: Processing PersistenceUnitInfo [name: default]
2026-09-02T01:48:52.254-07:00  INFO 4532 --- [ProfileMs] [restartedMain] org.hibernate.Version                    : HHH000412: Hibernate ORM core version 6.6.4.Final
2026-09-02T01:48:52.337-07:00  INFO 4532 --- [ProfileMs] [restartedMain] o.h.c.internal.RegionFactoryInitiator    : HHH000026: Second-level cache disabled
2026-09-02T01:48:52.920-07:00  INFO 4532 --- [ProfileMs] [restartedMain] o.s.o.j.p.SpringPersistenceUnitInfo      : No LoadTimeWeaver setup: ignoring JPA class transformer
2026-09-02T01:48:52.995-07:00  INFO 4532 --- [ProfileMs] [restartedMain] com.zaxxer.hikari.HikariDataSource       : HikariPool-1 - Starting...
2026-09-02T01:48:53.312-07:00  INFO 4532 --- [ProfileMs] [restartedMain] com.zaxxer.hikari.pool.HikariPool        : HikariPool-1 - Added connection com.mysql.cj.jdbc.ConnectionImpl@26026ff5
2026-09-02T01:48:53.323-07:00  INFO 4532 --- [ProfileMs] [restartedMain] com.zaxxer.hikari.HikariDataSource       : HikariPool-1 - Start completed.
2026-09-02T01:48:53.459-07:00  WARN 4532 --- [ProfileMs] [restartedMain] org.hibernate.orm.deprecation            : HHH90000025: MySQLDialect does not need to be specified explicitly using 'hibernate.dialect' (remove the property setting and it will be selected by default)
2026-09-02T01:48:53.515-07:00  INFO 4532 --- [ProfileMs] [restartedMain] org.hibernate.orm.connections.pooling    : HHH10001005: Database info:
	Database JDBC URL [Connecting through datasource 'HikariDataSource (HikariPool-1)']
	Database driver: undefined/unknown
	Database version: 8.0.46
	Autocommit mode: undefined/unknown
	Isolation level: undefined/unknown
	Minimum pool size: undefined/unknown
	Maximum pool size: undefined/unknown
2026-09-02T01:48:55.338-07:00  INFO 4532 --- [ProfileMs] [restartedMain] o.h.e.t.j.p.i.JtaPlatformInitiator       : HHH000489: No JTA platform available (set 'hibernate.transaction.jta.platform' to enable JTA platform integration)
2026-09-02T01:48:55.446-07:00  INFO 4532 --- [ProfileMs] [restartedMain] j.LocalContainerEntityManagerFactoryBean : Initialized JPA EntityManagerFactory for persistence unit 'default'
2026-09-02T01:48:55.919-07:00  INFO 4532 --- [ProfileMs] [restartedMain] o.s.d.j.r.query.QueryEnhancerFactory     : Hibernate is in classpath; If applicable, HQL parser will be used.
2026-09-02T01:48:56.982-07:00  WARN 4532 --- [ProfileMs] [restartedMain] JpaBaseConfiguration$JpaWebConfiguration : spring.jpa.open-in-view is enabled by default. Therefore, database queries may be performed during view rendering. Explicitly configure spring.jpa.open-in-view to disable this warning
2026-09-02T01:48:58.238-07:00  WARN 4532 --- [ProfileMs] [restartedMain] o.s.b.d.a.OptionalLiveReloadServer       : Unable to start LiveReload server
2026-09-02T01:48:58.933-07:00  INFO 4532 --- [ProfileMs] [restartedMain] DiscoveryClientOptionalArgsConfiguration : Eureka HTTP Client uses RestTemplate.
2026-09-02T01:48:59.014-07:00  WARN 4532 --- [ProfileMs] [restartedMain] iguration$LoadBalancerCaffeineWarnLogger : Spring Cloud LoadBalancer is currently working with the default cache. While this cache implementation is useful for development and tests, it's recommended to use Caffeine cache in production.You can switch to using Caffeine cache, by adding it and org.springframework.cache.caffeine.CaffeineCacheManager to the classpath.
2026-09-02T01:48:59.132-07:00  INFO 4532 --- [ProfileMs] [restartedMain] o.s.c.n.eureka.InstanceInfoFactory       : Setting initial instance status as: STARTING
2026-09-02T01:48:59.193-07:00  INFO 4532 --- [ProfileMs] [restartedMain] com.netflix.discovery.DiscoveryClient    : Initializing Eureka in region us-east-1
2026-09-02T01:48:59.203-07:00  INFO 4532 --- [ProfileMs] [restartedMain] c.n.d.s.r.aws.ConfigClusterResolver      : Resolving eureka endpoints via configuration
2026-09-02T01:48:59.223-07:00  INFO 4532 --- [ProfileMs] [restartedMain] com.netflix.discovery.DiscoveryClient    : Disable delta property : false
2026-09-02T01:48:59.224-07:00  INFO 4532 --- [ProfileMs] [restartedMain] com.netflix.discovery.DiscoveryClient    : Single vip registry refresh property : null
2026-09-02T01:48:59.225-07:00  INFO 4532 --- [ProfileMs] [restartedMain] com.netflix.discovery.DiscoveryClient    : Force full registry fetch : false
2026-09-02T01:48:59.225-07:00  INFO 4532 --- [ProfileMs] [restartedMain] com.netflix.discovery.DiscoveryClient    : Application is null : false
2026-09-02T01:48:59.226-07:00  INFO 4532 --- [ProfileMs] [restartedMain] com.netflix.discovery.DiscoveryClient    : Registered Applications size is zero : true
2026-09-02T01:48:59.227-07:00  INFO 4532 --- [ProfileMs] [restartedMain] com.netflix.discovery.DiscoveryClient    : Application version is -1: true
2026-09-02T01:48:59.227-07:00  INFO 4532 --- [ProfileMs] [restartedMain] com.netflix.discovery.DiscoveryClient    : Getting all instance registry info from the eureka server
2026-09-02T01:49:00.225-07:00  INFO 4532 --- [ProfileMs] [restartedMain] com.netflix.discovery.DiscoveryClient    : The response status is 200
2026-09-02T01:49:00.229-07:00  INFO 4532 --- [ProfileMs] [restartedMain] com.netflix.discovery.DiscoveryClient    : Starting heartbeat executor: renew interval is: 30
2026-09-02T01:49:00.235-07:00  INFO 4532 --- [ProfileMs] [restartedMain] c.n.discovery.InstanceInfoReplicator     : InstanceInfoReplicator onDemand update allowed rate per min is 4
2026-09-02T01:49:00.239-07:00  INFO 4532 --- [ProfileMs] [restartedMain] com.netflix.discovery.DiscoveryClient    : Discovery Client initialized at timestamp 1788338940237 with initial instances count: 1
2026-09-02T01:49:00.247-07:00  INFO 4532 --- [ProfileMs] [restartedMain] o.s.c.n.e.s.EurekaServiceRegistry        : Registering application PROFILEMS with eureka with status UP
2026-09-02T01:49:00.250-07:00  INFO 4532 --- [ProfileMs] [restartedMain] com.netflix.discovery.DiscoveryClient    : Saw local status change event StatusChangeEvent [timestamp=1788338940250, current=UP, previous=STARTING]
2026-09-02T01:49:00.255-07:00  INFO 4532 --- [ProfileMs] [DiscoveryClient-InstanceInfoReplicator-%d] com.netflix.discovery.DiscoveryClient    : DiscoveryClient_PROFILEMS/DESKTOP-97B0AF6:ProfileMs:8086: registering service...
2026-09-02T01:49:00.341-07:00  INFO 4532 --- [ProfileMs] [restartedMain] o.s.b.w.embedded.tomcat.TomcatWebServer  : Tomcat started on port 8086 (http) with context path '/'
2026-09-02T01:49:00.344-07:00  INFO 4532 --- [ProfileMs] [restartedMain] .s.c.n.e.s.EurekaAutoServiceRegistration : Updating port to 8086
2026-09-02T01:49:00.356-07:00  INFO 4532 --- [ProfileMs] [DiscoveryClient-InstanceInfoReplicator-%d] com.netflix.discovery.DiscoveryClient    : DiscoveryClient_PROFILEMS/DESKTOP-97B0AF6:ProfileMs:8086 - registration status: 204
2026-09-02T01:49:00.652-07:00  INFO 4532 --- [ProfileMs] [restartedMain] com.hms.profile.ProfileMsApplication     : Started ProfileMsApplication in 13.779 seconds (process running for 15.734)
2026-09-02T01:49:11.494-07:00  INFO 12240 --- [ProfileMs] [restartedMain] com.hms.profile.ProfileMsApplication     : Starting ProfileMsApplication using Java 17.0.7 with PID 12240 (E:\STS-Projects\hms-backend\ProfileMs\target\classes started by KAUSAL in E:\STS-Projects\hms-backend\ProfileMs)
2026-09-02T01:49:11.498-07:00  INFO 12240 --- [ProfileMs] [restartedMain] com.hms.profile.ProfileMsApplication     : The following 1 profile is active: "--server.port=8081"
2026-09-02T01:49:11.616-07:00  INFO 12240 --- [ProfileMs] [restartedMain] .e.DevToolsPropertyDefaultsPostProcessor : Devtools property defaults active! Set 'spring.devtools.add-properties' to 'false' to disable
2026-09-02T01:49:11.617-07:00  INFO 12240 --- [ProfileMs] [restartedMain] .e.DevToolsPropertyDefaultsPostProcessor : For additional web related logging consider setting the 'logging.level.web' property to 'DEBUG'
2026-09-02T01:49:13.351-07:00  INFO 12240 --- [ProfileMs] [restartedMain] .s.d.r.c.RepositoryConfigurationDelegate : Bootstrapping Spring Data JPA repositories in DEFAULT mode.
2026-09-02T01:49:13.665-07:00  INFO 12240 --- [ProfileMs] [restartedMain] .s.d.r.c.RepositoryConfigurationDelegate : Finished Spring Data repository scanning in 290 ms. Found 2 JPA repository interfaces.
2026-09-02T01:49:14.233-07:00  INFO 12240 --- [ProfileMs] [restartedMain] o.s.cloud.context.scope.GenericScope     : BeanFactory id=96123092-2c4b-3750-8219-920c75482262
2026-09-02T01:49:15.096-07:00  INFO 12240 --- [ProfileMs] [restartedMain] o.s.b.w.embedded.tomcat.TomcatWebServer  : Tomcat initialized with port 8081 (http)
2026-09-02T01:49:15.123-07:00  INFO 12240 --- [ProfileMs] [restartedMain] o.apache.catalina.core.StandardService   : Starting service [Tomcat]
2026-09-02T01:49:15.123-07:00  INFO 12240 --- [ProfileMs] [restartedMain] o.apache.catalina.core.StandardEngine    : Starting Servlet engine: [Apache Tomcat/10.1.34]
2026-09-02T01:49:15.267-07:00  INFO 12240 --- [ProfileMs] [restartedMain] o.a.c.c.C.[Tomcat].[localhost].[/]       : Initializing Spring embedded WebApplicationContext
2026-09-02T01:49:15.269-07:00  INFO 12240 --- [ProfileMs] [restartedMain] w.s.c.ServletWebServerApplicationContext : Root WebApplicationContext: initialization completed in 3650 ms
2026-09-02T01:49:15.579-07:00  INFO 12240 --- [ProfileMs] [restartedMain] o.hibernate.jpa.internal.util.LogHelper  : HHH000204: Processing PersistenceUnitInfo [name: default]
2026-09-02T01:49:15.760-07:00  INFO 12240 --- [ProfileMs] [restartedMain] org.hibernate.Version                    : HHH000412: Hibernate ORM core version 6.6.4.Final
2026-09-02T01:49:15.856-07:00  INFO 12240 --- [ProfileMs] [restartedMain] o.h.c.internal.RegionFactoryInitiator    : HHH000026: Second-level cache disabled
2026-09-02T01:49:16.451-07:00  INFO 12240 --- [ProfileMs] [restartedMain] o.s.o.j.p.SpringPersistenceUnitInfo      : No LoadTimeWeaver setup: ignoring JPA class transformer
2026-09-02T01:49:16.524-07:00  INFO 12240 --- [ProfileMs] [restartedMain] com.zaxxer.hikari.HikariDataSource       : HikariPool-1 - Starting...
2026-09-02T01:49:16.847-07:00  INFO 12240 --- [ProfileMs] [restartedMain] com.zaxxer.hikari.pool.HikariPool        : HikariPool-1 - Added connection com.mysql.cj.jdbc.ConnectionImpl@4c119b1e
2026-09-02T01:49:16.852-07:00  INFO 12240 --- [ProfileMs] [restartedMain] com.zaxxer.hikari.HikariDataSource       : HikariPool-1 - Start completed.
2026-09-02T01:49:16.975-07:00  WARN 12240 --- [ProfileMs] [restartedMain] org.hibernate.orm.deprecation            : HHH90000025: MySQLDialect does not need to be specified explicitly using 'hibernate.dialect' (remove the property setting and it will be selected by default)
2026-09-02T01:49:17.028-07:00  INFO 12240 --- [ProfileMs] [restartedMain] org.hibernate.orm.connections.pooling    : HHH10001005: Database info:
	Database JDBC URL [Connecting through datasource 'HikariDataSource (HikariPool-1)']
	Database driver: undefined/unknown
	Database version: 8.0.46
	Autocommit mode: undefined/unknown
	Isolation level: undefined/unknown
	Minimum pool size: undefined/unknown
	Maximum pool size: undefined/unknown
2026-09-02T01:49:18.740-07:00  INFO 12240 --- [ProfileMs] [restartedMain] o.h.e.t.j.p.i.JtaPlatformInitiator       : HHH000489: No JTA platform available (set 'hibernate.transaction.jta.platform' to enable JTA platform integration)
2026-09-02T01:49:18.838-07:00  INFO 12240 --- [ProfileMs] [restartedMain] j.LocalContainerEntityManagerFactoryBean : Initialized JPA EntityManagerFactory for persistence unit 'default'
2026-09-02T01:49:19.302-07:00  INFO 12240 --- [ProfileMs] [restartedMain] o.s.d.j.r.query.QueryEnhancerFactory     : Hibernate is in classpath; If applicable, HQL parser will be used.
2026-09-02T01:49:20.433-07:00  WARN 12240 --- [ProfileMs] [restartedMain] JpaBaseConfiguration$JpaWebConfiguration : spring.jpa.open-in-view is enabled by default. Therefore, database queries may be performed during view rendering. Explicitly configure spring.jpa.open-in-view to disable this warning
2026-09-02T01:49:21.613-07:00  WARN 12240 --- [ProfileMs] [restartedMain] o.s.b.d.a.OptionalLiveReloadServer       : Unable to start LiveReload server
2026-09-02T01:49:22.221-07:00  INFO 12240 --- [ProfileMs] [restartedMain] DiscoveryClientOptionalArgsConfiguration : Eureka HTTP Client uses RestTemplate.
2026-09-02T01:49:22.298-07:00  WARN 12240 --- [ProfileMs] [restartedMain] iguration$LoadBalancerCaffeineWarnLogger : Spring Cloud LoadBalancer is currently working with the default cache. While this cache implementation is useful for development and tests, it's recommended to use Caffeine cache in production.You can switch to using Caffeine cache, by adding it and org.springframework.cache.caffeine.CaffeineCacheManager to the classpath.
2026-09-02T01:49:22.421-07:00  INFO 12240 --- [ProfileMs] [restartedMain] o.s.c.n.eureka.InstanceInfoFactory       : Setting initial instance status as: STARTING
2026-09-02T01:49:22.481-07:00  INFO 12240 --- [ProfileMs] [restartedMain] com.netflix.discovery.DiscoveryClient    : Initializing Eureka in region us-east-1
2026-09-02T01:49:22.490-07:00  INFO 12240 --- [ProfileMs] [restartedMain] c.n.d.s.r.aws.ConfigClusterResolver      : Resolving eureka endpoints via configuration
2026-09-02T01:49:22.514-07:00  INFO 12240 --- [ProfileMs] [restartedMain] com.netflix.discovery.DiscoveryClient    : Disable delta property : false
2026-09-02T01:49:22.515-07:00  INFO 12240 --- [ProfileMs] [restartedMain] com.netflix.discovery.DiscoveryClient    : Single vip registry refresh property : null
2026-09-02T01:49:22.516-07:00  INFO 12240 --- [ProfileMs] [restartedMain] com.netflix.discovery.DiscoveryClient    : Force full registry fetch : false
2026-09-02T01:49:22.517-07:00  INFO 12240 --- [ProfileMs] [restartedMain] com.netflix.discovery.DiscoveryClient    : Application is null : false
2026-09-02T01:49:22.517-07:00  INFO 12240 --- [ProfileMs] [restartedMain] com.netflix.discovery.DiscoveryClient    : Registered Applications size is zero : true
2026-09-02T01:49:22.517-07:00  INFO 12240 --- [ProfileMs] [restartedMain] com.netflix.discovery.DiscoveryClient    : Application version is -1: true
2026-09-02T01:49:22.518-07:00  INFO 12240 --- [ProfileMs] [restartedMain] com.netflix.discovery.DiscoveryClient    : Getting all instance registry info from the eureka server
2026-09-02T01:49:23.358-07:00  INFO 12240 --- [ProfileMs] [restartedMain] com.netflix.discovery.DiscoveryClient    : The response status is 200
2026-09-02T01:49:23.364-07:00  INFO 12240 --- [ProfileMs] [restartedMain] com.netflix.discovery.DiscoveryClient    : Starting heartbeat executor: renew interval is: 30
2026-09-02T01:49:23.370-07:00  INFO 12240 --- [ProfileMs] [restartedMain] c.n.discovery.InstanceInfoReplicator     : InstanceInfoReplicator onDemand update allowed rate per min is 4
2026-09-02T01:49:23.374-07:00  INFO 12240 --- [ProfileMs] [restartedMain] com.netflix.discovery.DiscoveryClient    : Discovery Client initialized at timestamp 1788338963372 with initial instances count: 1
2026-09-02T01:49:23.382-07:00  INFO 12240 --- [ProfileMs] [restartedMain] o.s.c.n.e.s.EurekaServiceRegistry        : Registering application PROFILEMS with eureka with status UP
2026-09-02T01:49:23.384-07:00  INFO 12240 --- [ProfileMs] [restartedMain] com.netflix.discovery.DiscoveryClient    : Saw local status change event StatusChangeEvent [timestamp=1788338963384, current=UP, previous=STARTING]
2026-09-02T01:49:23.388-07:00  INFO 12240 --- [ProfileMs] [DiscoveryClient-InstanceInfoReplicator-%d] com.netflix.discovery.DiscoveryClient    : DiscoveryClient_PROFILEMS/DESKTOP-97B0AF6:ProfileMs:8081: registering service...
2026-09-02T01:49:23.446-07:00  INFO 12240 --- [ProfileMs] [restartedMain] o.s.b.w.embedded.tomcat.TomcatWebServer  : Tomcat started on port 8081 (http) with context path '/'
2026-09-02T01:49:23.454-07:00  INFO 12240 --- [ProfileMs] [restartedMain] .s.c.n.e.s.EurekaAutoServiceRegistration : Updating port to 8081
2026-09-02T01:49:23.509-07:00  INFO 12240 --- [ProfileMs] [DiscoveryClient-InstanceInfoReplicator-%d] com.netflix.discovery.DiscoveryClient    : DiscoveryClient_PROFILEMS/DESKTOP-97B0AF6:ProfileMs:8081 - registration status: 204
2026-09-02T01:49:23.770-07:00  INFO 12240 --- [ProfileMs] [restartedMain] com.hms.profile.ProfileMsApplication     : Started ProfileMsApplication in 13.429 seconds (process running for 15.576)
2026-09-02T01:52:42.080-07:00  INFO 4532 --- [ProfileMs] [http-nio-8086-exec-1] o.a.c.c.C.[Tomcat].[localhost].[/]       : Initializing Spring DispatcherServlet 'dispatcherServlet'
2026-09-02T01:52:42.165-07:00  INFO 4532 --- [ProfileMs] [http-nio-8086-exec-1] o.s.web.servlet.DispatcherServlet        : Initializing Servlet 'dispatcherServlet'
2026-09-02T01:52:42.345-07:00  INFO 4532 --- [ProfileMs] [http-nio-8086-exec-1] o.s.web.servlet.DispatcherServlet        : Completed initialization in 178 ms
2026-09-02T01:52:46.779-07:00  WARN 4532 --- [ProfileMs] [http-nio-8086-exec-1] .m.m.a.ExceptionHandlerExceptionResolver : Resolved [com.hms.profile.exceptions.HmsException: PATIENT_NOT_FOUND]
2026-09-02T01:53:28.165-07:00  WARN 4532 --- [ProfileMs] [http-nio-8086-exec-2] .m.m.a.ExceptionHandlerExceptionResolver : Resolved [com.hms.profile.exceptions.HmsException: PATIENT_NOT_FOUND]
2026-09-02T01:53:57.460-07:00  INFO 12240 --- [ProfileMs] [http-nio-8081-exec-1] o.a.c.c.C.[Tomcat].[localhost].[/]       : Initializing Spring DispatcherServlet 'dispatcherServlet'
2026-09-02T01:53:57.475-07:00  INFO 12240 --- [ProfileMs] [http-nio-8081-exec-1] o.s.web.servlet.DispatcherServlet        : Initializing Servlet 'dispatcherServlet'
2026-09-02T01:53:57.552-07:00  INFO 12240 --- [ProfileMs] [http-nio-8081-exec-1] o.s.web.servlet.DispatcherServlet        : Completed initialization in 75 ms
2026-09-02T01:53:58.450-07:00  WARN 12240 --- [ProfileMs] [http-nio-8081-exec-1] .m.m.a.ExceptionHandlerExceptionResolver : Resolved [com.hms.profile.exceptions.HmsException: PATIENT_NOT_FOUND]
2026-09-02T01:53:59.244-07:00  INFO 4532 --- [ProfileMs] [AsyncResolver-bootstrap-executor-%d] c.n.d.s.r.aws.ConfigClusterResolver      : Resolving eureka endpoints via configuration
2026-09-02T01:54:22.536-07:00  INFO 12240 --- [ProfileMs] [AsyncResolver-bootstrap-executor-%d] c.n.d.s.r.aws.ConfigClusterResolver      : Resolving eureka endpoints via configuration
2026-09-02T01:54:40.015-07:00  WARN 4532 --- [ProfileMs] [http-nio-8086-exec-3] .m.m.a.ExceptionHandlerExceptionResolver : Resolved [com.hms.profile.exceptions.HmsException: PATIENT_NOT_FOUND]
2026-09-02T01:54:42.174-07:00  WARN 12240 --- [ProfileMs] [http-nio-8081-exec-2] .m.m.a.ExceptionHandlerExceptionResolver : Resolved [com.hms.profile.exceptions.HmsException: PATIENT_NOT_FOUND]
2026-09-02T01:58:59.256-07:00  INFO 4532 --- [ProfileMs] [AsyncResolver-bootstrap-executor-%d] c.n.d.s.r.aws.ConfigClusterResolver      : Resolving eureka endpoints via configuration
2026-09-02T01:59:22.553-07:00  INFO 12240 --- [ProfileMs] [AsyncResolver-bootstrap-executor-%d] c.n.d.s.r.aws.ConfigClusterResolver      : Resolving eureka endpoints via configuration
2026-09-02T02:03:59.290-07:00  INFO 4532 --- [ProfileMs] [AsyncResolver-bootstrap-executor-%d] c.n.d.s.r.aws.ConfigClusterResolver      : Resolving eureka endpoints via configuration
2026-09-02T02:04:22.593-07:00  INFO 12240 --- [ProfileMs] [AsyncResolver-bootstrap-executor-%d] c.n.d.s.r.aws.ConfigClusterResolver      : Resolving eureka endpoints via configuration
2026-09-02T02:08:59.401-07:00  INFO 4532 --- [ProfileMs] [AsyncResolver-bootstrap-executor-%d] c.n.d.s.r.aws.ConfigClusterResolver      : Resolving eureka endpoints via configuration
2026-09-02T02:09:22.628-07:00  INFO 12240 --- [ProfileMs] [AsyncResolver-bootstrap-executor-%d] c.n.d.s.r.aws.ConfigClusterResolver      : Resolving eureka endpoints via configuration
2026-09-02T02:13:59.830-07:00  INFO 4532 --- [ProfileMs] [AsyncResolver-bootstrap-executor-%d] c.n.d.s.r.aws.ConfigClusterResolver      : Resolving eureka endpoints via configuration
2026-09-02T02:14:22.682-07:00  INFO 12240 --- [ProfileMs] [AsyncResolver-bootstrap-executor-%d] c.n.d.s.r.aws.ConfigClusterResolver      : Resolving eureka endpoints via configuration
2026-09-02T02:18:59.845-07:00  INFO 4532 --- [ProfileMs] [AsyncResolver-bootstrap-executor-%d] c.n.d.s.r.aws.ConfigClusterResolver      : Resolving eureka endpoints via configuration
2026-09-02T02:19:22.688-07:00  INFO 12240 --- [ProfileMs] [AsyncResolver-bootstrap-executor-%d] c.n.d.s.r.aws.ConfigClusterResolver      : Resolving eureka endpoints via configuration
2026-09-02T02:23:59.848-07:00  INFO 4532 --- [ProfileMs] [AsyncResolver-bootstrap-executor-%d] c.n.d.s.r.aws.ConfigClusterResolver      : Resolving eureka endpoints via configuration
2026-09-02T02:41:57.804-07:00  WARN 12240 --- [ProfileMs] [HikariPool-1 housekeeper] com.zaxxer.hikari.pool.HikariPool        : HikariPool-1 - Thread starvation or clock leap detected (housekeeper delta=18m10s446ms332µs699ns).
2026-09-02T02:42:03.110-07:00  INFO 12240 --- [ProfileMs] [AsyncResolver-bootstrap-executor-%d] c.n.d.s.r.aws.ConfigClusterResolver      : Resolving eureka endpoints via configuration
2026-09-02T02:42:04.592-07:00  WARN 4532 --- [ProfileMs] [HikariPool-1 housekeeper] com.zaxxer.hikari.pool.HikariPool        : HikariPool-1 - Thread starvation or clock leap detected (housekeeper delta=18m10s435ms169µs800ns).
2026-09-02T02:42:25.199-07:00  INFO 4532 --- [ProfileMs] [RMI TCP Connection(51)-127.0.0.1] inMXBeanRegistrar$SpringApplicationAdmin : Application shutdown requested.
2026-09-02T02:42:25.348-07:00  INFO 4532 --- [ProfileMs] [RMI TCP Connection(51)-127.0.0.1] o.s.c.n.e.s.EurekaServiceRegistry        : Unregistering application PROFILEMS with eureka with status DOWN
2026-09-02T02:42:25.354-07:00  INFO 4532 --- [ProfileMs] [RMI TCP Connection(51)-127.0.0.1] com.netflix.discovery.DiscoveryClient    : Saw local status change event StatusChangeEvent [timestamp=1788342145354, current=DOWN, previous=UP]
2026-09-02T02:42:25.355-07:00  INFO 4532 --- [ProfileMs] [DiscoveryClient-InstanceInfoReplicator-%d] com.netflix.discovery.DiscoveryClient    : DiscoveryClient_PROFILEMS/DESKTOP-97B0AF6:ProfileMs:8086: registering service...
2026-09-02T02:42:25.555-07:00  INFO 4532 --- [ProfileMs] [DiscoveryClient-InstanceInfoReplicator-%d] com.netflix.discovery.DiscoveryClient    : DiscoveryClient_PROFILEMS/DESKTOP-97B0AF6:ProfileMs:8086 - registration status: 204
2026-09-02T02:42:26.110-07:00  INFO 4532 --- [ProfileMs] [RMI TCP Connection(51)-127.0.0.1] o.s.b.w.e.tomcat.GracefulShutdown        : Commencing graceful shutdown. Waiting for active requests to complete
2026-09-02T02:42:28.985-07:00  INFO 4532 --- [ProfileMs] [tomcat-shutdown] o.s.b.w.e.tomcat.GracefulShutdown        : Graceful shutdown complete
2026-09-02T02:42:29.332-07:00  INFO 4532 --- [ProfileMs] [RMI TCP Connection(51)-127.0.0.1] j.LocalContainerEntityManagerFactoryBean : Closing JPA EntityManagerFactory for persistence unit 'default'
2026-09-02T02:42:29.882-07:00  INFO 4532 --- [ProfileMs] [RMI TCP Connection(51)-127.0.0.1] com.zaxxer.hikari.HikariDataSource       : HikariPool-1 - Shutdown initiated...
2026-09-02T02:42:30.263-07:00  INFO 4532 --- [ProfileMs] [RMI TCP Connection(51)-127.0.0.1] com.zaxxer.hikari.HikariDataSource       : HikariPool-1 - Shutdown completed.
2026-09-02T02:42:30.274-07:00  INFO 4532 --- [ProfileMs] [RMI TCP Connection(51)-127.0.0.1] com.netflix.discovery.DiscoveryClient    : Shutting down DiscoveryClient ...
2026-09-02T02:42:33.280-07:00  INFO 4532 --- [ProfileMs] [RMI TCP Connection(51)-127.0.0.1] com.netflix.discovery.DiscoveryClient    : Unregistering ...
2026-09-02T02:42:33.326-07:00  INFO 4532 --- [ProfileMs] [RMI TCP Connection(51)-127.0.0.1] com.netflix.discovery.DiscoveryClient    : DiscoveryClient_PROFILEMS/DESKTOP-97B0AF6:ProfileMs:8086 - deregister  status: 200
2026-09-02T02:42:33.333-07:00  INFO 4532 --- [ProfileMs] [RMI TCP Connection(51)-127.0.0.1] com.netflix.discovery.DiscoveryClient    : Completed shut down of DiscoveryClient
2026-09-02T02:47:03.174-07:00  INFO 12240 --- [ProfileMs] [AsyncResolver-bootstrap-executor-%d] c.n.d.s.r.aws.ConfigClusterResolver      : Resolving eureka endpoints via configuration
2026-09-02T02:52:03.308-07:00  INFO 12240 --- [ProfileMs] [AsyncResolver-bootstrap-executor-%d] c.n.d.s.r.aws.ConfigClusterResolver      : Resolving eureka endpoints via configuration
2026-09-02T02:57:03.320-07:00  INFO 12240 --- [ProfileMs] [AsyncResolver-bootstrap-executor-%d] c.n.d.s.r.aws.ConfigClusterResolver      : Resolving eureka endpoints via configuration
2026-09-02T03:02:03.333-07:00  INFO 12240 --- [ProfileMs] [AsyncResolver-bootstrap-executor-%d] c.n.d.s.r.aws.ConfigClusterResolver      : Resolving eureka endpoints via configuration
2026-09-02T03:07:03.387-07:00  INFO 12240 --- [ProfileMs] [AsyncResolver-bootstrap-executor-%d] c.n.d.s.r.aws.ConfigClusterResolver      : Resolving eureka endpoints via configuration
2026-09-02T03:12:03.515-07:00  INFO 12240 --- [ProfileMs] [AsyncResolver-bootstrap-executor-%d] c.n.d.s.r.aws.ConfigClusterResolver      : Resolving eureka endpoints via configuration
2026-09-02T03:17:03.679-07:00  INFO 12240 --- [ProfileMs] [AsyncResolver-bootstrap-executor-%d] c.n.d.s.r.aws.ConfigClusterResolver      : Resolving eureka endpoints via configuration
2026-09-02T03:22:03.735-07:00  INFO 12240 --- [ProfileMs] [AsyncResolver-bootstrap-executor-%d] c.n.d.s.r.aws.ConfigClusterResolver      : Resolving eureka endpoints via configuration
2026-09-02T03:27:03.964-07:00  INFO 12240 --- [ProfileMs] [AsyncResolver-bootstrap-executor-%d] c.n.d.s.r.aws.ConfigClusterResolver      : Resolving eureka endpoints via configuration
2026-09-02T03:32:04.110-07:00  INFO 12240 --- [ProfileMs] [AsyncResolver-bootstrap-executor-%d] c.n.d.s.r.aws.ConfigClusterResolver      : Resolving eureka endpoints via configuration
2026-09-02T03:32:23.030-07:00  INFO 12240 --- [ProfileMs] [RMI TCP Connection(89)-127.0.0.1] inMXBeanRegistrar$SpringApplicationAdmin : Application shutdown requested.
2026-09-02T03:32:23.125-07:00  INFO 12240 --- [ProfileMs] [RMI TCP Connection(89)-127.0.0.1] o.s.c.n.e.s.EurekaServiceRegistry        : Unregistering application PROFILEMS with eureka with status DOWN
2026-09-02T03:32:23.128-07:00  INFO 12240 --- [ProfileMs] [RMI TCP Connection(89)-127.0.0.1] com.netflix.discovery.DiscoveryClient    : Saw local status change event StatusChangeEvent [timestamp=1788345143128, current=DOWN, previous=UP]
2026-09-02T03:32:23.131-07:00  INFO 12240 --- [ProfileMs] [DiscoveryClient-InstanceInfoReplicator-%d] com.netflix.discovery.DiscoveryClient    : DiscoveryClient_PROFILEMS/DESKTOP-97B0AF6:ProfileMs:8081: registering service...
2026-09-02T03:32:23.276-07:00  INFO 12240 --- [ProfileMs] [DiscoveryClient-InstanceInfoReplicator-%d] com.netflix.discovery.DiscoveryClient    : DiscoveryClient_PROFILEMS/DESKTOP-97B0AF6:ProfileMs:8081 - registration status: 204
2026-09-02T03:32:23.457-07:00  INFO 12240 --- [ProfileMs] [RMI TCP Connection(89)-127.0.0.1] o.s.b.w.e.tomcat.GracefulShutdown        : Commencing graceful shutdown. Waiting for active requests to complete
2026-09-02T03:32:23.698-07:00  INFO 12240 --- [ProfileMs] [tomcat-shutdown] o.s.b.w.e.tomcat.GracefulShutdown        : Graceful shutdown complete
2026-09-02T03:32:23.853-07:00  INFO 12240 --- [ProfileMs] [RMI TCP Connection(89)-127.0.0.1] j.LocalContainerEntityManagerFactoryBean : Closing JPA EntityManagerFactory for persistence unit 'default'
2026-09-02T03:32:24.061-07:00  INFO 12240 --- [ProfileMs] [RMI TCP Connection(89)-127.0.0.1] com.zaxxer.hikari.HikariDataSource       : HikariPool-1 - Shutdown initiated...
2026-09-02T03:32:24.166-07:00  INFO 12240 --- [ProfileMs] [RMI TCP Connection(89)-127.0.0.1] com.zaxxer.hikari.HikariDataSource       : HikariPool-1 - Shutdown completed.
2026-09-02T03:32:24.176-07:00  INFO 12240 --- [ProfileMs] [RMI TCP Connection(89)-127.0.0.1] com.netflix.discovery.DiscoveryClient    : Shutting down DiscoveryClient ...
2026-09-02T03:32:27.184-07:00  INFO 12240 --- [ProfileMs] [RMI TCP Connection(89)-127.0.0.1] com.netflix.discovery.DiscoveryClient    : Unregistering ...
2026-09-02T03:32:27.237-07:00  INFO 12240 --- [ProfileMs] [RMI TCP Connection(89)-127.0.0.1] com.netflix.discovery.DiscoveryClient    : DiscoveryClient_PROFILEMS/DESKTOP-97B0AF6:ProfileMs:8081 - deregister  status: 200
2026-09-02T03:32:27.240-07:00  INFO 12240 --- [ProfileMs] [RMI TCP Connection(89)-127.0.0.1] com.netflix.discovery.DiscoveryClient    : Completed shut down of DiscoveryClient
2026-09-02T03:32:35.304-07:00  INFO 7208 --- [ProfileMs] [restartedMain] com.hms.profile.ProfileMsApplication     : Starting ProfileMsApplication using Java 17.0.7 with PID 7208 (E:\STS-Projects\hms-backend\ProfileMs\target\classes started by KAUSAL in E:\STS-Projects\hms-backend\ProfileMs)
2026-09-02T03:32:35.309-07:00  INFO 7208 --- [ProfileMs] [restartedMain] com.hms.profile.ProfileMsApplication     : The following 1 profile is active: "--server.port=8081"
2026-09-02T03:32:35.489-07:00  INFO 7208 --- [ProfileMs] [restartedMain] .e.DevToolsPropertyDefaultsPostProcessor : Devtools property defaults active! Set 'spring.devtools.add-properties' to 'false' to disable
2026-09-02T03:32:35.490-07:00  INFO 7208 --- [ProfileMs] [restartedMain] .e.DevToolsPropertyDefaultsPostProcessor : For additional web related logging consider setting the 'logging.level.web' property to 'DEBUG'
2026-09-02T03:32:37.281-07:00  INFO 7208 --- [ProfileMs] [restartedMain] .s.d.r.c.RepositoryConfigurationDelegate : Bootstrapping Spring Data JPA repositories in DEFAULT mode.
2026-09-02T03:32:37.722-07:00  INFO 7208 --- [ProfileMs] [restartedMain] .s.d.r.c.RepositoryConfigurationDelegate : Finished Spring Data repository scanning in 418 ms. Found 2 JPA repository interfaces.
2026-09-02T03:32:38.425-07:00  INFO 7208 --- [ProfileMs] [restartedMain] o.s.cloud.context.scope.GenericScope     : BeanFactory id=96123092-2c4b-3750-8219-920c75482262
2026-09-02T03:32:39.665-07:00  INFO 7208 --- [ProfileMs] [restartedMain] o.s.b.w.embedded.tomcat.TomcatWebServer  : Tomcat initialized with port 8081 (http)
2026-09-02T03:32:39.692-07:00  INFO 7208 --- [ProfileMs] [restartedMain] o.apache.catalina.core.StandardService   : Starting service [Tomcat]
2026-09-02T03:32:39.693-07:00  INFO 7208 --- [ProfileMs] [restartedMain] o.apache.catalina.core.StandardEngine    : Starting Servlet engine: [Apache Tomcat/10.1.34]
2026-09-02T03:32:39.835-07:00  INFO 7208 --- [ProfileMs] [restartedMain] o.a.c.c.C.[Tomcat].[localhost].[/]       : Initializing Spring embedded WebApplicationContext
2026-09-02T03:32:39.836-07:00  INFO 7208 --- [ProfileMs] [restartedMain] w.s.c.ServletWebServerApplicationContext : Root WebApplicationContext: initialization completed in 4344 ms
2026-09-02T03:32:40.315-07:00  INFO 7208 --- [ProfileMs] [restartedMain] o.hibernate.jpa.internal.util.LogHelper  : HHH000204: Processing PersistenceUnitInfo [name: default]
2026-09-02T03:32:40.465-07:00  INFO 7208 --- [ProfileMs] [restartedMain] org.hibernate.Version                    : HHH000412: Hibernate ORM core version 6.6.4.Final
2026-09-02T03:32:40.550-07:00  INFO 7208 --- [ProfileMs] [restartedMain] o.h.c.internal.RegionFactoryInitiator    : HHH000026: Second-level cache disabled
2026-09-02T03:32:41.293-07:00  INFO 7208 --- [ProfileMs] [restartedMain] o.s.o.j.p.SpringPersistenceUnitInfo      : No LoadTimeWeaver setup: ignoring JPA class transformer
2026-09-02T03:32:41.435-07:00  INFO 7208 --- [ProfileMs] [restartedMain] com.zaxxer.hikari.HikariDataSource       : HikariPool-1 - Starting...
2026-09-02T03:32:41.978-07:00  INFO 7208 --- [ProfileMs] [restartedMain] com.zaxxer.hikari.pool.HikariPool        : HikariPool-1 - Added connection com.mysql.cj.jdbc.ConnectionImpl@39eeb02f
2026-09-02T03:32:42.007-07:00  INFO 7208 --- [ProfileMs] [restartedMain] com.zaxxer.hikari.HikariDataSource       : HikariPool-1 - Start completed.
2026-09-02T03:32:42.196-07:00  WARN 7208 --- [ProfileMs] [restartedMain] org.hibernate.orm.deprecation            : HHH90000025: MySQLDialect does not need to be specified explicitly using 'hibernate.dialect' (remove the property setting and it will be selected by default)
2026-09-02T03:32:42.256-07:00  INFO 7208 --- [ProfileMs] [restartedMain] org.hibernate.orm.connections.pooling    : HHH10001005: Database info:
	Database JDBC URL [Connecting through datasource 'HikariDataSource (HikariPool-1)']
	Database driver: undefined/unknown
	Database version: 8.0.46
	Autocommit mode: undefined/unknown
	Isolation level: undefined/unknown
	Minimum pool size: undefined/unknown
	Maximum pool size: undefined/unknown
2026-09-02T03:32:44.072-07:00  INFO 7208 --- [ProfileMs] [restartedMain] o.h.e.t.j.p.i.JtaPlatformInitiator       : HHH000489: No JTA platform available (set 'hibernate.transaction.jta.platform' to enable JTA platform integration)
2026-09-02T03:32:44.255-07:00  INFO 7208 --- [ProfileMs] [restartedMain] j.LocalContainerEntityManagerFactoryBean : Initialized JPA EntityManagerFactory for persistence unit 'default'
2026-09-02T03:32:45.092-07:00  INFO 7208 --- [ProfileMs] [restartedMain] o.s.d.j.r.query.QueryEnhancerFactory     : Hibernate is in classpath; If applicable, HQL parser will be used.
2026-09-02T03:32:46.134-07:00  WARN 7208 --- [ProfileMs] [restartedMain] JpaBaseConfiguration$JpaWebConfiguration : spring.jpa.open-in-view is enabled by default. Therefore, database queries may be performed during view rendering. Explicitly configure spring.jpa.open-in-view to disable this warning
2026-09-02T03:32:47.504-07:00  WARN 7208 --- [ProfileMs] [restartedMain] o.s.b.d.a.OptionalLiveReloadServer       : Unable to start LiveReload server
2026-09-02T03:32:48.228-07:00  INFO 7208 --- [ProfileMs] [restartedMain] DiscoveryClientOptionalArgsConfiguration : Eureka HTTP Client uses RestTemplate.
2026-09-02T03:32:48.372-07:00  WARN 7208 --- [ProfileMs] [restartedMain] iguration$LoadBalancerCaffeineWarnLogger : Spring Cloud LoadBalancer is currently working with the default cache. While this cache implementation is useful for development and tests, it's recommended to use Caffeine cache in production.You can switch to using Caffeine cache, by adding it and org.springframework.cache.caffeine.CaffeineCacheManager to the classpath.
2026-09-02T03:32:48.604-07:00  INFO 7208 --- [ProfileMs] [restartedMain] o.s.c.n.eureka.InstanceInfoFactory       : Setting initial instance status as: STARTING
2026-09-02T03:32:48.685-07:00  INFO 7208 --- [ProfileMs] [restartedMain] com.netflix.discovery.DiscoveryClient    : Initializing Eureka in region us-east-1
2026-09-02T03:32:48.701-07:00  INFO 7208 --- [ProfileMs] [restartedMain] c.n.d.s.r.aws.ConfigClusterResolver      : Resolving eureka endpoints via configuration
2026-09-02T03:32:48.741-07:00  INFO 7208 --- [ProfileMs] [restartedMain] com.netflix.discovery.DiscoveryClient    : Disable delta property : false
2026-09-02T03:32:48.744-07:00  INFO 7208 --- [ProfileMs] [restartedMain] com.netflix.discovery.DiscoveryClient    : Single vip registry refresh property : null
2026-09-02T03:32:48.745-07:00  INFO 7208 --- [ProfileMs] [restartedMain] com.netflix.discovery.DiscoveryClient    : Force full registry fetch : false
2026-09-02T03:32:48.746-07:00  INFO 7208 --- [ProfileMs] [restartedMain] com.netflix.discovery.DiscoveryClient    : Application is null : false
2026-09-02T03:32:48.746-07:00  INFO 7208 --- [ProfileMs] [restartedMain] com.netflix.discovery.DiscoveryClient    : Registered Applications size is zero : true
2026-09-02T03:32:48.747-07:00  INFO 7208 --- [ProfileMs] [restartedMain] com.netflix.discovery.DiscoveryClient    : Application version is -1: true
2026-09-02T03:32:48.747-07:00  INFO 7208 --- [ProfileMs] [restartedMain] com.netflix.discovery.DiscoveryClient    : Getting all instance registry info from the eureka server
2026-09-02T03:32:50.607-07:00  INFO 7208 --- [ProfileMs] [restartedMain] com.netflix.discovery.DiscoveryClient    : The response status is 200
2026-09-02T03:32:50.615-07:00  INFO 7208 --- [ProfileMs] [restartedMain] com.netflix.discovery.DiscoveryClient    : Starting heartbeat executor: renew interval is: 30
2026-09-02T03:32:50.621-07:00  INFO 7208 --- [ProfileMs] [restartedMain] c.n.discovery.InstanceInfoReplicator     : InstanceInfoReplicator onDemand update allowed rate per min is 4
2026-09-02T03:32:50.626-07:00  INFO 7208 --- [ProfileMs] [restartedMain] com.netflix.discovery.DiscoveryClient    : Discovery Client initialized at timestamp 1788345170624 with initial instances count: 3
2026-09-02T03:32:50.637-07:00  INFO 7208 --- [ProfileMs] [restartedMain] o.s.c.n.e.s.EurekaServiceRegistry        : Registering application PROFILEMS with eureka with status UP
2026-09-02T03:32:50.642-07:00  INFO 7208 --- [ProfileMs] [restartedMain] com.netflix.discovery.DiscoveryClient    : Saw local status change event StatusChangeEvent [timestamp=1788345170642, current=UP, previous=STARTING]
2026-09-02T03:32:50.649-07:00  INFO 7208 --- [ProfileMs] [DiscoveryClient-InstanceInfoReplicator-%d] com.netflix.discovery.DiscoveryClient    : DiscoveryClient_PROFILEMS/DESKTOP-97B0AF6.lan:ProfileMs:8081: registering service...
2026-09-02T03:32:50.772-07:00  INFO 7208 --- [ProfileMs] [DiscoveryClient-InstanceInfoReplicator-%d] com.netflix.discovery.DiscoveryClient    : DiscoveryClient_PROFILEMS/DESKTOP-97B0AF6.lan:ProfileMs:8081 - registration status: 204
2026-09-02T03:32:50.777-07:00  INFO 7208 --- [ProfileMs] [restartedMain] o.s.b.w.embedded.tomcat.TomcatWebServer  : Tomcat started on port 8081 (http) with context path '/'
2026-09-02T03:32:50.781-07:00  INFO 7208 --- [ProfileMs] [restartedMain] .s.c.n.e.s.EurekaAutoServiceRegistration : Updating port to 8081
2026-09-02T03:32:51.614-07:00  INFO 7208 --- [ProfileMs] [restartedMain] com.hms.profile.ProfileMsApplication     : Started ProfileMsApplication in 17.496 seconds (process running for 19.353)
2026-09-02T03:33:27.313-07:00  INFO 7208 --- [ProfileMs] [RMI TCP Connection(8)-127.0.0.1] inMXBeanRegistrar$SpringApplicationAdmin : Application shutdown requested.
2026-09-02T03:33:27.410-07:00  INFO 7208 --- [ProfileMs] [RMI TCP Connection(8)-127.0.0.1] o.s.c.n.e.s.EurekaServiceRegistry        : Unregistering application PROFILEMS with eureka with status DOWN
2026-09-02T03:33:27.414-07:00  INFO 7208 --- [ProfileMs] [RMI TCP Connection(8)-127.0.0.1] com.netflix.discovery.DiscoveryClient    : Saw local status change event StatusChangeEvent [timestamp=1788345207414, current=DOWN, previous=UP]
2026-09-02T03:33:27.416-07:00  INFO 7208 --- [ProfileMs] [DiscoveryClient-InstanceInfoReplicator-%d] com.netflix.discovery.DiscoveryClient    : DiscoveryClient_PROFILEMS/DESKTOP-97B0AF6.lan:ProfileMs:8081: registering service...
2026-09-02T03:33:27.496-07:00  INFO 7208 --- [ProfileMs] [DiscoveryClient-InstanceInfoReplicator-%d] com.netflix.discovery.DiscoveryClient    : DiscoveryClient_PROFILEMS/DESKTOP-97B0AF6.lan:ProfileMs:8081 - registration status: 204
2026-09-02T03:33:28.020-07:00  INFO 7208 --- [ProfileMs] [RMI TCP Connection(8)-127.0.0.1] o.s.b.w.e.tomcat.GracefulShutdown        : Commencing graceful shutdown. Waiting for active requests to complete
2026-09-02T03:33:28.321-07:00  INFO 7208 --- [ProfileMs] [tomcat-shutdown] o.s.b.w.e.tomcat.GracefulShutdown        : Graceful shutdown complete
2026-09-02T03:33:28.576-07:00  INFO 7208 --- [ProfileMs] [RMI TCP Connection(8)-127.0.0.1] j.LocalContainerEntityManagerFactoryBean : Closing JPA EntityManagerFactory for persistence unit 'default'
2026-09-02T03:33:28.846-07:00  INFO 7208 --- [ProfileMs] [RMI TCP Connection(8)-127.0.0.1] com.zaxxer.hikari.HikariDataSource       : HikariPool-1 - Shutdown initiated...
2026-09-02T03:33:29.008-07:00  INFO 7208 --- [ProfileMs] [RMI TCP Connection(8)-127.0.0.1] com.zaxxer.hikari.HikariDataSource       : HikariPool-1 - Shutdown completed.
2026-09-02T03:33:29.018-07:00  INFO 7208 --- [ProfileMs] [RMI TCP Connection(8)-127.0.0.1] com.netflix.discovery.DiscoveryClient    : Shutting down DiscoveryClient ...
2026-09-02T03:33:32.030-07:00  INFO 7208 --- [ProfileMs] [RMI TCP Connection(8)-127.0.0.1] com.netflix.discovery.DiscoveryClient    : Unregistering ...
2026-09-02T03:33:32.054-07:00  INFO 7208 --- [ProfileMs] [RMI TCP Connection(8)-127.0.0.1] com.netflix.discovery.DiscoveryClient    : DiscoveryClient_PROFILEMS/DESKTOP-97B0AF6.lan:ProfileMs:8081 - deregister  status: 200
2026-09-02T03:33:32.056-07:00  INFO 7208 --- [ProfileMs] [RMI TCP Connection(8)-127.0.0.1] com.netflix.discovery.DiscoveryClient    : Completed shut down of DiscoveryClient
2026-09-02T03:36:14.874-07:00  INFO 9212 --- [ProfileMs] [restartedMain] com.hms.profile.ProfileMsApplication     : Starting ProfileMsApplication using Java 17.0.7 with PID 9212 (E:\STS-Projects\hms-backend\ProfileMs\target\classes started by KAUSAL in E:\STS-Projects\hms-backend\ProfileMs)
2026-09-02T03:36:14.886-07:00  INFO 9212 --- [ProfileMs] [restartedMain] com.hms.profile.ProfileMsApplication     : The following 1 profile is active: "--server.port=8081"
2026-09-02T03:36:15.016-07:00  INFO 9212 --- [ProfileMs] [restartedMain] .e.DevToolsPropertyDefaultsPostProcessor : Devtools property defaults active! Set 'spring.devtools.add-properties' to 'false' to disable
2026-09-02T03:36:15.017-07:00  INFO 9212 --- [ProfileMs] [restartedMain] .e.DevToolsPropertyDefaultsPostProcessor : For additional web related logging consider setting the 'logging.level.web' property to 'DEBUG'
2026-09-02T03:36:16.936-07:00  INFO 9212 --- [ProfileMs] [restartedMain] .s.d.r.c.RepositoryConfigurationDelegate : Bootstrapping Spring Data JPA repositories in DEFAULT mode.
2026-09-02T03:36:17.287-07:00  INFO 9212 --- [ProfileMs] [restartedMain] .s.d.r.c.RepositoryConfigurationDelegate : Finished Spring Data repository scanning in 321 ms. Found 2 JPA repository interfaces.
2026-09-02T03:36:17.848-07:00  INFO 9212 --- [ProfileMs] [restartedMain] o.s.cloud.context.scope.GenericScope     : BeanFactory id=96123092-2c4b-3750-8219-920c75482262
2026-09-02T03:36:19.065-07:00  INFO 9212 --- [ProfileMs] [restartedMain] o.s.b.w.embedded.tomcat.TomcatWebServer  : Tomcat initialized with port 8081 (http)
2026-09-02T03:36:19.094-07:00  INFO 9212 --- [ProfileMs] [restartedMain] o.apache.catalina.core.StandardService   : Starting service [Tomcat]
2026-09-02T03:36:19.095-07:00  INFO 9212 --- [ProfileMs] [restartedMain] o.apache.catalina.core.StandardEngine    : Starting Servlet engine: [Apache Tomcat/10.1.34]
2026-09-02T03:36:19.246-07:00  INFO 9212 --- [ProfileMs] [restartedMain] o.a.c.c.C.[Tomcat].[localhost].[/]       : Initializing Spring embedded WebApplicationContext
2026-09-02T03:36:19.248-07:00  INFO 9212 --- [ProfileMs] [restartedMain] w.s.c.ServletWebServerApplicationContext : Root WebApplicationContext: initialization completed in 4228 ms
2026-09-02T03:36:19.692-07:00  INFO 9212 --- [ProfileMs] [restartedMain] o.hibernate.jpa.internal.util.LogHelper  : HHH000204: Processing PersistenceUnitInfo [name: default]
2026-09-02T03:36:19.843-07:00  INFO 9212 --- [ProfileMs] [restartedMain] org.hibernate.Version                    : HHH000412: Hibernate ORM core version 6.6.4.Final
2026-09-02T03:36:19.930-07:00  INFO 9212 --- [ProfileMs] [restartedMain] o.h.c.internal.RegionFactoryInitiator    : HHH000026: Second-level cache disabled
2026-09-02T03:36:20.633-07:00  INFO 9212 --- [ProfileMs] [restartedMain] o.s.o.j.p.SpringPersistenceUnitInfo      : No LoadTimeWeaver setup: ignoring JPA class transformer
2026-09-02T03:36:20.743-07:00  INFO 9212 --- [ProfileMs] [restartedMain] com.zaxxer.hikari.HikariDataSource       : HikariPool-1 - Starting...
2026-09-02T03:36:21.180-07:00  INFO 9212 --- [ProfileMs] [restartedMain] com.zaxxer.hikari.pool.HikariPool        : HikariPool-1 - Added connection com.mysql.cj.jdbc.ConnectionImpl@10d04a09
2026-09-02T03:36:21.186-07:00  INFO 9212 --- [ProfileMs] [restartedMain] com.zaxxer.hikari.HikariDataSource       : HikariPool-1 - Start completed.
2026-09-02T03:36:21.386-07:00  WARN 9212 --- [ProfileMs] [restartedMain] org.hibernate.orm.deprecation            : HHH90000025: MySQLDialect does not need to be specified explicitly using 'hibernate.dialect' (remove the property setting and it will be selected by default)
2026-09-02T03:36:21.445-07:00  INFO 9212 --- [ProfileMs] [restartedMain] org.hibernate.orm.connections.pooling    : HHH10001005: Database info:
	Database JDBC URL [Connecting through datasource 'HikariDataSource (HikariPool-1)']
	Database driver: undefined/unknown
	Database version: 8.0.46
	Autocommit mode: undefined/unknown
	Isolation level: undefined/unknown
	Minimum pool size: undefined/unknown
	Maximum pool size: undefined/unknown
2026-09-02T03:36:23.454-07:00  INFO 9212 --- [ProfileMs] [restartedMain] o.h.e.t.j.p.i.JtaPlatformInitiator       : HHH000489: No JTA platform available (set 'hibernate.transaction.jta.platform' to enable JTA platform integration)
2026-09-02T03:36:23.638-07:00  INFO 9212 --- [ProfileMs] [restartedMain] j.LocalContainerEntityManagerFactoryBean : Initialized JPA EntityManagerFactory for persistence unit 'default'
2026-09-02T03:36:24.130-07:00  INFO 9212 --- [ProfileMs] [restartedMain] o.s.d.j.r.query.QueryEnhancerFactory     : Hibernate is in classpath; If applicable, HQL parser will be used.
2026-09-02T03:36:25.229-07:00  WARN 9212 --- [ProfileMs] [restartedMain] JpaBaseConfiguration$JpaWebConfiguration : spring.jpa.open-in-view is enabled by default. Therefore, database queries may be performed during view rendering. Explicitly configure spring.jpa.open-in-view to disable this warning
2026-09-02T03:36:26.582-07:00  WARN 9212 --- [ProfileMs] [restartedMain] o.s.b.d.a.OptionalLiveReloadServer       : Unable to start LiveReload server
2026-09-02T03:36:27.187-07:00  INFO 9212 --- [ProfileMs] [restartedMain] DiscoveryClientOptionalArgsConfiguration : Eureka HTTP Client uses RestTemplate.
2026-09-02T03:36:27.270-07:00  WARN 9212 --- [ProfileMs] [restartedMain] iguration$LoadBalancerCaffeineWarnLogger : Spring Cloud LoadBalancer is currently working with the default cache. While this cache implementation is useful for development and tests, it's recommended to use Caffeine cache in production.You can switch to using Caffeine cache, by adding it and org.springframework.cache.caffeine.CaffeineCacheManager to the classpath.
2026-09-02T03:36:27.517-07:00  INFO 9212 --- [ProfileMs] [restartedMain] o.s.c.n.eureka.InstanceInfoFactory       : Setting initial instance status as: STARTING
2026-09-02T03:36:27.599-07:00  INFO 9212 --- [ProfileMs] [restartedMain] com.netflix.discovery.DiscoveryClient    : Initializing Eureka in region us-east-1
2026-09-02T03:36:27.613-07:00  INFO 9212 --- [ProfileMs] [restartedMain] c.n.d.s.r.aws.ConfigClusterResolver      : Resolving eureka endpoints via configuration
2026-09-02T03:36:27.641-07:00  INFO 9212 --- [ProfileMs] [restartedMain] com.netflix.discovery.DiscoveryClient    : Disable delta property : false
2026-09-02T03:36:27.643-07:00  INFO 9212 --- [ProfileMs] [restartedMain] com.netflix.discovery.DiscoveryClient    : Single vip registry refresh property : null
2026-09-02T03:36:27.643-07:00  INFO 9212 --- [ProfileMs] [restartedMain] com.netflix.discovery.DiscoveryClient    : Force full registry fetch : false
2026-09-02T03:36:27.644-07:00  INFO 9212 --- [ProfileMs] [restartedMain] com.netflix.discovery.DiscoveryClient    : Application is null : false
2026-09-02T03:36:27.644-07:00  INFO 9212 --- [ProfileMs] [restartedMain] com.netflix.discovery.DiscoveryClient    : Registered Applications size is zero : true
2026-09-02T03:36:27.644-07:00  INFO 9212 --- [ProfileMs] [restartedMain] com.netflix.discovery.DiscoveryClient    : Application version is -1: true
2026-09-02T03:36:27.645-07:00  INFO 9212 --- [ProfileMs] [restartedMain] com.netflix.discovery.DiscoveryClient    : Getting all instance registry info from the eureka server
2026-09-02T03:36:28.673-07:00  INFO 9212 --- [ProfileMs] [restartedMain] com.netflix.discovery.DiscoveryClient    : The response status is 200
2026-09-02T03:36:28.677-07:00  INFO 9212 --- [ProfileMs] [restartedMain] com.netflix.discovery.DiscoveryClient    : Starting heartbeat executor: renew interval is: 30
2026-09-02T03:36:28.682-07:00  INFO 9212 --- [ProfileMs] [restartedMain] c.n.discovery.InstanceInfoReplicator     : InstanceInfoReplicator onDemand update allowed rate per min is 4
2026-09-02T03:36:28.686-07:00  INFO 9212 --- [ProfileMs] [restartedMain] com.netflix.discovery.DiscoveryClient    : Discovery Client initialized at timestamp 1788345388684 with initial instances count: 3
2026-09-02T03:36:28.692-07:00  INFO 9212 --- [ProfileMs] [restartedMain] o.s.c.n.e.s.EurekaServiceRegistry        : Registering application PROFILEMS with eureka with status UP
2026-09-02T03:36:28.695-07:00  INFO 9212 --- [ProfileMs] [restartedMain] com.netflix.discovery.DiscoveryClient    : Saw local status change event StatusChangeEvent [timestamp=1788345388695, current=UP, previous=STARTING]
2026-09-02T03:36:28.700-07:00  INFO 9212 --- [ProfileMs] [DiscoveryClient-InstanceInfoReplicator-%d] com.netflix.discovery.DiscoveryClient    : DiscoveryClient_PROFILEMS/DESKTOP-97B0AF6.lan:ProfileMs:8081: registering service...
2026-09-02T03:36:28.786-07:00  INFO 9212 --- [ProfileMs] [restartedMain] o.s.b.w.embedded.tomcat.TomcatWebServer  : Tomcat started on port 8081 (http) with context path '/'
2026-09-02T03:36:28.789-07:00  INFO 9212 --- [ProfileMs] [restartedMain] .s.c.n.e.s.EurekaAutoServiceRegistration : Updating port to 8081
2026-09-02T03:36:28.851-07:00  INFO 9212 --- [ProfileMs] [DiscoveryClient-InstanceInfoReplicator-%d] com.netflix.discovery.DiscoveryClient    : DiscoveryClient_PROFILEMS/DESKTOP-97B0AF6.lan:ProfileMs:8081 - registration status: 204
2026-09-02T03:36:29.097-07:00  INFO 9212 --- [ProfileMs] [restartedMain] com.hms.profile.ProfileMsApplication     : Started ProfileMsApplication in 15.561 seconds (process running for 20.324)
2026-09-02T03:37:18.049-07:00  INFO 9212 --- [ProfileMs] [http-nio-8081-exec-1] o.a.c.c.C.[Tomcat].[localhost].[/]       : Initializing Spring DispatcherServlet 'dispatcherServlet'
2026-09-02T03:37:18.050-07:00  INFO 9212 --- [ProfileMs] [http-nio-8081-exec-1] o.s.web.servlet.DispatcherServlet        : Initializing Servlet 'dispatcherServlet'
2026-09-02T03:37:18.053-07:00  INFO 9212 --- [ProfileMs] [http-nio-8081-exec-1] o.s.web.servlet.DispatcherServlet        : Completed initialization in 3 ms
2026-09-02T03:41:27.748-07:00  INFO 9212 --- [ProfileMs] [AsyncResolver-bootstrap-executor-%d] c.n.d.s.r.aws.ConfigClusterResolver      : Resolving eureka endpoints via configuration
2026-09-02T03:46:27.931-07:00  INFO 9212 --- [ProfileMs] [AsyncResolver-bootstrap-executor-%d] c.n.d.s.r.aws.ConfigClusterResolver      : Resolving eureka endpoints via configuration
2026-09-02T03:51:27.985-07:00  INFO 9212 --- [ProfileMs] [AsyncResolver-bootstrap-executor-%d] c.n.d.s.r.aws.ConfigClusterResolver      : Resolving eureka endpoints via configuration
2026-09-02T03:56:28.098-07:00  INFO 9212 --- [ProfileMs] [AsyncResolver-bootstrap-executor-%d] c.n.d.s.r.aws.ConfigClusterResolver      : Resolving eureka endpoints via configuration
2026-09-02T04:01:28.218-07:00  INFO 9212 --- [ProfileMs] [AsyncResolver-bootstrap-executor-%d] c.n.d.s.r.aws.ConfigClusterResolver      : Resolving eureka endpoints via configuration
2026-09-02T04:06:28.224-07:00  INFO 9212 --- [ProfileMs] [AsyncResolver-bootstrap-executor-%d] c.n.d.s.r.aws.ConfigClusterResolver      : Resolving eureka endpoints via configuration
2026-09-02T04:11:28.236-07:00  INFO 9212 --- [ProfileMs] [AsyncResolver-bootstrap-executor-%d] c.n.d.s.r.aws.ConfigClusterResolver      : Resolving eureka endpoints via configuration
2026-09-02T04:16:28.305-07:00  INFO 9212 --- [ProfileMs] [AsyncResolver-bootstrap-executor-%d] c.n.d.s.r.aws.ConfigClusterResolver      : Resolving eureka endpoints via configuration
2026-09-02T04:21:28.387-07:00  INFO 9212 --- [ProfileMs] [AsyncResolver-bootstrap-executor-%d] c.n.d.s.r.aws.ConfigClusterResolver      : Resolving eureka endpoints via configuration
2026-09-02T04:26:28.406-07:00  INFO 9212 --- [ProfileMs] [AsyncResolver-bootstrap-executor-%d] c.n.d.s.r.aws.ConfigClusterResolver      : Resolving eureka endpoints via configuration
2026-09-02T04:31:28.422-07:00  INFO 9212 --- [ProfileMs] [AsyncResolver-bootstrap-executor-%d] c.n.d.s.r.aws.ConfigClusterResolver      : Resolving eureka endpoints via configuration
2026-09-02T04:36:28.431-07:00  INFO 9212 --- [ProfileMs] [AsyncResolver-bootstrap-executor-%d] c.n.d.s.r.aws.ConfigClusterResolver      : Resolving eureka endpoints via configuration
2026-09-02T04:41:55.089-07:00  WARN 9212 --- [ProfileMs] [HikariPool-1 housekeeper] com.zaxxer.hikari.pool.HikariPool        : HikariPool-1 - Thread starvation or clock leap detected (housekeeper delta=3m32s567ms37µs300ns).
2026-09-02T04:44:30.980-07:00  INFO 9212 --- [ProfileMs] [AsyncResolver-bootstrap-executor-%d] c.n.d.s.r.aws.ConfigClusterResolver      : Resolving eureka endpoints via configuration
2026-09-02T04:49:31.116-07:00  INFO 9212 --- [ProfileMs] [AsyncResolver-bootstrap-executor-%d] c.n.d.s.r.aws.ConfigClusterResolver      : Resolving eureka endpoints via configuration
2026-09-02T04:52:38.889-07:00  INFO 9212 --- [ProfileMs] [File Watcher] rtingClassPathChangeChangedEventListener : Restarting due to 26 class path changes (0 additions, 26 deletions, 0 modifications)
2026-09-02T04:52:41.243-07:00  INFO 9212 --- [ProfileMs] [Thread-1] o.s.c.n.e.s.EurekaServiceRegistry        : Unregistering application PROFILEMS with eureka with status DOWN
2026-09-02T04:52:41.268-07:00  INFO 9212 --- [ProfileMs] [Thread-1] com.netflix.discovery.DiscoveryClient    : Saw local status change event StatusChangeEvent [timestamp=1788349961266, current=DOWN, previous=UP]
2026-09-02T04:52:41.293-07:00  INFO 9212 --- [ProfileMs] [DiscoveryClient-InstanceInfoReplicator-%d] com.netflix.discovery.DiscoveryClient    : DiscoveryClient_PROFILEMS/DESKTOP-97B0AF6.lan:ProfileMs:8081: registering service...
2026-09-02T04:52:42.620-07:00  INFO 9212 --- [ProfileMs] [DiscoveryClient-InstanceInfoReplicator-%d] com.netflix.discovery.DiscoveryClient    : DiscoveryClient_PROFILEMS/DESKTOP-97B0AF6.lan:ProfileMs:8081 - registration status: 204
2026-09-02T04:52:43.603-07:00  INFO 9212 --- [ProfileMs] [Thread-1] o.s.b.w.e.tomcat.GracefulShutdown        : Commencing graceful shutdown. Waiting for active requests to complete
2026-09-02T04:52:45.244-07:00  INFO 9212 --- [ProfileMs] [tomcat-shutdown] o.s.b.w.e.tomcat.GracefulShutdown        : Graceful shutdown complete
2026-09-02T04:52:45.784-07:00  INFO 9212 --- [ProfileMs] [Thread-1] j.LocalContainerEntityManagerFactoryBean : Closing JPA EntityManagerFactory for persistence unit 'default'
2026-09-02T04:52:46.339-07:00  INFO 9212 --- [ProfileMs] [Thread-1] com.zaxxer.hikari.HikariDataSource       : HikariPool-1 - Shutdown initiated...
2026-09-02T04:52:46.636-07:00  INFO 9212 --- [ProfileMs] [Thread-1] com.zaxxer.hikari.HikariDataSource       : HikariPool-1 - Shutdown completed.
2026-09-02T04:52:46.663-07:00  INFO 9212 --- [ProfileMs] [Thread-1] com.netflix.discovery.DiscoveryClient    : Shutting down DiscoveryClient ...
2026-09-02T04:52:49.687-07:00  INFO 9212 --- [ProfileMs] [Thread-1] com.netflix.discovery.DiscoveryClient    : Unregistering ...
2026-09-02T04:52:50.273-07:00  INFO 9212 --- [ProfileMs] [Thread-1] com.netflix.discovery.DiscoveryClient    : DiscoveryClient_PROFILEMS/DESKTOP-97B0AF6.lan:ProfileMs:8081 - deregister  status: 200
2026-09-02T04:52:50.284-07:00  INFO 9212 --- [ProfileMs] [Thread-1] com.netflix.discovery.DiscoveryClient    : Completed shut down of DiscoveryClient
2026-09-02T04:52:56.781-07:00  INFO 9212 --- [ProfileMs] [restartedMain] com.hms.profile.ProfileMsApplication     : Starting ProfileMsApplication using Java 17.0.7 with PID 9212 (E:\STS-Projects\hms-backend\ProfileMs\target\classes started by KAUSAL in E:\STS-Projects\hms-backend\ProfileMs)
2026-09-02T04:52:56.783-07:00  INFO 9212 --- [ProfileMs] [restartedMain] com.hms.profile.ProfileMsApplication     : The following 1 profile is active: "--server.port=8081"
2026-09-02T04:53:12.301-07:00  INFO 9212 --- [ProfileMs] [restartedMain] .s.d.r.c.RepositoryConfigurationDelegate : Bootstrapping Spring Data JPA repositories in DEFAULT mode.
2026-09-02T04:53:17.095-07:00  INFO 9212 --- [ProfileMs] [restartedMain] .s.d.r.c.RepositoryConfigurationDelegate : Finished Spring Data repository scanning in 4779 ms. Found 2 JPA repository interfaces.
2026-09-02T04:53:21.546-07:00  INFO 9212 --- [ProfileMs] [restartedMain] o.s.cloud.context.scope.GenericScope     : BeanFactory id=96123092-2c4b-3750-8219-920c75482262
2026-09-02T04:53:28.064-07:00  INFO 9212 --- [ProfileMs] [restartedMain] o.s.b.w.embedded.tomcat.TomcatWebServer  : Tomcat initialized with port 8081 (http)
2026-09-02T04:53:28.223-07:00  INFO 9212 --- [ProfileMs] [restartedMain] o.apache.catalina.core.StandardService   : Starting service [Tomcat]
2026-09-02T04:53:28.226-07:00  INFO 9212 --- [ProfileMs] [restartedMain] o.apache.catalina.core.StandardEngine    : Starting Servlet engine: [Apache Tomcat/10.1.34]
2026-09-02T04:53:29.067-07:00  INFO 9212 --- [ProfileMs] [restartedMain] o.a.c.c.C.[Tomcat].[localhost].[/]       : Initializing Spring embedded WebApplicationContext
2026-09-02T04:53:29.071-07:00  INFO 9212 --- [ProfileMs] [restartedMain] w.s.c.ServletWebServerApplicationContext : Root WebApplicationContext: initialization completed in 32275 ms
2026-09-02T04:53:34.948-07:00  INFO 9212 --- [ProfileMs] [restartedMain] o.hibernate.jpa.internal.util.LogHelper  : HHH000204: Processing PersistenceUnitInfo [name: default]
2026-09-02T04:53:35.185-07:00  INFO 9212 --- [ProfileMs] [restartedMain] o.h.c.internal.RegionFactoryInitiator    : HHH000026: Second-level cache disabled
2026-09-02T04:53:35.632-07:00  INFO 9212 --- [ProfileMs] [restartedMain] o.s.o.j.p.SpringPersistenceUnitInfo      : No LoadTimeWeaver setup: ignoring JPA class transformer
2026-09-02T04:53:35.764-07:00  INFO 9212 --- [ProfileMs] [restartedMain] com.zaxxer.hikari.HikariDataSource       : HikariPool-2 - Starting...
2026-09-02T04:53:38.293-07:00  INFO 9212 --- [ProfileMs] [restartedMain] com.zaxxer.hikari.pool.HikariPool        : HikariPool-2 - Added connection com.mysql.cj.jdbc.ConnectionImpl@81e88d7
2026-09-02T04:53:38.449-07:00  INFO 9212 --- [ProfileMs] [restartedMain] com.zaxxer.hikari.HikariDataSource       : HikariPool-2 - Start completed.
2026-09-02T04:53:38.629-07:00  WARN 9212 --- [ProfileMs] [restartedMain] org.hibernate.orm.deprecation            : HHH90000025: MySQLDialect does not need to be specified explicitly using 'hibernate.dialect' (remove the property setting and it will be selected by default)
2026-09-02T04:53:38.666-07:00  INFO 9212 --- [ProfileMs] [restartedMain] org.hibernate.orm.connections.pooling    : HHH10001005: Database info:
	Database JDBC URL [Connecting through datasource 'HikariDataSource (HikariPool-2)']
	Database driver: undefined/unknown
	Database version: 8.0.46
	Autocommit mode: undefined/unknown
	Isolation level: undefined/unknown
	Minimum pool size: undefined/unknown
	Maximum pool size: undefined/unknown
2026-09-02T04:53:44.012-07:00  INFO 9212 --- [ProfileMs] [restartedMain] o.h.e.t.j.p.i.JtaPlatformInitiator       : HHH000489: No JTA platform available (set 'hibernate.transaction.jta.platform' to enable JTA platform integration)
2026-09-02T04:53:44.371-07:00  INFO 9212 --- [ProfileMs] [restartedMain] j.LocalContainerEntityManagerFactoryBean : Initialized JPA EntityManagerFactory for persistence unit 'default'
2026-09-02T04:53:49.820-07:00  WARN 9212 --- [ProfileMs] [restartedMain] JpaBaseConfiguration$JpaWebConfiguration : spring.jpa.open-in-view is enabled by default. Therefore, database queries may be performed during view rendering. Explicitly configure spring.jpa.open-in-view to disable this warning
2026-09-02T04:53:50.652-07:00  INFO 9824 --- [ProfileMs] [restartedMain] com.hms.profile.ProfileMsApplication     : Starting ProfileMsApplication using Java 17.0.7 with PID 9824 (E:\STS-Projects\hms-backend\ProfileMs\target\classes started by KAUSAL in E:\STS-Projects\hms-backend\ProfileMs)
2026-09-02T04:53:50.660-07:00  INFO 9824 --- [ProfileMs] [restartedMain] com.hms.profile.ProfileMsApplication     : The following 1 profile is active: "--server.port=8081"
2026-09-02T04:53:51.285-07:00  INFO 9824 --- [ProfileMs] [restartedMain] .e.DevToolsPropertyDefaultsPostProcessor : Devtools property defaults active! Set 'spring.devtools.add-properties' to 'false' to disable
2026-09-02T04:53:51.286-07:00  INFO 9824 --- [ProfileMs] [restartedMain] .e.DevToolsPropertyDefaultsPostProcessor : For additional web related logging consider setting the 'logging.level.web' property to 'DEBUG'
2026-09-02T04:53:58.469-07:00  WARN 9212 --- [ProfileMs] [restartedMain] o.s.b.d.a.OptionalLiveReloadServer       : Unable to start LiveReload server
2026-09-02T04:54:00.301-07:00  INFO 9212 --- [ProfileMs] [File Watcher] o.s.b.f.s.DefaultListableBeanFactory     : Creating singleton bean 'eurekaAutoServiceRegistration' in thread "File Watcher" while other thread holds singleton lock for other beans [simpleDiscoveryClient, simpleDiscoveryProperties, compositeDiscoveryClient]
2026-09-02T04:54:00.302-07:00  INFO 9212 --- [ProfileMs] [File Watcher] o.s.b.f.s.DefaultListableBeanFactory     : Creating singleton bean 'org.springframework.cloud.netflix.eureka.EurekaClientAutoConfiguration' in thread "File Watcher" while other thread holds singleton lock for other beans [simpleDiscoveryClient, eurekaAutoServiceRegistration, simpleDiscoveryProperties, compositeDiscoveryClient]
2026-09-02T04:54:00.360-07:00  INFO 9212 --- [ProfileMs] [File Watcher] o.s.b.f.s.DefaultListableBeanFactory     : Creating singleton bean 'eurekaServiceRegistry' in thread "File Watcher" while other thread holds singleton lock for other beans [simpleDiscoveryClient, eurekaAutoServiceRegistration, simpleDiscoveryProperties, compositeDiscoveryClient]
2026-09-02T04:54:00.574-07:00  INFO 9212 --- [ProfileMs] [File Watcher] o.s.b.f.s.DefaultListableBeanFactory     : Creating singleton bean 'eurekaInstanceConfigBean' in thread "File Watcher" while other thread holds singleton lock for other beans [simpleDiscoveryClient, eurekaAutoServiceRegistration, eurekaServiceRegistry, simpleDiscoveryProperties, compositeDiscoveryClient]
2026-09-02T04:54:00.576-07:00  INFO 9212 --- [ProfileMs] [File Watcher] o.s.b.f.s.DefaultListableBeanFactory     : Creating singleton bean 'serviceManagementMetadataProvider' in thread "File Watcher" while other thread holds singleton lock for other beans [simpleDiscoveryClient, eurekaAutoServiceRegistration, eurekaInstanceConfigBean, eurekaServiceRegistry, simpleDiscoveryProperties, compositeDiscoveryClient]
2026-09-02T04:54:02.183-07:00  WARN 9212 --- [ProfileMs] [restartedMain] ConfigServletWebServerApplicationContext : Exception encountered during context initialization - cancelling refresh attempt: org.springframework.beans.factory.UnsatisfiedDependencyException: Error creating bean with name 'org.springframework.cloud.client.serviceregistry.AutoServiceRegistrationAutoConfiguration': Unsatisfied dependency expressed through field 'autoServiceRegistration': Error creating bean with name 'eurekaAutoServiceRegistration': Requested bean is currently in creation: Is there an unresolvable circular reference or an asynchronous initialization dependency?
2026-09-02T04:54:03.219-07:00  INFO 9212 --- [ProfileMs] [restartedMain] j.LocalContainerEntityManagerFactoryBean : Closing JPA EntityManagerFactory for persistence unit 'default'
2026-09-02T04:54:03.290-07:00  INFO 9212 --- [ProfileMs] [restartedMain] com.zaxxer.hikari.HikariDataSource       : HikariPool-2 - Shutdown initiated...
2026-09-02T04:54:03.371-07:00  INFO 9212 --- [ProfileMs] [restartedMain] com.zaxxer.hikari.HikariDataSource       : HikariPool-2 - Shutdown completed.
2026-09-02T04:54:03.618-07:00  INFO 9212 --- [ProfileMs] [restartedMain] o.apache.catalina.core.StandardService   : Stopping service [Tomcat]
2026-09-02T04:54:03.917-07:00  INFO 9212 --- [ProfileMs] [restartedMain] .s.b.a.l.ConditionEvaluationReportLogger : 

Error starting ApplicationContext. To display the condition evaluation report re-run your application with 'debug' enabled.
2026-09-02T04:54:04.605-07:00 ERROR 9212 --- [ProfileMs] [restartedMain] o.s.boot.SpringApplication               : Application run failed

org.springframework.beans.factory.UnsatisfiedDependencyException: Error creating bean with name 'org.springframework.cloud.client.serviceregistry.AutoServiceRegistrationAutoConfiguration': Unsatisfied dependency expressed through field 'autoServiceRegistration': Error creating bean with name 'eurekaAutoServiceRegistration': Requested bean is currently in creation: Is there an unresolvable circular reference or an asynchronous initialization dependency?
	at org.springframework.beans.factory.annotation.AutowiredAnnotationBeanPostProcessor$AutowiredFieldElement.resolveFieldValue(AutowiredAnnotationBeanPostProcessor.java:788) ~[spring-beans-6.2.1.jar:6.2.1]
	at org.springframework.beans.factory.annotation.AutowiredAnnotationBeanPostProcessor$AutowiredFieldElement.inject(AutowiredAnnotationBeanPostProcessor.java:768) ~[spring-beans-6.2.1.jar:6.2.1]
	at org.springframework.beans.factory.annotation.InjectionMetadata.inject(InjectionMetadata.java:146) ~[spring-beans-6.2.1.jar:6.2.1]
	at org.springframework.beans.factory.annotation.AutowiredAnnotationBeanPostProcessor.postProcessProperties(AutowiredAnnotationBeanPostProcessor.java:509) ~[spring-beans-6.2.1.jar:6.2.1]
	at org.springframework.beans.factory.support.AbstractAutowireCapableBeanFactory.populateBean(AbstractAutowireCapableBeanFactory.java:1441) ~[spring-beans-6.2.1.jar:6.2.1]
	at org.springframework.beans.factory.support.AbstractAutowireCapableBeanFactory.doCreateBean(AbstractAutowireCapableBeanFactory.java:600) ~[spring-beans-6.2.1.jar:6.2.1]
	at org.springframework.beans.factory.support.AbstractAutowireCapableBeanFactory.createBean(AbstractAutowireCapableBeanFactory.java:523) ~[spring-beans-6.2.1.jar:6.2.1]
	at org.springframework.beans.factory.support.AbstractBeanFactory.lambda$doGetBean$0(AbstractBeanFactory.java:336) ~[spring-beans-6.2.1.jar:6.2.1]
	at org.springframework.beans.factory.support.DefaultSingletonBeanRegistry.getSingleton(DefaultSingletonBeanRegistry.java:289) ~[spring-beans-6.2.1.jar:6.2.1]
	at org.springframework.beans.factory.support.AbstractBeanFactory.doGetBean(AbstractBeanFactory.java:334) ~[spring-beans-6.2.1.jar:6.2.1]
	at org.springframework.beans.factory.support.AbstractBeanFactory.getBean(AbstractBeanFactory.java:199) ~[spring-beans-6.2.1.jar:6.2.1]
	at org.springframework.beans.factory.support.DefaultListableBeanFactory.instantiateSingleton(DefaultListableBeanFactory.java:1122) ~[spring-beans-6.2.1.jar:6.2.1]
	at org.springframework.beans.factory.support.DefaultListableBeanFactory.preInstantiateSingleton(DefaultListableBeanFactory.java:1093) ~[spring-beans-6.2.1.jar:6.2.1]
	at org.springframework.beans.factory.support.DefaultListableBeanFactory.preInstantiateSingletons(DefaultListableBeanFactory.java:1030) ~[spring-beans-6.2.1.jar:6.2.1]
	at org.springframework.context.support.AbstractApplicationContext.finishBeanFactoryInitialization(AbstractApplicationContext.java:987) ~[spring-context-6.2.1.jar:6.2.1]
	at org.springframework.context.support.AbstractApplicationContext.refresh(AbstractApplicationContext.java:627) ~[spring-context-6.2.1.jar:6.2.1]
	at org.springframework.boot.web.servlet.context.ServletWebServerApplicationContext.refresh(ServletWebServerApplicationContext.java:146) ~[spring-boot-3.4.1.jar:3.4.1]
	at org.springframework.boot.SpringApplication.refresh(SpringApplication.java:752) ~[spring-boot-3.4.1.jar:3.4.1]
	at org.springframework.boot.SpringApplication.refreshContext(SpringApplication.java:439) ~[spring-boot-3.4.1.jar:3.4.1]
	at org.springframework.boot.SpringApplication.run(SpringApplication.java:318) ~[spring-boot-3.4.1.jar:3.4.1]
	at org.springframework.boot.SpringApplication.run(SpringApplication.java:1361) ~[spring-boot-3.4.1.jar:3.4.1]
	at org.springframework.boot.SpringApplication.run(SpringApplication.java:1350) ~[spring-boot-3.4.1.jar:3.4.1]
	at com.hms.profile.ProfileMsApplication.main(ProfileMsApplication.java:10) ~[classes/:na]
	at java.base/jdk.internal.reflect.NativeMethodAccessorImpl.invoke0(Native Method) ~[na:na]
	at java.base/jdk.internal.reflect.NativeMethodAccessorImpl.invoke(NativeMethodAccessorImpl.java:77) ~[na:na]
	at java.base/jdk.internal.reflect.DelegatingMethodAccessorImpl.invoke(DelegatingMethodAccessorImpl.java:43) ~[na:na]
	at java.base/java.lang.reflect.Method.invoke(Method.java:568) ~[na:na]
	at org.springframework.boot.devtools.restart.RestartLauncher.run(RestartLauncher.java:50) ~[spring-boot-devtools-3.4.1.jar:3.4.1]
Caused by: org.springframework.beans.factory.BeanCurrentlyInCreationException: Error creating bean with name 'eurekaAutoServiceRegistration': Requested bean is currently in creation: Is there an unresolvable circular reference or an asynchronous initialization dependency?
	at org.springframework.beans.factory.support.DefaultSingletonBeanRegistry.beforeSingletonCreation(DefaultSingletonBeanRegistry.java:421) ~[spring-beans-6.2.1.jar:6.2.1]
	at org.springframework.beans.factory.support.DefaultSingletonBeanRegistry.getSingleton(DefaultSingletonBeanRegistry.java:282) ~[spring-beans-6.2.1.jar:6.2.1]
	at org.springframework.beans.factory.support.AbstractBeanFactory.doGetBean(AbstractBeanFactory.java:334) ~[spring-beans-6.2.1.jar:6.2.1]
	at org.springframework.beans.factory.support.AbstractBeanFactory.getBean(AbstractBeanFactory.java:199) ~[spring-beans-6.2.1.jar:6.2.1]
	at org.springframework.beans.factory.config.DependencyDescriptor.resolveCandidate(DependencyDescriptor.java:254) ~[spring-beans-6.2.1.jar:6.2.1]
	at org.springframework.beans.factory.support.DefaultListableBeanFactory.doResolveDependency(DefaultListableBeanFactory.java:1631) ~[spring-beans-6.2.1.jar:6.2.1]
	at org.springframework.beans.factory.support.DefaultListableBeanFactory.resolveDependency(DefaultListableBeanFactory.java:1519) ~[spring-beans-6.2.1.jar:6.2.1]
	at org.springframework.beans.factory.annotation.AutowiredAnnotationBeanPostProcessor$AutowiredFieldElement.resolveFieldValue(AutowiredAnnotationBeanPostProcessor.java:785) ~[spring-beans-6.2.1.jar:6.2.1]
	... 27 common frames omitted

2026-09-02T04:54:07.096-07:00  INFO 9824 --- [ProfileMs] [restartedMain] .s.d.r.c.RepositoryConfigurationDelegate : Bootstrapping Spring Data JPA repositories in DEFAULT mode.
2026-09-02T04:54:08.942-07:00  INFO 9824 --- [ProfileMs] [restartedMain] .s.d.r.c.RepositoryConfigurationDelegate : Finished Spring Data repository scanning in 1383 ms. Found 2 JPA repository interfaces.
2026-09-02T04:54:11.390-07:00  INFO 9824 --- [ProfileMs] [restartedMain] o.s.cloud.context.scope.GenericScope     : BeanFactory id=96123092-2c4b-3750-8219-920c75482262
2026-09-02T04:54:15.502-07:00  INFO 9824 --- [ProfileMs] [restartedMain] o.s.b.w.embedded.tomcat.TomcatWebServer  : Tomcat initialized with port 8081 (http)
2026-09-02T04:54:15.610-07:00  INFO 9824 --- [ProfileMs] [restartedMain] o.apache.catalina.core.StandardService   : Starting service [Tomcat]
2026-09-02T04:54:15.612-07:00  INFO 9824 --- [ProfileMs] [restartedMain] o.apache.catalina.core.StandardEngine    : Starting Servlet engine: [Apache Tomcat/10.1.34]
2026-09-02T04:54:16.329-07:00  INFO 9824 --- [ProfileMs] [restartedMain] o.a.c.c.C.[Tomcat].[localhost].[/]       : Initializing Spring embedded WebApplicationContext
2026-09-02T04:54:16.341-07:00  INFO 9824 --- [ProfileMs] [restartedMain] w.s.c.ServletWebServerApplicationContext : Root WebApplicationContext: initialization completed in 25049 ms
2026-09-02T04:54:18.032-07:00  INFO 9824 --- [ProfileMs] [restartedMain] o.hibernate.jpa.internal.util.LogHelper  : HHH000204: Processing PersistenceUnitInfo [name: default]
2026-09-02T04:54:18.376-07:00  INFO 9824 --- [ProfileMs] [restartedMain] org.hibernate.Version                    : HHH000412: Hibernate ORM core version 6.6.4.Final
2026-09-02T04:54:18.593-07:00  INFO 9824 --- [ProfileMs] [restartedMain] o.h.c.internal.RegionFactoryInitiator    : HHH000026: Second-level cache disabled
2026-09-02T04:54:20.554-07:00  INFO 9824 --- [ProfileMs] [restartedMain] o.s.o.j.p.SpringPersistenceUnitInfo      : No LoadTimeWeaver setup: ignoring JPA class transformer
2026-09-02T04:54:20.792-07:00  INFO 9824 --- [ProfileMs] [restartedMain] com.zaxxer.hikari.HikariDataSource       : HikariPool-1 - Starting...
2026-09-02T04:54:21.805-07:00  INFO 9824 --- [ProfileMs] [restartedMain] com.zaxxer.hikari.pool.HikariPool        : HikariPool-1 - Added connection com.mysql.cj.jdbc.ConnectionImpl@534e3f53
2026-09-02T04:54:21.818-07:00  INFO 9824 --- [ProfileMs] [restartedMain] com.zaxxer.hikari.HikariDataSource       : HikariPool-1 - Start completed.
2026-09-02T04:54:22.167-07:00  WARN 9824 --- [ProfileMs] [restartedMain] org.hibernate.orm.deprecation            : HHH90000025: MySQLDialect does not need to be specified explicitly using 'hibernate.dialect' (remove the property setting and it will be selected by default)
2026-09-02T04:54:22.293-07:00  INFO 9824 --- [ProfileMs] [restartedMain] org.hibernate.orm.connections.pooling    : HHH10001005: Database info:
	Database JDBC URL [Connecting through datasource 'HikariDataSource (HikariPool-1)']
	Database driver: undefined/unknown
	Database version: 8.0.46
	Autocommit mode: undefined/unknown
	Isolation level: undefined/unknown
	Minimum pool size: undefined/unknown
	Maximum pool size: undefined/unknown
2026-09-02T04:54:30.270-07:00  INFO 9824 --- [ProfileMs] [restartedMain] o.h.e.t.j.p.i.JtaPlatformInitiator       : HHH000489: No JTA platform available (set 'hibernate.transaction.jta.platform' to enable JTA platform integration)
2026-09-02T04:54:30.573-07:00  INFO 9824 --- [ProfileMs] [restartedMain] j.LocalContainerEntityManagerFactoryBean : Initialized JPA EntityManagerFactory for persistence unit 'default'
2026-09-02T04:54:35.002-07:00  INFO 9824 --- [ProfileMs] [restartedMain] o.s.d.j.r.query.QueryEnhancerFactory     : Hibernate is in classpath; If applicable, HQL parser will be used.
2026-09-02T04:54:38.922-07:00  WARN 9824 --- [ProfileMs] [restartedMain] JpaBaseConfiguration$JpaWebConfiguration : spring.jpa.open-in-view is enabled by default. Therefore, database queries may be performed during view rendering. Explicitly configure spring.jpa.open-in-view to disable this warning
2026-09-02T04:54:42.290-07:00  WARN 9824 --- [ProfileMs] [restartedMain] o.s.b.d.a.OptionalLiveReloadServer       : Unable to start LiveReload server
2026-09-02T04:54:43.880-07:00  INFO 9824 --- [ProfileMs] [restartedMain] DiscoveryClientOptionalArgsConfiguration : Eureka HTTP Client uses RestTemplate.
2026-09-02T04:54:44.044-07:00  WARN 9824 --- [ProfileMs] [restartedMain] iguration$LoadBalancerCaffeineWarnLogger : Spring Cloud LoadBalancer is currently working with the default cache. While this cache implementation is useful for development and tests, it's recommended to use Caffeine cache in production.You can switch to using Caffeine cache, by adding it and org.springframework.cache.caffeine.CaffeineCacheManager to the classpath.
2026-09-02T04:54:44.248-07:00  INFO 9824 --- [ProfileMs] [restartedMain] o.s.c.n.eureka.InstanceInfoFactory       : Setting initial instance status as: STARTING
2026-09-02T04:54:44.344-07:00  INFO 9824 --- [ProfileMs] [restartedMain] com.netflix.discovery.DiscoveryClient    : Initializing Eureka in region us-east-1
2026-09-02T04:54:44.359-07:00  INFO 9824 --- [ProfileMs] [restartedMain] c.n.d.s.r.aws.ConfigClusterResolver      : Resolving eureka endpoints via configuration
2026-09-02T04:54:44.419-07:00  INFO 9824 --- [ProfileMs] [restartedMain] com.netflix.discovery.DiscoveryClient    : Disable delta property : false
2026-09-02T04:54:44.420-07:00  INFO 9824 --- [ProfileMs] [restartedMain] com.netflix.discovery.DiscoveryClient    : Single vip registry refresh property : null
2026-09-02T04:54:44.421-07:00  INFO 9824 --- [ProfileMs] [restartedMain] com.netflix.discovery.DiscoveryClient    : Force full registry fetch : false
2026-09-02T04:54:44.422-07:00  INFO 9824 --- [ProfileMs] [restartedMain] com.netflix.discovery.DiscoveryClient    : Application is null : false
2026-09-02T04:54:44.422-07:00  INFO 9824 --- [ProfileMs] [restartedMain] com.netflix.discovery.DiscoveryClient    : Registered Applications size is zero : true
2026-09-02T04:54:44.423-07:00  INFO 9824 --- [ProfileMs] [restartedMain] com.netflix.discovery.DiscoveryClient    : Application version is -1: true
2026-09-02T04:54:44.423-07:00  INFO 9824 --- [ProfileMs] [restartedMain] com.netflix.discovery.DiscoveryClient    : Getting all instance registry info from the eureka server
2026-09-02T04:54:46.085-07:00  INFO 9824 --- [ProfileMs] [restartedMain] com.netflix.discovery.DiscoveryClient    : The response status is 200
2026-09-02T04:54:46.093-07:00  INFO 9824 --- [ProfileMs] [restartedMain] com.netflix.discovery.DiscoveryClient    : Starting heartbeat executor: renew interval is: 30
2026-09-02T04:54:46.098-07:00  INFO 9824 --- [ProfileMs] [restartedMain] c.n.discovery.InstanceInfoReplicator     : InstanceInfoReplicator onDemand update allowed rate per min is 4
2026-09-02T04:54:46.103-07:00  INFO 9824 --- [ProfileMs] [restartedMain] com.netflix.discovery.DiscoveryClient    : Discovery Client initialized at timestamp 1788350086101 with initial instances count: 1
2026-09-02T04:54:46.163-07:00  INFO 9824 --- [ProfileMs] [restartedMain] o.s.c.n.e.s.EurekaServiceRegistry        : Registering application PROFILEMS with eureka with status UP
2026-09-02T04:54:46.185-07:00  INFO 9824 --- [ProfileMs] [restartedMain] com.netflix.discovery.DiscoveryClient    : Saw local status change event StatusChangeEvent [timestamp=1788350086185, current=UP, previous=STARTING]
2026-09-02T04:54:46.193-07:00  INFO 9824 --- [ProfileMs] [DiscoveryClient-InstanceInfoReplicator-%d] com.netflix.discovery.DiscoveryClient    : DiscoveryClient_PROFILEMS/DESKTOP-97B0AF6.lan:ProfileMs:8081: registering service...
2026-09-02T04:54:46.377-07:00  INFO 9824 --- [ProfileMs] [DiscoveryClient-InstanceInfoReplicator-%d] com.netflix.discovery.DiscoveryClient    : DiscoveryClient_PROFILEMS/DESKTOP-97B0AF6.lan:ProfileMs:8081 - registration status: 204
2026-09-02T04:54:46.390-07:00  INFO 9824 --- [ProfileMs] [restartedMain] o.s.b.w.embedded.tomcat.TomcatWebServer  : Tomcat started on port 8081 (http) with context path '/'
2026-09-02T04:54:46.394-07:00  INFO 9824 --- [ProfileMs] [restartedMain] .s.c.n.e.s.EurekaAutoServiceRegistration : Updating port to 8081
2026-09-02T04:54:46.821-07:00  INFO 9824 --- [ProfileMs] [restartedMain] com.hms.profile.ProfileMsApplication     : Started ProfileMsApplication in 67.407 seconds (process running for 86.707)
2026-09-02T04:58:57.126-07:00  INFO 9824 --- [ProfileMs] [File Watcher] rtingClassPathChangeChangedEventListener : Restarting due to 26 class path changes (0 additions, 4 deletions, 22 modifications)
2026-09-02T04:59:01.231-07:00  INFO 9824 --- [ProfileMs] [Thread-1] o.s.c.n.e.s.EurekaServiceRegistry        : Unregistering application PROFILEMS with eureka with status DOWN
2026-09-02T04:59:01.234-07:00  INFO 9824 --- [ProfileMs] [Thread-1] com.netflix.discovery.DiscoveryClient    : Saw local status change event StatusChangeEvent [timestamp=1788350341234, current=DOWN, previous=UP]
2026-09-02T04:59:01.238-07:00  INFO 9824 --- [ProfileMs] [DiscoveryClient-InstanceInfoReplicator-%d] com.netflix.discovery.DiscoveryClient    : DiscoveryClient_PROFILEMS/DESKTOP-97B0AF6.lan:ProfileMs:8081: registering service...
2026-09-02T04:59:01.328-07:00  INFO 9824 --- [ProfileMs] [DiscoveryClient-InstanceInfoReplicator-%d] com.netflix.discovery.DiscoveryClient    : DiscoveryClient_PROFILEMS/DESKTOP-97B0AF6.lan:ProfileMs:8081 - registration status: 204
2026-09-02T04:59:01.798-07:00  INFO 9824 --- [ProfileMs] [Thread-1] o.s.b.w.e.tomcat.GracefulShutdown        : Commencing graceful shutdown. Waiting for active requests to complete
2026-09-02T04:59:04.284-07:00  INFO 9824 --- [ProfileMs] [tomcat-shutdown] o.s.b.w.e.tomcat.GracefulShutdown        : Graceful shutdown complete
2026-09-02T04:59:05.130-07:00  INFO 9824 --- [ProfileMs] [Thread-1] j.LocalContainerEntityManagerFactoryBean : Closing JPA EntityManagerFactory for persistence unit 'default'
2026-09-02T04:59:05.959-07:00  INFO 9824 --- [ProfileMs] [Thread-1] com.zaxxer.hikari.HikariDataSource       : HikariPool-1 - Shutdown initiated...
2026-09-02T04:59:12.498-07:00  INFO 9824 --- [ProfileMs] [Thread-1] com.zaxxer.hikari.HikariDataSource       : HikariPool-1 - Shutdown completed.
2026-09-02T04:59:12.517-07:00  INFO 9824 --- [ProfileMs] [Thread-1] com.netflix.discovery.DiscoveryClient    : Shutting down DiscoveryClient ...
2026-09-02T04:59:13.406-07:00  INFO 9212 --- [ProfileMs] [restartedMain] com.hms.profile.ProfileMsApplication     : Starting ProfileMsApplication using Java 17.0.7 with PID 9212 (E:\STS-Projects\hms-backend\ProfileMs\target\classes started by KAUSAL in E:\STS-Projects\hms-backend\ProfileMs)
2026-09-02T04:59:13.558-07:00  INFO 9212 --- [ProfileMs] [restartedMain] com.hms.profile.ProfileMsApplication     : The following 1 profile is active: "--server.port=8081"
2026-09-02T04:59:15.852-07:00  INFO 9824 --- [ProfileMs] [Thread-1] com.netflix.discovery.DiscoveryClient    : Unregistering ...
2026-09-02T04:59:15.924-07:00  INFO 9824 --- [ProfileMs] [Thread-1] com.netflix.discovery.DiscoveryClient    : DiscoveryClient_PROFILEMS/DESKTOP-97B0AF6.lan:ProfileMs:8081 - deregister  status: 200
2026-09-02T04:59:15.928-07:00  INFO 9824 --- [ProfileMs] [Thread-1] com.netflix.discovery.DiscoveryClient    : Completed shut down of DiscoveryClient
2026-09-02T04:59:22.412-07:00  INFO 9824 --- [ProfileMs] [restartedMain] com.hms.profile.ProfileMsApplication     : Starting ProfileMsApplication using Java 17.0.7 with PID 9824 (E:\STS-Projects\hms-backend\ProfileMs\target\classes started by KAUSAL in E:\STS-Projects\hms-backend\ProfileMs)
2026-09-02T04:59:22.414-07:00  INFO 9824 --- [ProfileMs] [restartedMain] com.hms.profile.ProfileMsApplication     : The following 1 profile is active: "--server.port=8081"
2026-09-02T04:59:22.539-07:00  INFO 9212 --- [ProfileMs] [restartedMain] .s.d.r.c.RepositoryConfigurationDelegate : Bootstrapping Spring Data JPA repositories in DEFAULT mode.
2026-09-02T04:59:23.635-07:00  INFO 9212 --- [ProfileMs] [restartedMain] .s.d.r.c.RepositoryConfigurationDelegate : Finished Spring Data repository scanning in 1074 ms. Found 2 JPA repository interfaces.
2026-09-02T04:59:26.940-07:00  INFO 9212 --- [ProfileMs] [restartedMain] o.s.cloud.context.scope.GenericScope     : BeanFactory id=96123092-2c4b-3750-8219-920c75482262
2026-09-02T04:59:27.294-07:00  INFO 9824 --- [ProfileMs] [restartedMain] .s.d.r.c.RepositoryConfigurationDelegate : Bootstrapping Spring Data JPA repositories in DEFAULT mode.
2026-09-02T04:59:27.404-07:00  INFO 9824 --- [ProfileMs] [restartedMain] .s.d.r.c.RepositoryConfigurationDelegate : Finished Spring Data repository scanning in 100 ms. Found 2 JPA repository interfaces.
2026-09-02T04:59:27.934-07:00  INFO 9212 --- [ProfileMs] [restartedMain] o.s.b.w.embedded.tomcat.TomcatWebServer  : Tomcat initialized with port 8081 (http)
2026-09-02T04:59:28.277-07:00  INFO 9824 --- [ProfileMs] [restartedMain] o.s.cloud.context.scope.GenericScope     : BeanFactory id=96123092-2c4b-3750-8219-920c75482262
2026-09-02T04:59:28.383-07:00  INFO 9212 --- [ProfileMs] [restartedMain] o.apache.catalina.core.StandardService   : Starting service [Tomcat]
2026-09-02T04:59:28.418-07:00  INFO 9212 --- [ProfileMs] [restartedMain] o.apache.catalina.core.StandardEngine    : Starting Servlet engine: [Apache Tomcat/10.1.34]
2026-09-02T04:59:29.565-07:00  INFO 9824 --- [ProfileMs] [restartedMain] o.s.b.w.embedded.tomcat.TomcatWebServer  : Tomcat initialized with port 8081 (http)
2026-09-02T04:59:29.573-07:00  INFO 9824 --- [ProfileMs] [restartedMain] o.apache.catalina.core.StandardService   : Starting service [Tomcat]
2026-09-02T04:59:29.574-07:00  INFO 9824 --- [ProfileMs] [restartedMain] o.apache.catalina.core.StandardEngine    : Starting Servlet engine: [Apache Tomcat/10.1.34]
2026-09-02T04:59:30.374-07:00  INFO 9212 --- [ProfileMs] [restartedMain] o.a.c.c.C.[Tomcat-1].[localhost].[/]     : Initializing Spring embedded WebApplicationContext
2026-09-02T04:59:30.376-07:00  INFO 9212 --- [ProfileMs] [restartedMain] w.s.c.ServletWebServerApplicationContext : Root WebApplicationContext: initialization completed in 16576 ms
2026-09-02T04:59:31.002-07:00  INFO 9824 --- [ProfileMs] [restartedMain] o.a.c.c.C.[Tomcat].[localhost].[/]       : Initializing Spring embedded WebApplicationContext
2026-09-02T04:59:31.003-07:00  INFO 9824 --- [ProfileMs] [restartedMain] w.s.c.ServletWebServerApplicationContext : Root WebApplicationContext: initialization completed in 8575 ms
2026-09-02T04:59:32.357-07:00  INFO 9824 --- [ProfileMs] [restartedMain] o.hibernate.jpa.internal.util.LogHelper  : HHH000204: Processing PersistenceUnitInfo [name: default]
2026-09-02T04:59:32.621-07:00  INFO 9824 --- [ProfileMs] [restartedMain] o.h.c.internal.RegionFactoryInitiator    : HHH000026: Second-level cache disabled
2026-09-02T04:59:33.870-07:00  INFO 9824 --- [ProfileMs] [restartedMain] o.s.o.j.p.SpringPersistenceUnitInfo      : No LoadTimeWeaver setup: ignoring JPA class transformer
2026-09-02T04:59:34.157-07:00  INFO 9824 --- [ProfileMs] [restartedMain] com.zaxxer.hikari.HikariDataSource       : HikariPool-2 - Starting...
2026-09-02T04:59:34.400-07:00  INFO 9212 --- [ProfileMs] [restartedMain] o.hibernate.jpa.internal.util.LogHelper  : HHH000204: Processing PersistenceUnitInfo [name: default]
2026-09-02T04:59:34.466-07:00  INFO 9212 --- [ProfileMs] [restartedMain] o.h.c.internal.RegionFactoryInitiator    : HHH000026: Second-level cache disabled
2026-09-02T04:59:34.611-07:00  INFO 9824 --- [ProfileMs] [restartedMain] com.zaxxer.hikari.pool.HikariPool        : HikariPool-2 - Added connection com.mysql.cj.jdbc.ConnectionImpl@7e22ef7d
2026-09-02T04:59:34.612-07:00  INFO 9824 --- [ProfileMs] [restartedMain] com.zaxxer.hikari.HikariDataSource       : HikariPool-2 - Start completed.
2026-09-02T04:59:34.630-07:00  WARN 9824 --- [ProfileMs] [restartedMain] org.hibernate.orm.deprecation            : HHH90000025: MySQLDialect does not need to be specified explicitly using 'hibernate.dialect' (remove the property setting and it will be selected by default)
2026-09-02T04:59:34.633-07:00  INFO 9824 --- [ProfileMs] [restartedMain] org.hibernate.orm.connections.pooling    : HHH10001005: Database info:
	Database JDBC URL [Connecting through datasource 'HikariDataSource (HikariPool-2)']
	Database driver: undefined/unknown
	Database version: 8.0.46
	Autocommit mode: undefined/unknown
	Isolation level: undefined/unknown
	Minimum pool size: undefined/unknown
	Maximum pool size: undefined/unknown
2026-09-02T04:59:34.664-07:00  INFO 9212 --- [ProfileMs] [restartedMain] o.s.o.j.p.SpringPersistenceUnitInfo      : No LoadTimeWeaver setup: ignoring JPA class transformer
2026-09-02T04:59:34.688-07:00  INFO 9212 --- [ProfileMs] [restartedMain] com.zaxxer.hikari.HikariDataSource       : HikariPool-3 - Starting...
2026-09-02T04:59:34.858-07:00  INFO 9212 --- [ProfileMs] [restartedMain] com.zaxxer.hikari.pool.HikariPool        : HikariPool-3 - Added connection com.mysql.cj.jdbc.ConnectionImpl@6b7b5913
2026-09-02T04:59:34.863-07:00  INFO 9212 --- [ProfileMs] [restartedMain] com.zaxxer.hikari.HikariDataSource       : HikariPool-3 - Start completed.
2026-09-02T04:59:34.908-07:00  WARN 9212 --- [ProfileMs] [restartedMain] org.hibernate.orm.deprecation            : HHH90000025: MySQLDialect does not need to be specified explicitly using 'hibernate.dialect' (remove the property setting and it will be selected by default)
2026-09-02T04:59:34.922-07:00  INFO 9212 --- [ProfileMs] [restartedMain] org.hibernate.orm.connections.pooling    : HHH10001005: Database info:
	Database JDBC URL [Connecting through datasource 'HikariDataSource (HikariPool-3)']
	Database driver: undefined/unknown
	Database version: 8.0.46
	Autocommit mode: undefined/unknown
	Isolation level: undefined/unknown
	Minimum pool size: undefined/unknown
	Maximum pool size: undefined/unknown
2026-09-02T04:59:35.353-07:00  INFO 9824 --- [ProfileMs] [restartedMain] o.h.e.t.j.p.i.JtaPlatformInitiator       : HHH000489: No JTA platform available (set 'hibernate.transaction.jta.platform' to enable JTA platform integration)
2026-09-02T04:59:35.561-07:00  INFO 9824 --- [ProfileMs] [restartedMain] j.LocalContainerEntityManagerFactoryBean : Initialized JPA EntityManagerFactory for persistence unit 'default'
2026-09-02T04:59:36.380-07:00  INFO 9212 --- [ProfileMs] [restartedMain] o.h.e.t.j.p.i.JtaPlatformInitiator       : HHH000489: No JTA platform available (set 'hibernate.transaction.jta.platform' to enable JTA platform integration)
2026-09-02T04:59:37.266-07:00  INFO 9212 --- [ProfileMs] [restartedMain] j.LocalContainerEntityManagerFactoryBean : Initialized JPA EntityManagerFactory for persistence unit 'default'
2026-09-02T04:59:37.498-07:00  WARN 9824 --- [ProfileMs] [restartedMain] JpaBaseConfiguration$JpaWebConfiguration : spring.jpa.open-in-view is enabled by default. Therefore, database queries may be performed during view rendering. Explicitly configure spring.jpa.open-in-view to disable this warning
2026-09-02T04:59:41.696-07:00  WARN 9824 --- [ProfileMs] [restartedMain] o.s.b.d.a.OptionalLiveReloadServer       : Unable to start LiveReload server
2026-09-02T04:59:44.211-07:00  INFO 9824 --- [ProfileMs] [File Watcher] o.s.b.f.s.DefaultListableBeanFactory     : Creating singleton bean 'eurekaAutoServiceRegistration' in thread "File Watcher" while other thread holds singleton lock for other beans [discoveryClient, eurekaClientConfigBean, compositeDiscoveryClient]
2026-09-02T04:59:44.213-07:00  INFO 9824 --- [ProfileMs] [File Watcher] o.s.b.f.s.DefaultListableBeanFactory     : Creating singleton bean 'eurekaServiceRegistry' in thread "File Watcher" while other thread holds singleton lock for other beans [eurekaAutoServiceRegistration, discoveryClient, eurekaClientConfigBean, compositeDiscoveryClient]
2026-09-02T04:59:44.298-07:00  INFO 9824 --- [ProfileMs] [File Watcher] o.s.b.f.s.DefaultListableBeanFactory     : Creating singleton bean 'eurekaInstanceConfigBean' in thread "File Watcher" while other thread holds singleton lock for other beans [eurekaAutoServiceRegistration, eurekaServiceRegistry, discoveryClient, eurekaClientConfigBean, compositeDiscoveryClient]
2026-09-02T04:59:44.301-07:00  INFO 9824 --- [ProfileMs] [File Watcher] o.s.b.f.s.DefaultListableBeanFactory     : Creating singleton bean 'serviceManagementMetadataProvider' in thread "File Watcher" while other thread holds singleton lock for other beans [eurekaAutoServiceRegistration, eurekaInstanceConfigBean, eurekaServiceRegistry, discoveryClient, eurekaClientConfigBean, compositeDiscoveryClient]
2026-09-02T04:59:44.383-07:00  WARN 9824 --- [ProfileMs] [restartedMain] ConfigServletWebServerApplicationContext : Exception encountered during context initialization - cancelling refresh attempt: org.springframework.beans.factory.UnsatisfiedDependencyException: Error creating bean with name 'org.springframework.cloud.client.serviceregistry.AutoServiceRegistrationAutoConfiguration': Unsatisfied dependency expressed through field 'autoServiceRegistration': Error creating bean with name 'eurekaAutoServiceRegistration': Requested bean is currently in creation: Is there an unresolvable circular reference or an asynchronous initialization dependency?
2026-09-02T04:59:44.511-07:00  WARN 9212 --- [ProfileMs] [restartedMain] JpaBaseConfiguration$JpaWebConfiguration : spring.jpa.open-in-view is enabled by default. Therefore, database queries may be performed during view rendering. Explicitly configure spring.jpa.open-in-view to disable this warning
2026-09-02T04:59:45.312-07:00  INFO 9824 --- [ProfileMs] [restartedMain] j.LocalContainerEntityManagerFactoryBean : Closing JPA EntityManagerFactory for persistence unit 'default'
2026-09-02T04:59:45.316-07:00  INFO 9824 --- [ProfileMs] [restartedMain] com.zaxxer.hikari.HikariDataSource       : HikariPool-2 - Shutdown initiated...
2026-09-02T04:59:45.412-07:00  INFO 9824 --- [ProfileMs] [restartedMain] com.zaxxer.hikari.HikariDataSource       : HikariPool-2 - Shutdown completed.
2026-09-02T04:59:45.438-07:00  INFO 9824 --- [ProfileMs] [restartedMain] o.apache.catalina.core.StandardService   : Stopping service [Tomcat]
2026-09-02T04:59:45.613-07:00  INFO 9824 --- [ProfileMs] [restartedMain] .s.b.a.l.ConditionEvaluationReportLogger : 

Error starting ApplicationContext. To display the condition evaluation report re-run your application with 'debug' enabled.
2026-09-02T04:59:48.841-07:00 ERROR 9824 --- [ProfileMs] [restartedMain] o.s.boot.SpringApplication               : Application run failed

org.springframework.beans.factory.UnsatisfiedDependencyException: Error creating bean with name 'org.springframework.cloud.client.serviceregistry.AutoServiceRegistrationAutoConfiguration': Unsatisfied dependency expressed through field 'autoServiceRegistration': Error creating bean with name 'eurekaAutoServiceRegistration': Requested bean is currently in creation: Is there an unresolvable circular reference or an asynchronous initialization dependency?
	at org.springframework.beans.factory.annotation.AutowiredAnnotationBeanPostProcessor$AutowiredFieldElement.resolveFieldValue(AutowiredAnnotationBeanPostProcessor.java:788) ~[spring-beans-6.2.1.jar:6.2.1]
	at org.springframework.beans.factory.annotation.AutowiredAnnotationBeanPostProcessor$AutowiredFieldElement.inject(AutowiredAnnotationBeanPostProcessor.java:768) ~[spring-beans-6.2.1.jar:6.2.1]
	at org.springframework.beans.factory.annotation.InjectionMetadata.inject(InjectionMetadata.java:146) ~[spring-beans-6.2.1.jar:6.2.1]
	at org.springframework.beans.factory.annotation.AutowiredAnnotationBeanPostProcessor.postProcessProperties(AutowiredAnnotationBeanPostProcessor.java:509) ~[spring-beans-6.2.1.jar:6.2.1]
	at org.springframework.beans.factory.support.AbstractAutowireCapableBeanFactory.populateBean(AbstractAutowireCapableBeanFactory.java:1441) ~[spring-beans-6.2.1.jar:6.2.1]
	at org.springframework.beans.factory.support.AbstractAutowireCapableBeanFactory.doCreateBean(AbstractAutowireCapableBeanFactory.java:600) ~[spring-beans-6.2.1.jar:6.2.1]
	at org.springframework.beans.factory.support.AbstractAutowireCapableBeanFactory.createBean(AbstractAutowireCapableBeanFactory.java:523) ~[spring-beans-6.2.1.jar:6.2.1]
	at org.springframework.beans.factory.support.AbstractBeanFactory.lambda$doGetBean$0(AbstractBeanFactory.java:336) ~[spring-beans-6.2.1.jar:6.2.1]
	at org.springframework.beans.factory.support.DefaultSingletonBeanRegistry.getSingleton(DefaultSingletonBeanRegistry.java:289) ~[spring-beans-6.2.1.jar:6.2.1]
	at org.springframework.beans.factory.support.AbstractBeanFactory.doGetBean(AbstractBeanFactory.java:334) ~[spring-beans-6.2.1.jar:6.2.1]
	at org.springframework.beans.factory.support.AbstractBeanFactory.getBean(AbstractBeanFactory.java:199) ~[spring-beans-6.2.1.jar:6.2.1]
	at org.springframework.beans.factory.support.DefaultListableBeanFactory.instantiateSingleton(DefaultListableBeanFactory.java:1122) ~[spring-beans-6.2.1.jar:6.2.1]
	at org.springframework.beans.factory.support.DefaultListableBeanFactory.preInstantiateSingleton(DefaultListableBeanFactory.java:1093) ~[spring-beans-6.2.1.jar:6.2.1]
	at org.springframework.beans.factory.support.DefaultListableBeanFactory.preInstantiateSingletons(DefaultListableBeanFactory.java:1030) ~[spring-beans-6.2.1.jar:6.2.1]
	at org.springframework.context.support.AbstractApplicationContext.finishBeanFactoryInitialization(AbstractApplicationContext.java:987) ~[spring-context-6.2.1.jar:6.2.1]
	at org.springframework.context.support.AbstractApplicationContext.refresh(AbstractApplicationContext.java:627) ~[spring-context-6.2.1.jar:6.2.1]
	at org.springframework.boot.web.servlet.context.ServletWebServerApplicationContext.refresh(ServletWebServerApplicationContext.java:146) ~[spring-boot-3.4.1.jar:3.4.1]
	at org.springframework.boot.SpringApplication.refresh(SpringApplication.java:752) ~[spring-boot-3.4.1.jar:3.4.1]
	at org.springframework.boot.SpringApplication.refreshContext(SpringApplication.java:439) ~[spring-boot-3.4.1.jar:3.4.1]
	at org.springframework.boot.SpringApplication.run(SpringApplication.java:318) ~[spring-boot-3.4.1.jar:3.4.1]
	at org.springframework.boot.SpringApplication.run(SpringApplication.java:1361) ~[spring-boot-3.4.1.jar:3.4.1]
	at org.springframework.boot.SpringApplication.run(SpringApplication.java:1350) ~[spring-boot-3.4.1.jar:3.4.1]
	at com.hms.profile.ProfileMsApplication.main(ProfileMsApplication.java:10) ~[classes/:na]
	at java.base/jdk.internal.reflect.NativeMethodAccessorImpl.invoke0(Native Method) ~[na:na]
	at java.base/jdk.internal.reflect.NativeMethodAccessorImpl.invoke(NativeMethodAccessorImpl.java:77) ~[na:na]
	at java.base/jdk.internal.reflect.DelegatingMethodAccessorImpl.invoke(DelegatingMethodAccessorImpl.java:43) ~[na:na]
	at java.base/java.lang.reflect.Method.invoke(Method.java:568) ~[na:na]
	at org.springframework.boot.devtools.restart.RestartLauncher.run(RestartLauncher.java:50) ~[spring-boot-devtools-3.4.1.jar:3.4.1]
Caused by: org.springframework.beans.factory.BeanCurrentlyInCreationException: Error creating bean with name 'eurekaAutoServiceRegistration': Requested bean is currently in creation: Is there an unresolvable circular reference or an asynchronous initialization dependency?
	at org.springframework.beans.factory.support.DefaultSingletonBeanRegistry.beforeSingletonCreation(DefaultSingletonBeanRegistry.java:421) ~[spring-beans-6.2.1.jar:6.2.1]
	at org.springframework.beans.factory.support.DefaultSingletonBeanRegistry.getSingleton(DefaultSingletonBeanRegistry.java:282) ~[spring-beans-6.2.1.jar:6.2.1]
	at org.springframework.beans.factory.support.AbstractBeanFactory.doGetBean(AbstractBeanFactory.java:334) ~[spring-beans-6.2.1.jar:6.2.1]
	at org.springframework.beans.factory.support.AbstractBeanFactory.getBean(AbstractBeanFactory.java:199) ~[spring-beans-6.2.1.jar:6.2.1]
	at org.springframework.beans.factory.config.DependencyDescriptor.resolveCandidate(DependencyDescriptor.java:254) ~[spring-beans-6.2.1.jar:6.2.1]
	at org.springframework.beans.factory.support.DefaultListableBeanFactory.doResolveDependency(DefaultListableBeanFactory.java:1631) ~[spring-beans-6.2.1.jar:6.2.1]
	at org.springframework.beans.factory.support.DefaultListableBeanFactory.resolveDependency(DefaultListableBeanFactory.java:1519) ~[spring-beans-6.2.1.jar:6.2.1]
	at org.springframework.beans.factory.annotation.AutowiredAnnotationBeanPostProcessor$AutowiredFieldElement.resolveFieldValue(AutowiredAnnotationBeanPostProcessor.java:785) ~[spring-beans-6.2.1.jar:6.2.1]
	... 27 common frames omitted

2026-09-02T04:59:50.121-07:00  WARN 9212 --- [ProfileMs] [restartedMain] o.s.b.d.a.OptionalLiveReloadServer       : Unable to start LiveReload server
2026-09-02T04:59:54.934-07:00  INFO 9212 --- [ProfileMs] [restartedMain] DiscoveryClientOptionalArgsConfiguration : Eureka HTTP Client uses RestTemplate.
2026-09-02T04:59:55.101-07:00  WARN 9212 --- [ProfileMs] [restartedMain] iguration$LoadBalancerCaffeineWarnLogger : Spring Cloud LoadBalancer is currently working with the default cache. While this cache implementation is useful for development and tests, it's recommended to use Caffeine cache in production.You can switch to using Caffeine cache, by adding it and org.springframework.cache.caffeine.CaffeineCacheManager to the classpath.
2026-09-02T04:59:55.324-07:00  INFO 9212 --- [ProfileMs] [restartedMain] o.s.c.n.eureka.InstanceInfoFactory       : Setting initial instance status as: STARTING
2026-09-02T04:59:55.569-07:00  INFO 9212 --- [ProfileMs] [restartedMain] com.netflix.discovery.DiscoveryClient    : Initializing Eureka in region us-east-1
2026-09-02T04:59:55.592-07:00  INFO 9212 --- [ProfileMs] [restartedMain] c.n.d.s.r.aws.ConfigClusterResolver      : Resolving eureka endpoints via configuration
2026-09-02T04:59:55.610-07:00  INFO 9212 --- [ProfileMs] [restartedMain] com.netflix.discovery.DiscoveryClient    : Disable delta property : false
2026-09-02T04:59:55.611-07:00  INFO 9212 --- [ProfileMs] [restartedMain] com.netflix.discovery.DiscoveryClient    : Single vip registry refresh property : null
2026-09-02T04:59:55.612-07:00  INFO 9212 --- [ProfileMs] [restartedMain] com.netflix.discovery.DiscoveryClient    : Force full registry fetch : false
2026-09-02T04:59:55.614-07:00  INFO 9212 --- [ProfileMs] [restartedMain] com.netflix.discovery.DiscoveryClient    : Application is null : false
2026-09-02T04:59:55.614-07:00  INFO 9212 --- [ProfileMs] [restartedMain] com.netflix.discovery.DiscoveryClient    : Registered Applications size is zero : true
2026-09-02T04:59:55.616-07:00  INFO 9212 --- [ProfileMs] [restartedMain] com.netflix.discovery.DiscoveryClient    : Application version is -1: true
2026-09-02T04:59:55.618-07:00  INFO 9212 --- [ProfileMs] [restartedMain] com.netflix.discovery.DiscoveryClient    : Getting all instance registry info from the eureka server
2026-09-02T04:59:56.426-07:00  INFO 9212 --- [ProfileMs] [restartedMain] com.netflix.discovery.DiscoveryClient    : The response status is 200
2026-09-02T04:59:56.428-07:00  INFO 9212 --- [ProfileMs] [restartedMain] com.netflix.discovery.DiscoveryClient    : Starting heartbeat executor: renew interval is: 30
2026-09-02T04:59:56.430-07:00  INFO 9212 --- [ProfileMs] [restartedMain] c.n.discovery.InstanceInfoReplicator     : InstanceInfoReplicator onDemand update allowed rate per min is 4
2026-09-02T04:59:56.432-07:00  INFO 9212 --- [ProfileMs] [restartedMain] com.netflix.discovery.DiscoveryClient    : Discovery Client initialized at timestamp 1788350396432 with initial instances count: 0
2026-09-02T04:59:56.453-07:00  INFO 9212 --- [ProfileMs] [restartedMain] o.s.c.n.e.s.EurekaServiceRegistry        : Registering application PROFILEMS with eureka with status UP
2026-09-02T04:59:56.454-07:00  INFO 9212 --- [ProfileMs] [restartedMain] com.netflix.discovery.DiscoveryClient    : Saw local status change event StatusChangeEvent [timestamp=1788350396454, current=UP, previous=STARTING]
2026-09-02T04:59:56.456-07:00  INFO 9212 --- [ProfileMs] [DiscoveryClient-InstanceInfoReplicator-%d] com.netflix.discovery.DiscoveryClient    : DiscoveryClient_PROFILEMS/DESKTOP-97B0AF6.lan:ProfileMs:8081: registering service...
2026-09-02T04:59:56.629-07:00  INFO 9212 --- [ProfileMs] [restartedMain] o.s.b.w.embedded.tomcat.TomcatWebServer  : Tomcat started on port 8081 (http) with context path '/'
2026-09-02T04:59:56.648-07:00  INFO 9212 --- [ProfileMs] [restartedMain] .s.c.n.e.s.EurekaAutoServiceRegistration : Updating port to 8081
2026-09-02T04:59:56.746-07:00  INFO 9212 --- [ProfileMs] [DiscoveryClient-InstanceInfoReplicator-%d] com.netflix.discovery.DiscoveryClient    : DiscoveryClient_PROFILEMS/DESKTOP-97B0AF6.lan:ProfileMs:8081 - registration status: 204
2026-09-02T04:59:57.107-07:00  INFO 9212 --- [ProfileMs] [restartedMain] com.hms.profile.ProfileMsApplication     : Started ProfileMsApplication in 55.775 seconds (process running for 5028.364)
2026-09-02T04:59:57.141-07:00  INFO 9212 --- [ProfileMs] [restartedMain] .ConditionEvaluationDeltaLoggingListener : Condition evaluation unchanged
2026-09-02T05:00:26.698-07:00  INFO 9212 --- [ProfileMs] [DiscoveryClient-CacheRefreshExecutor-%d] com.netflix.discovery.DiscoveryClient    : Disable delta property : false
2026-09-02T05:00:26.976-07:00  INFO 9212 --- [ProfileMs] [DiscoveryClient-CacheRefreshExecutor-%d] com.netflix.discovery.DiscoveryClient    : Single vip registry refresh property : null
2026-09-02T05:00:26.977-07:00  INFO 9212 --- [ProfileMs] [DiscoveryClient-CacheRefreshExecutor-%d] com.netflix.discovery.DiscoveryClient    : Force full registry fetch : false
2026-09-02T05:00:26.977-07:00  INFO 9212 --- [ProfileMs] [DiscoveryClient-CacheRefreshExecutor-%d] com.netflix.discovery.DiscoveryClient    : Application is null : false
2026-09-02T05:00:26.978-07:00  INFO 9212 --- [ProfileMs] [DiscoveryClient-CacheRefreshExecutor-%d] com.netflix.discovery.DiscoveryClient    : Registered Applications size is zero : true
2026-09-02T05:00:26.978-07:00  INFO 9212 --- [ProfileMs] [DiscoveryClient-CacheRefreshExecutor-%d] com.netflix.discovery.DiscoveryClient    : Application version is -1: false
2026-09-02T05:00:26.978-07:00  INFO 9212 --- [ProfileMs] [DiscoveryClient-CacheRefreshExecutor-%d] com.netflix.discovery.DiscoveryClient    : Getting all instance registry info from the eureka server
2026-09-02T05:00:27.200-07:00  INFO 9212 --- [ProfileMs] [DiscoveryClient-CacheRefreshExecutor-%d] com.netflix.discovery.DiscoveryClient    : The response status is 200
2026-09-02T05:04:55.682-07:00  INFO 9212 --- [ProfileMs] [AsyncResolver-bootstrap-executor-%d] c.n.d.s.r.aws.ConfigClusterResolver      : Resolving eureka endpoints via configuration
2026-09-02T05:09:55.874-07:00  INFO 9212 --- [ProfileMs] [AsyncResolver-bootstrap-executor-%d] c.n.d.s.r.aws.ConfigClusterResolver      : Resolving eureka endpoints via configuration
2026-09-02T05:14:55.970-07:00  INFO 9212 --- [ProfileMs] [AsyncResolver-bootstrap-executor-%d] c.n.d.s.r.aws.ConfigClusterResolver      : Resolving eureka endpoints via configuration
2026-09-02T05:19:55.987-07:00  INFO 9212 --- [ProfileMs] [AsyncResolver-bootstrap-executor-%d] c.n.d.s.r.aws.ConfigClusterResolver      : Resolving eureka endpoints via configuration
2026-09-02T05:24:57.270-07:00  INFO 9212 --- [ProfileMs] [AsyncResolver-bootstrap-executor-%d] c.n.d.s.r.aws.ConfigClusterResolver      : Resolving eureka endpoints via configuration
2026-09-02T05:29:57.282-07:00  INFO 9212 --- [ProfileMs] [AsyncResolver-bootstrap-executor-%d] c.n.d.s.r.aws.ConfigClusterResolver      : Resolving eureka endpoints via configuration
2026-09-02T06:19:06.258-07:00  WARN 9212 --- [ProfileMs] [HikariPool-3 housekeeper] com.zaxxer.hikari.pool.HikariPool        : HikariPool-3 - Thread starvation or clock leap detected (housekeeper delta=45m28s906ms42µs200ns).
2026-09-02T06:19:56.503-07:00  INFO 9212 --- [ProfileMs] [AsyncResolver-bootstrap-executor-%d] c.n.d.s.r.aws.ConfigClusterResolver      : Resolving eureka endpoints via configuration
2026-09-02T06:24:59.490-07:00  INFO 9212 --- [ProfileMs] [AsyncResolver-bootstrap-executor-%d] c.n.d.s.r.aws.ConfigClusterResolver      : Resolving eureka endpoints via configuration
