2026-09-02T00:03:49.005-07:00  INFO 828 --- [UserMS] [AsyncResolver-bootstrap-executor-%d] c.n.d.s.r.aws.ConfigClusterResolver      : Resolving eureka endpoints via configuration
2026-09-02T00:08:49.236-07:00  INFO 828 --- [UserMS] [AsyncResolver-bootstrap-executor-%d] c.n.d.s.r.aws.ConfigClusterResolver      : Resolving eureka endpoints via configuration
2026-09-02T00:13:52.125-07:00  INFO 828 --- [UserMS] [AsyncResolver-bootstrap-executor-%d] c.n.d.s.r.aws.ConfigClusterResolver      : Resolving eureka endpoints via configuration
2026-09-02T00:18:52.370-07:00  INFO 828 --- [UserMS] [AsyncResolver-bootstrap-executor-%d] c.n.d.s.r.aws.ConfigClusterResolver      : Resolving eureka endpoints via configuration
2026-09-02T00:23:52.451-07:00  INFO 828 --- [UserMS] [AsyncResolver-bootstrap-executor-%d] c.n.d.s.r.aws.ConfigClusterResolver      : Resolving eureka endpoints via configuration
2026-09-02T00:27:24.571-07:00  INFO 828 --- [UserMS] [File Watcher] rtingClassPathChangeChangedEventListener : Restarting due to 1 class path change (0 additions, 0 deletions, 1 modification)
2026-09-02T00:27:24.858-07:00  INFO 828 --- [UserMS] [Thread-9] o.s.c.n.e.s.EurekaServiceRegistry        : Unregistering application USERMS with eureka with status DOWN
2026-09-02T00:27:24.862-07:00  INFO 828 --- [UserMS] [Thread-9] com.netflix.discovery.DiscoveryClient    : Saw local status change event StatusChangeEvent [timestamp=1788334044861, current=DOWN, previous=UP]
2026-09-02T00:27:24.878-07:00  INFO 828 --- [UserMS] [DiscoveryClient-InstanceInfoReplicator-%d] com.netflix.discovery.DiscoveryClient    : DiscoveryClient_USERMS/DESKTOP-97B0AF6.lan:UserMS:8080: registering service...
2026-09-02T00:27:25.240-07:00  INFO 828 --- [UserMS] [Thread-9] o.s.b.w.e.tomcat.GracefulShutdown        : Commencing graceful shutdown. Waiting for active requests to complete
2026-09-02T00:27:25.339-07:00  INFO 828 --- [UserMS] [DiscoveryClient-InstanceInfoReplicator-%d] com.netflix.discovery.DiscoveryClient    : DiscoveryClient_USERMS/DESKTOP-97B0AF6.lan:UserMS:8080 - registration status: 204
2026-09-02T00:27:25.504-07:00  INFO 828 --- [UserMS] [tomcat-shutdown] o.s.b.w.e.tomcat.GracefulShutdown        : Graceful shutdown complete
2026-09-02T00:27:25.809-07:00  INFO 828 --- [UserMS] [Thread-9] j.LocalContainerEntityManagerFactoryBean : Closing JPA EntityManagerFactory for persistence unit 'default'
2026-09-02T00:27:25.957-07:00  INFO 828 --- [UserMS] [Thread-9] com.zaxxer.hikari.HikariDataSource       : HikariPool-2 - Shutdown initiated...
2026-09-02T00:27:26.193-07:00  INFO 828 --- [UserMS] [Thread-9] com.zaxxer.hikari.HikariDataSource       : HikariPool-2 - Shutdown completed.
2026-09-02T00:27:26.295-07:00  INFO 828 --- [UserMS] [Thread-9] com.netflix.discovery.DiscoveryClient    : Shutting down DiscoveryClient ...
2026-09-02T00:27:29.301-07:00  INFO 828 --- [UserMS] [Thread-9] com.netflix.discovery.DiscoveryClient    : Unregistering ...
2026-09-02T00:27:29.328-07:00  INFO 828 --- [UserMS] [Thread-9] com.netflix.discovery.DiscoveryClient    : DiscoveryClient_USERMS/DESKTOP-97B0AF6.lan:UserMS:8080 - deregister  status: 200
2026-09-02T00:27:29.330-07:00  INFO 828 --- [UserMS] [Thread-9] com.netflix.discovery.DiscoveryClient    : Completed shut down of DiscoveryClient
2026-09-02T00:27:32.511-07:00  INFO 828 --- [UserMS] [restartedMain] com.hms.user.UserMsApplication           : Starting UserMsApplication using Java 17.0.7 with PID 828 (E:\STS-Projects\hms-backend\UserMS\target\classes started by KAUSAL in E:\STS-Projects\hms-backend\UserMS)
2026-09-02T00:27:32.512-07:00 DEBUG 828 --- [UserMS] [restartedMain] com.hms.user.UserMsApplication           : Running with Spring Boot v3.4.1, Spring v6.2.1
2026-09-02T00:27:32.512-07:00  INFO 828 --- [UserMS] [restartedMain] com.hms.user.UserMsApplication           : No active profile set, falling back to 1 default profile: "default"
2026-09-02T00:27:34.218-07:00  INFO 828 --- [UserMS] [restartedMain] .s.d.r.c.RepositoryConfigurationDelegate : Bootstrapping Spring Data JPA repositories in DEFAULT mode.
2026-09-02T00:27:34.258-07:00  INFO 828 --- [UserMS] [restartedMain] .s.d.r.c.RepositoryConfigurationDelegate : Finished Spring Data repository scanning in 32 ms. Found 1 JPA repository interface.
2026-09-02T00:27:34.685-07:00  INFO 828 --- [UserMS] [restartedMain] o.s.cloud.context.scope.GenericScope     : BeanFactory id=2707a0a2-92f9-350c-99c6-6cb794af7cc4
2026-09-02T00:27:35.037-07:00  INFO 828 --- [UserMS] [restartedMain] o.s.b.w.embedded.tomcat.TomcatWebServer  : Tomcat initialized with port 8080 (http)
2026-09-02T00:27:35.039-07:00  INFO 828 --- [UserMS] [restartedMain] o.apache.catalina.core.StandardService   : Starting service [Tomcat]
2026-09-02T00:27:35.040-07:00  INFO 828 --- [UserMS] [restartedMain] o.apache.catalina.core.StandardEngine    : Starting Servlet engine: [Apache Tomcat/10.1.34]
2026-09-02T00:27:35.267-07:00  INFO 828 --- [UserMS] [restartedMain] o.a.c.c.C.[Tomcat].[localhost].[/]       : Initializing Spring embedded WebApplicationContext
2026-09-02T00:27:35.267-07:00  INFO 828 --- [UserMS] [restartedMain] w.s.c.ServletWebServerApplicationContext : Root WebApplicationContext: initialization completed in 2744 ms
2026-09-02T00:27:35.714-07:00  INFO 828 --- [UserMS] [restartedMain] o.hibernate.jpa.internal.util.LogHelper  : HHH000204: Processing PersistenceUnitInfo [name: default]
2026-09-02T00:27:35.725-07:00  INFO 828 --- [UserMS] [restartedMain] o.h.c.internal.RegionFactoryInitiator    : HHH000026: Second-level cache disabled
2026-09-02T00:27:35.755-07:00  INFO 828 --- [UserMS] [restartedMain] o.s.o.j.p.SpringPersistenceUnitInfo      : No LoadTimeWeaver setup: ignoring JPA class transformer
2026-09-02T00:27:35.759-07:00  INFO 828 --- [UserMS] [restartedMain] com.zaxxer.hikari.HikariDataSource       : HikariPool-3 - Starting...
2026-09-02T00:27:35.905-07:00  INFO 828 --- [UserMS] [restartedMain] com.zaxxer.hikari.pool.HikariPool        : HikariPool-3 - Added connection com.mysql.cj.jdbc.ConnectionImpl@71535946
2026-09-02T00:27:35.906-07:00  INFO 828 --- [UserMS] [restartedMain] com.zaxxer.hikari.HikariDataSource       : HikariPool-3 - Start completed.
2026-09-02T00:27:35.911-07:00  WARN 828 --- [UserMS] [restartedMain] org.hibernate.orm.deprecation            : HHH90000025: MySQLDialect does not need to be specified explicitly using 'hibernate.dialect' (remove the property setting and it will be selected by default)
2026-09-02T00:27:35.912-07:00  INFO 828 --- [UserMS] [restartedMain] org.hibernate.orm.connections.pooling    : HHH10001005: Database info:
	Database JDBC URL [Connecting through datasource 'HikariDataSource (HikariPool-3)']
	Database driver: undefined/unknown
	Database version: 8.0.46
	Autocommit mode: undefined/unknown
	Isolation level: undefined/unknown
	Minimum pool size: undefined/unknown
	Maximum pool size: undefined/unknown
2026-09-02T00:27:36.047-07:00  INFO 828 --- [UserMS] [restartedMain] o.h.e.t.j.p.i.JtaPlatformInitiator       : HHH000489: No JTA platform available (set 'hibernate.transaction.jta.platform' to enable JTA platform integration)
2026-09-02T00:27:36.159-07:00  INFO 828 --- [UserMS] [restartedMain] j.LocalContainerEntityManagerFactoryBean : Initialized JPA EntityManagerFactory for persistence unit 'default'
2026-09-02T00:27:36.552-07:00  INFO 828 --- [UserMS] [restartedMain] r$InitializeUserDetailsManagerConfigurer : Global AuthenticationManager configured with UserDetailsService bean with name myUserDetailsService
2026-09-02T00:27:36.628-07:00  WARN 828 --- [UserMS] [restartedMain] JpaBaseConfiguration$JpaWebConfiguration : spring.jpa.open-in-view is enabled by default. Therefore, database queries may be performed during view rendering. Explicitly configure spring.jpa.open-in-view to disable this warning
2026-09-02T00:27:37.780-07:00  INFO 828 --- [UserMS] [restartedMain] o.s.b.a.e.web.EndpointLinksResolver      : Exposing 18 endpoints beneath base path '/actuator'
2026-09-02T00:27:38.749-07:00  INFO 828 --- [UserMS] [restartedMain] o.s.b.d.a.OptionalLiveReloadServer       : LiveReload server is running on port 35729
2026-09-02T00:27:39.022-07:00  INFO 828 --- [UserMS] [restartedMain] DiscoveryClientOptionalArgsConfiguration : Eureka HTTP Client uses RestTemplate.
2026-09-02T00:27:39.189-07:00  WARN 828 --- [UserMS] [restartedMain] iguration$LoadBalancerCaffeineWarnLogger : Spring Cloud LoadBalancer is currently working with the default cache. While this cache implementation is useful for development and tests, it's recommended to use Caffeine cache in production.You can switch to using Caffeine cache, by adding it and org.springframework.cache.caffeine.CaffeineCacheManager to the classpath.
2026-09-02T00:27:39.376-07:00  INFO 828 --- [UserMS] [restartedMain] o.s.c.n.eureka.InstanceInfoFactory       : Setting initial instance status as: STARTING
2026-09-02T00:27:39.392-07:00  INFO 828 --- [UserMS] [restartedMain] com.netflix.discovery.DiscoveryClient    : Initializing Eureka in region us-east-1
2026-09-02T00:27:39.398-07:00  INFO 828 --- [UserMS] [restartedMain] c.n.d.s.r.aws.ConfigClusterResolver      : Resolving eureka endpoints via configuration
2026-09-02T00:27:39.402-07:00  INFO 828 --- [UserMS] [restartedMain] com.netflix.discovery.DiscoveryClient    : Disable delta property : false
2026-09-02T00:27:39.402-07:00  INFO 828 --- [UserMS] [restartedMain] com.netflix.discovery.DiscoveryClient    : Single vip registry refresh property : null
2026-09-02T00:27:39.403-07:00  INFO 828 --- [UserMS] [restartedMain] com.netflix.discovery.DiscoveryClient    : Force full registry fetch : false
2026-09-02T00:27:39.403-07:00  INFO 828 --- [UserMS] [restartedMain] com.netflix.discovery.DiscoveryClient    : Application is null : false
2026-09-02T00:27:39.403-07:00  INFO 828 --- [UserMS] [restartedMain] com.netflix.discovery.DiscoveryClient    : Registered Applications size is zero : true
2026-09-02T00:27:39.403-07:00  INFO 828 --- [UserMS] [restartedMain] com.netflix.discovery.DiscoveryClient    : Application version is -1: true
2026-09-02T00:27:39.404-07:00  INFO 828 --- [UserMS] [restartedMain] com.netflix.discovery.DiscoveryClient    : Getting all instance registry info from the eureka server
2026-09-02T00:27:39.521-07:00  INFO 828 --- [UserMS] [restartedMain] com.netflix.discovery.DiscoveryClient    : The response status is 200
2026-09-02T00:27:39.522-07:00  INFO 828 --- [UserMS] [restartedMain] com.netflix.discovery.DiscoveryClient    : Starting heartbeat executor: renew interval is: 30
2026-09-02T00:27:39.523-07:00  INFO 828 --- [UserMS] [restartedMain] c.n.discovery.InstanceInfoReplicator     : InstanceInfoReplicator onDemand update allowed rate per min is 4
2026-09-02T00:27:39.524-07:00  INFO 828 --- [UserMS] [restartedMain] com.netflix.discovery.DiscoveryClient    : Discovery Client initialized at timestamp 1788334059524 with initial instances count: 2
2026-09-02T00:27:39.548-07:00  INFO 828 --- [UserMS] [restartedMain] o.s.c.n.e.s.EurekaServiceRegistry        : Registering application USERMS with eureka with status UP
2026-09-02T00:27:39.549-07:00  INFO 828 --- [UserMS] [restartedMain] com.netflix.discovery.DiscoveryClient    : Saw local status change event StatusChangeEvent [timestamp=1788334059549, current=UP, previous=STARTING]
2026-09-02T00:27:39.549-07:00  INFO 828 --- [UserMS] [DiscoveryClient-InstanceInfoReplicator-%d] com.netflix.discovery.DiscoveryClient    : DiscoveryClient_USERMS/DESKTOP-97B0AF6:UserMS:8080: registering service...
2026-09-02T00:27:39.591-07:00  INFO 828 --- [UserMS] [restartedMain] o.s.b.w.embedded.tomcat.TomcatWebServer  : Tomcat started on port 8080 (http) with context path '/'
2026-09-02T00:27:39.593-07:00  INFO 828 --- [UserMS] [restartedMain] .s.c.n.e.s.EurekaAutoServiceRegistration : Updating port to 8080
2026-09-02T00:27:39.610-07:00  INFO 828 --- [UserMS] [DiscoveryClient-InstanceInfoReplicator-%d] com.netflix.discovery.DiscoveryClient    : DiscoveryClient_USERMS/DESKTOP-97B0AF6:UserMS:8080 - registration status: 204
2026-09-02T00:27:40.570-07:00  INFO 828 --- [UserMS] [restartedMain] com.hms.user.UserMsApplication           : Started UserMsApplication in 8.962 seconds (process running for 7380.38)
2026-09-02T00:27:40.581-07:00  INFO 828 --- [UserMS] [restartedMain] .ConditionEvaluationDeltaLoggingListener : Condition evaluation unchanged
2026-09-02T00:29:11.137-07:00  INFO 828 --- [UserMS] [http-nio-8080-exec-1] o.a.c.c.C.[Tomcat].[localhost].[/]       : Initializing Spring DispatcherServlet 'dispatcherServlet'
2026-09-02T00:29:11.145-07:00  INFO 828 --- [UserMS] [http-nio-8080-exec-1] o.s.web.servlet.DispatcherServlet        : Initializing Servlet 'dispatcherServlet'
2026-09-02T00:29:11.194-07:00  INFO 828 --- [UserMS] [http-nio-8080-exec-1] o.s.web.servlet.DispatcherServlet        : Completed initialization in 49 ms
2026-09-02T00:29:12.811-07:00  INFO 828 --- [UserMS] [http-nio-8080-exec-1] c.hms.user.serviceImpl.UserServiceImpl   : User already exists
2026-09-02T00:29:13.087-07:00  WARN 828 --- [UserMS] [http-nio-8080-exec-1] .m.m.a.ExceptionHandlerExceptionResolver : Resolved [com.hms.user.exception.HmsException: USER_ALREADY_EXISTS]
2026-09-02T00:32:39.411-07:00  INFO 828 --- [UserMS] [AsyncResolver-bootstrap-executor-%d] c.n.d.s.r.aws.ConfigClusterResolver      : Resolving eureka endpoints via configuration
2026-09-02T00:37:39.426-07:00  INFO 828 --- [UserMS] [AsyncResolver-bootstrap-executor-%d] c.n.d.s.r.aws.ConfigClusterResolver      : Resolving eureka endpoints via configuration
2026-09-02T00:42:39.458-07:00  INFO 828 --- [UserMS] [AsyncResolver-bootstrap-executor-%d] c.n.d.s.r.aws.ConfigClusterResolver      : Resolving eureka endpoints via configuration
2026-09-02T00:47:39.484-07:00  INFO 828 --- [UserMS] [AsyncResolver-bootstrap-executor-%d] c.n.d.s.r.aws.ConfigClusterResolver      : Resolving eureka endpoints via configuration
2026-09-02T00:52:39.539-07:00  INFO 828 --- [UserMS] [AsyncResolver-bootstrap-executor-%d] c.n.d.s.r.aws.ConfigClusterResolver      : Resolving eureka endpoints via configuration
2026-09-02T00:57:39.544-07:00  INFO 828 --- [UserMS] [AsyncResolver-bootstrap-executor-%d] c.n.d.s.r.aws.ConfigClusterResolver      : Resolving eureka endpoints via configuration
2026-09-02T01:02:39.563-07:00  INFO 828 --- [UserMS] [AsyncResolver-bootstrap-executor-%d] c.n.d.s.r.aws.ConfigClusterResolver      : Resolving eureka endpoints via configuration
2026-09-02T01:07:39.566-07:00  INFO 828 --- [UserMS] [AsyncResolver-bootstrap-executor-%d] c.n.d.s.r.aws.ConfigClusterResolver      : Resolving eureka endpoints via configuration
2026-09-02T01:12:39.577-07:00  INFO 828 --- [UserMS] [AsyncResolver-bootstrap-executor-%d] c.n.d.s.r.aws.ConfigClusterResolver      : Resolving eureka endpoints via configuration
2026-09-02T01:17:39.909-07:00  INFO 828 --- [UserMS] [AsyncResolver-bootstrap-executor-%d] c.n.d.s.r.aws.ConfigClusterResolver      : Resolving eureka endpoints via configuration
2026-09-02T01:22:39.924-07:00  INFO 828 --- [UserMS] [AsyncResolver-bootstrap-executor-%d] c.n.d.s.r.aws.ConfigClusterResolver      : Resolving eureka endpoints via configuration
2026-09-02T01:27:39.950-07:00  INFO 828 --- [UserMS] [AsyncResolver-bootstrap-executor-%d] c.n.d.s.r.aws.ConfigClusterResolver      : Resolving eureka endpoints via configuration
2026-09-02T01:32:40.305-07:00  INFO 828 --- [UserMS] [AsyncResolver-bootstrap-executor-%d] c.n.d.s.r.aws.ConfigClusterResolver      : Resolving eureka endpoints via configuration
2026-09-02T01:37:40.344-07:00  INFO 828 --- [UserMS] [AsyncResolver-bootstrap-executor-%d] c.n.d.s.r.aws.ConfigClusterResolver      : Resolving eureka endpoints via configuration
2026-09-02T01:38:03.696-07:00  INFO 828 --- [UserMS] [RMI TCP Connection(225)-127.0.0.1] inMXBeanRegistrar$SpringApplicationAdmin : Application shutdown requested.
2026-09-02T01:38:03.806-07:00  INFO 828 --- [UserMS] [RMI TCP Connection(225)-127.0.0.1] o.s.c.n.e.s.EurekaServiceRegistry        : Unregistering application USERMS with eureka with status DOWN
2026-09-02T01:38:03.807-07:00  INFO 828 --- [UserMS] [RMI TCP Connection(225)-127.0.0.1] com.netflix.discovery.DiscoveryClient    : Saw local status change event StatusChangeEvent [timestamp=1788338283807, current=DOWN, previous=UP]
2026-09-02T01:38:03.812-07:00  INFO 828 --- [UserMS] [DiscoveryClient-InstanceInfoReplicator-%d] com.netflix.discovery.DiscoveryClient    : DiscoveryClient_USERMS/DESKTOP-97B0AF6:UserMS:8080: registering service...
2026-09-02T01:38:03.919-07:00  INFO 828 --- [UserMS] [RMI TCP Connection(225)-127.0.0.1] o.s.b.w.e.tomcat.GracefulShutdown        : Commencing graceful shutdown. Waiting for active requests to complete
2026-09-02T01:38:04.027-07:00  INFO 828 --- [UserMS] [tomcat-shutdown] o.s.b.w.e.tomcat.GracefulShutdown        : Graceful shutdown complete
2026-09-02T01:38:04.126-07:00  INFO 828 --- [UserMS] [RMI TCP Connection(225)-127.0.0.1] j.LocalContainerEntityManagerFactoryBean : Closing JPA EntityManagerFactory for persistence unit 'default'
2026-09-02T01:38:04.181-07:00  INFO 828 --- [UserMS] [RMI TCP Connection(225)-127.0.0.1] com.zaxxer.hikari.HikariDataSource       : HikariPool-3 - Shutdown initiated...
2026-09-02T01:38:04.210-07:00  INFO 828 --- [UserMS] [RMI TCP Connection(225)-127.0.0.1] com.zaxxer.hikari.HikariDataSource       : HikariPool-3 - Shutdown completed.
2026-09-02T01:38:04.215-07:00  INFO 828 --- [UserMS] [RMI TCP Connection(225)-127.0.0.1] com.netflix.discovery.DiscoveryClient    : Shutting down DiscoveryClient ...
2026-09-02T01:38:04.250-07:00  INFO 828 --- [UserMS] [DiscoveryClient-InstanceInfoReplicator-%d] c.n.d.s.t.d.RedirectingEurekaHttpClient  : Request execution error. endpoint=DefaultEndpoint{ serviceUrl='http://localhost:8761/eureka/} exception=I/O error on POST request for "http://localhost:8761/eureka/apps/USERMS": Connect to http://localhost:8761 [localhost/127.0.0.1, localhost/0:0:0:0:0:0:0:1] failed: Connection refused: no further information stacktrace=org.springframework.web.client.ResourceAccessException: I/O error on POST request for "http://localhost:8761/eureka/apps/USERMS": Connect to http://localhost:8761 [localhost/127.0.0.1, localhost/0:0:0:0:0:0:0:1] failed: Connection refused: no further information
	at org.springframework.web.client.RestTemplate.createResourceAccessException(RestTemplate.java:926)
	at org.springframework.web.client.RestTemplate.doExecute(RestTemplate.java:906)
	at org.springframework.web.client.RestTemplate.execute(RestTemplate.java:841)
	at org.springframework.web.client.RestTemplate.exchange(RestTemplate.java:702)
	at org.springframework.cloud.netflix.eureka.http.RestTemplateEurekaHttpClient.register(RestTemplateEurekaHttpClient.java:87)
	at com.netflix.discovery.shared.transport.decorator.EurekaHttpClientDecorator$1.execute(EurekaHttpClientDecorator.java:59)
	at com.netflix.discovery.shared.transport.decorator.RedirectingEurekaHttpClient.execute(RedirectingEurekaHttpClient.java:91)
	at com.netflix.discovery.shared.transport.decorator.EurekaHttpClientDecorator.register(EurekaHttpClientDecorator.java:56)
	at com.netflix.discovery.shared.transport.decorator.EurekaHttpClientDecorator$1.execute(EurekaHttpClientDecorator.java:59)
	at com.netflix.discovery.shared.transport.decorator.RetryableEurekaHttpClient.execute(RetryableEurekaHttpClient.java:120)
	at com.netflix.discovery.shared.transport.decorator.EurekaHttpClientDecorator.register(EurekaHttpClientDecorator.java:56)
	at com.netflix.discovery.shared.transport.decorator.EurekaHttpClientDecorator$1.execute(EurekaHttpClientDecorator.java:59)
	at com.netflix.discovery.shared.transport.decorator.SessionedEurekaHttpClient.execute(SessionedEurekaHttpClient.java:76)
	at com.netflix.discovery.shared.transport.decorator.EurekaHttpClientDecorator.register(EurekaHttpClientDecorator.java:56)
	at com.netflix.discovery.DiscoveryClient.register(DiscoveryClient.java:828)
	at com.netflix.discovery.InstanceInfoReplicator.run(InstanceInfoReplicator.java:125)
	at com.netflix.discovery.InstanceInfoReplicator$2.run(InstanceInfoReplicator.java:105)
	at java.base/java.util.concurrent.Executors$RunnableAdapter.call(Executors.java:539)
	at java.base/java.util.concurrent.FutureTask.run(FutureTask.java:264)
	at java.base/java.util.concurrent.ScheduledThreadPoolExecutor$ScheduledFutureTask.run(ScheduledThreadPoolExecutor.java:304)
	at java.base/java.util.concurrent.ThreadPoolExecutor.runWorker(ThreadPoolExecutor.java:1136)
	at java.base/java.util.concurrent.ThreadPoolExecutor$Worker.run(ThreadPoolExecutor.java:635)
	at java.base/java.lang.Thread.run(Thread.java:833)
Caused by: org.apache.hc.client5.http.HttpHostConnectException: Connect to http://localhost:8761 [localhost/127.0.0.1, localhost/0:0:0:0:0:0:0:1] failed: Connection refused: no further information
	at java.base/sun.nio.ch.Net.pollConnect(Native Method)
	at java.base/sun.nio.ch.Net.pollConnectNow(Net.java:672)
	at java.base/sun.nio.ch.NioSocketImpl.timedFinishConnect(NioSocketImpl.java:542)
	at java.base/sun.nio.ch.NioSocketImpl.connect(NioSocketImpl.java:597)
	at java.base/java.net.SocksSocketImpl.connect(SocksSocketImpl.java:327)
	at java.base/java.net.Socket.connect(Socket.java:633)
	at org.apache.hc.client5.http.impl.io.DefaultHttpClientConnectionOperator.connect(DefaultHttpClientConnectionOperator.java:216)
	at org.apache.hc.client5.http.impl.io.PoolingHttpClientConnectionManager.connect(PoolingHttpClientConnectionManager.java:490)
	at org.apache.hc.client5.http.impl.classic.InternalExecRuntime.connectEndpoint(InternalExecRuntime.java:164)
	at org.apache.hc.client5.http.impl.classic.InternalExecRuntime.connectEndpoint(InternalExecRuntime.java:174)
	at org.apache.hc.client5.http.impl.classic.ConnectExec.execute(ConnectExec.java:144)
	at org.apache.hc.client5.http.impl.classic.ExecChainElement.execute(ExecChainElement.java:51)
	at org.apache.hc.client5.http.impl.classic.ProtocolExec.execute(ProtocolExec.java:192)
	at org.apache.hc.client5.http.impl.classic.ExecChainElement.execute(ExecChainElement.java:51)
	at org.apache.hc.client5.http.impl.classic.ContentCompressionExec.execute(ContentCompressionExec.java:150)
	at org.apache.hc.client5.http.impl.classic.ExecChainElement.execute(ExecChainElement.java:51)
	at org.apache.hc.client5.http.impl.classic.HttpRequestRetryExec.execute(HttpRequestRetryExec.java:113)
	at org.apache.hc.client5.http.impl.classic.ExecChainElement.execute(ExecChainElement.java:51)
	at org.apache.hc.client5.http.impl.classic.RedirectExec.execute(RedirectExec.java:110)
	at org.apache.hc.client5.http.impl.classic.ExecChainElement.execute(ExecChainElement.java:51)
	at org.apache.hc.client5.http.impl.classic.InternalHttpClient.doExecute(InternalHttpClient.java:174)
	at org.apache.hc.client5.http.impl.classic.CloseableHttpClient.execute(CloseableHttpClient.java:87)
	at org.apache.hc.client5.http.impl.classic.CloseableHttpClient.execute(CloseableHttpClient.java:55)
	at org.apache.hc.client5.http.classic.HttpClient.executeOpen(HttpClient.java:183)
	at org.springframework.http.client.HttpComponentsClientHttpRequest.executeInternal(HttpComponentsClientHttpRequest.java:99)
	at org.springframework.http.client.AbstractStreamingClientHttpRequest.executeInternal(AbstractStreamingClientHttpRequest.java:71)
	at org.springframework.http.client.AbstractClientHttpRequest.execute(AbstractClientHttpRequest.java:81)
	at org.springframework.http.client.InterceptingClientHttpRequest$InterceptingRequestExecution.execute(InterceptingClientHttpRequest.java:117)
	at org.springframework.cloud.netflix.eureka.http.RestTemplateTransportClientFactory.lambda$restTemplate$3(RestTemplateTransportClientFactory.java:141)
	at org.springframework.http.client.InterceptingClientHttpRequest$InterceptingRequestExecution.execute(InterceptingClientHttpRequest.java:88)
	at org.springframework.http.client.InterceptingClientHttpRequest.executeInternal(InterceptingClientHttpRequest.java:72)
	at org.springframework.http.client.AbstractBufferingClientHttpRequest.executeInternal(AbstractBufferingClientHttpRequest.java:48)
	at org.springframework.http.client.AbstractClientHttpRequest.execute(AbstractClientHttpRequest.java:81)
	at org.springframework.web.client.RestTemplate.doExecute(RestTemplate.java:900)
	... 21 more

2026-09-02T01:38:04.252-07:00  WARN 828 --- [UserMS] [DiscoveryClient-InstanceInfoReplicator-%d] c.n.d.s.t.d.RetryableEurekaHttpClient    : Request execution failed with message: I/O error on POST request for "http://localhost:8761/eureka/apps/USERMS": Connect to http://localhost:8761 [localhost/127.0.0.1, localhost/0:0:0:0:0:0:0:1] failed: Connection refused: no further information
2026-09-02T01:38:04.271-07:00  INFO 828 --- [UserMS] [DiscoveryClient-InstanceInfoReplicator-%d] c.n.d.s.t.d.RedirectingEurekaHttpClient  : Request execution error. endpoint=DefaultEndpoint{ serviceUrl='http://localhost:8761/eureka/}, exception=I/O error on POST request for "http://localhost:8761/eureka/apps/USERMS": Connect to http://localhost:8761 [localhost/127.0.0.1, localhost/0:0:0:0:0:0:0:1] failed: Connection refused: no further information stacktrace=org.springframework.web.client.ResourceAccessException: I/O error on POST request for "http://localhost:8761/eureka/apps/USERMS": Connect to http://localhost:8761 [localhost/127.0.0.1, localhost/0:0:0:0:0:0:0:1] failed: Connection refused: no further information
	at org.springframework.web.client.RestTemplate.createResourceAccessException(RestTemplate.java:926)
	at org.springframework.web.client.RestTemplate.doExecute(RestTemplate.java:906)
	at org.springframework.web.client.RestTemplate.execute(RestTemplate.java:841)
	at org.springframework.web.client.RestTemplate.exchange(RestTemplate.java:702)
	at org.springframework.cloud.netflix.eureka.http.RestTemplateEurekaHttpClient.register(RestTemplateEurekaHttpClient.java:87)
	at com.netflix.discovery.shared.transport.decorator.EurekaHttpClientDecorator$1.execute(EurekaHttpClientDecorator.java:59)
	at com.netflix.discovery.shared.transport.decorator.RedirectingEurekaHttpClient.executeOnNewServer(RedirectingEurekaHttpClient.java:121)
	at com.netflix.discovery.shared.transport.decorator.RedirectingEurekaHttpClient.execute(RedirectingEurekaHttpClient.java:80)
	at com.netflix.discovery.shared.transport.decorator.EurekaHttpClientDecorator.register(EurekaHttpClientDecorator.java:56)
	at com.netflix.discovery.shared.transport.decorator.EurekaHttpClientDecorator$1.execute(EurekaHttpClientDecorator.java:59)
	at com.netflix.discovery.shared.transport.decorator.RetryableEurekaHttpClient.execute(RetryableEurekaHttpClient.java:120)
	at com.netflix.discovery.shared.transport.decorator.EurekaHttpClientDecorator.register(EurekaHttpClientDecorator.java:56)
	at com.netflix.discovery.shared.transport.decorator.EurekaHttpClientDecorator$1.execute(EurekaHttpClientDecorator.java:59)
	at com.netflix.discovery.shared.transport.decorator.SessionedEurekaHttpClient.execute(SessionedEurekaHttpClient.java:76)
	at com.netflix.discovery.shared.transport.decorator.EurekaHttpClientDecorator.register(EurekaHttpClientDecorator.java:56)
	at com.netflix.discovery.DiscoveryClient.register(DiscoveryClient.java:828)
	at com.netflix.discovery.InstanceInfoReplicator.run(InstanceInfoReplicator.java:125)
	at com.netflix.discovery.InstanceInfoReplicator$2.run(InstanceInfoReplicator.java:105)
	at java.base/java.util.concurrent.Executors$RunnableAdapter.call(Executors.java:539)
	at java.base/java.util.concurrent.FutureTask.run(FutureTask.java:264)
	at java.base/java.util.concurrent.ScheduledThreadPoolExecutor$ScheduledFutureTask.run(ScheduledThreadPoolExecutor.java:304)
	at java.base/java.util.concurrent.ThreadPoolExecutor.runWorker(ThreadPoolExecutor.java:1136)
	at java.base/java.util.concurrent.ThreadPoolExecutor$Worker.run(ThreadPoolExecutor.java:635)
	at java.base/java.lang.Thread.run(Thread.java:833)
Caused by: org.apache.hc.client5.http.HttpHostConnectException: Connect to http://localhost:8761 [localhost/127.0.0.1, localhost/0:0:0:0:0:0:0:1] failed: Connection refused: no further information
	at java.base/sun.nio.ch.Net.pollConnect(Native Method)
	at java.base/sun.nio.ch.Net.pollConnectNow(Net.java:672)
	at java.base/sun.nio.ch.NioSocketImpl.timedFinishConnect(NioSocketImpl.java:542)
	at java.base/sun.nio.ch.NioSocketImpl.connect(NioSocketImpl.java:597)
	at java.base/java.net.SocksSocketImpl.connect(SocksSocketImpl.java:327)
	at java.base/java.net.Socket.connect(Socket.java:633)
	at org.apache.hc.client5.http.impl.io.DefaultHttpClientConnectionOperator.connect(DefaultHttpClientConnectionOperator.java:216)
	at org.apache.hc.client5.http.impl.io.PoolingHttpClientConnectionManager.connect(PoolingHttpClientConnectionManager.java:490)
	at org.apache.hc.client5.http.impl.classic.InternalExecRuntime.connectEndpoint(InternalExecRuntime.java:164)
	at org.apache.hc.client5.http.impl.classic.InternalExecRuntime.connectEndpoint(InternalExecRuntime.java:174)
	at org.apache.hc.client5.http.impl.classic.ConnectExec.execute(ConnectExec.java:144)
	at org.apache.hc.client5.http.impl.classic.ExecChainElement.execute(ExecChainElement.java:51)
	at org.apache.hc.client5.http.impl.classic.ProtocolExec.execute(ProtocolExec.java:192)
	at org.apache.hc.client5.http.impl.classic.ExecChainElement.execute(ExecChainElement.java:51)
	at org.apache.hc.client5.http.impl.classic.ContentCompressionExec.execute(ContentCompressionExec.java:150)
	at org.apache.hc.client5.http.impl.classic.ExecChainElement.execute(ExecChainElement.java:51)
	at org.apache.hc.client5.http.impl.classic.HttpRequestRetryExec.execute(HttpRequestRetryExec.java:113)
	at org.apache.hc.client5.http.impl.classic.ExecChainElement.execute(ExecChainElement.java:51)
	at org.apache.hc.client5.http.impl.classic.RedirectExec.execute(RedirectExec.java:110)
	at org.apache.hc.client5.http.impl.classic.ExecChainElement.execute(ExecChainElement.java:51)
	at org.apache.hc.client5.http.impl.classic.InternalHttpClient.doExecute(InternalHttpClient.java:174)
	at org.apache.hc.client5.http.impl.classic.CloseableHttpClient.execute(CloseableHttpClient.java:87)
	at org.apache.hc.client5.http.impl.classic.CloseableHttpClient.execute(CloseableHttpClient.java:55)
	at org.apache.hc.client5.http.classic.HttpClient.executeOpen(HttpClient.java:183)
	at org.springframework.http.client.HttpComponentsClientHttpRequest.executeInternal(HttpComponentsClientHttpRequest.java:99)
	at org.springframework.http.client.AbstractStreamingClientHttpRequest.executeInternal(AbstractStreamingClientHttpRequest.java:71)
	at org.springframework.http.client.AbstractClientHttpRequest.execute(AbstractClientHttpRequest.java:81)
	at org.springframework.http.client.InterceptingClientHttpRequest$InterceptingRequestExecution.execute(InterceptingClientHttpRequest.java:117)
	at org.springframework.cloud.netflix.eureka.http.RestTemplateTransportClientFactory.lambda$restTemplate$3(RestTemplateTransportClientFactory.java:141)
	at org.springframework.http.client.InterceptingClientHttpRequest$InterceptingRequestExecution.execute(InterceptingClientHttpRequest.java:88)
	at org.springframework.http.client.InterceptingClientHttpRequest.executeInternal(InterceptingClientHttpRequest.java:72)
	at org.springframework.http.client.AbstractBufferingClientHttpRequest.executeInternal(AbstractBufferingClientHttpRequest.java:48)
	at org.springframework.http.client.AbstractClientHttpRequest.execute(AbstractClientHttpRequest.java:81)
	at org.springframework.web.client.RestTemplate.doExecute(RestTemplate.java:900)
	... 22 more

2026-09-02T01:38:04.272-07:00  WARN 828 --- [UserMS] [DiscoveryClient-InstanceInfoReplicator-%d] c.n.d.s.t.d.RetryableEurekaHttpClient    : Request execution failed with message: I/O error on POST request for "http://localhost:8761/eureka/apps/USERMS": Connect to http://localhost:8761 [localhost/127.0.0.1, localhost/0:0:0:0:0:0:0:1] failed: Connection refused: no further information
2026-09-02T01:38:04.273-07:00  WARN 828 --- [UserMS] [DiscoveryClient-InstanceInfoReplicator-%d] com.netflix.discovery.DiscoveryClient    : DiscoveryClient_USERMS/DESKTOP-97B0AF6:UserMS:8080 - registration failed Cannot execute request on any known server

com.netflix.discovery.shared.transport.TransportException: Cannot execute request on any known server
	at com.netflix.discovery.shared.transport.decorator.RetryableEurekaHttpClient.execute(RetryableEurekaHttpClient.java:112) ~[eureka-client-2.0.4.jar:2.0.4]
	at com.netflix.discovery.shared.transport.decorator.EurekaHttpClientDecorator.register(EurekaHttpClientDecorator.java:56) ~[eureka-client-2.0.4.jar:2.0.4]
	at com.netflix.discovery.shared.transport.decorator.EurekaHttpClientDecorator$1.execute(EurekaHttpClientDecorator.java:59) ~[eureka-client-2.0.4.jar:2.0.4]
	at com.netflix.discovery.shared.transport.decorator.SessionedEurekaHttpClient.execute(SessionedEurekaHttpClient.java:76) ~[eureka-client-2.0.4.jar:2.0.4]
	at com.netflix.discovery.shared.transport.decorator.EurekaHttpClientDecorator.register(EurekaHttpClientDecorator.java:56) ~[eureka-client-2.0.4.jar:2.0.4]
	at com.netflix.discovery.DiscoveryClient.register(DiscoveryClient.java:828) ~[eureka-client-2.0.4.jar:2.0.4]
	at com.netflix.discovery.InstanceInfoReplicator.run(InstanceInfoReplicator.java:125) ~[eureka-client-2.0.4.jar:2.0.4]
	at com.netflix.discovery.InstanceInfoReplicator$2.run(InstanceInfoReplicator.java:105) ~[eureka-client-2.0.4.jar:2.0.4]
	at java.base/java.util.concurrent.Executors$RunnableAdapter.call(Executors.java:539) ~[na:na]
	at java.base/java.util.concurrent.FutureTask.run(FutureTask.java:264) ~[na:na]
	at java.base/java.util.concurrent.ScheduledThreadPoolExecutor$ScheduledFutureTask.run(ScheduledThreadPoolExecutor.java:304) ~[na:na]
	at java.base/java.util.concurrent.ThreadPoolExecutor.runWorker(ThreadPoolExecutor.java:1136) ~[na:na]
	at java.base/java.util.concurrent.ThreadPoolExecutor$Worker.run(ThreadPoolExecutor.java:635) ~[na:na]
	at java.base/java.lang.Thread.run(Thread.java:833) ~[na:na]

2026-09-02T01:38:04.337-07:00  WARN 828 --- [UserMS] [DiscoveryClient-InstanceInfoReplicator-%d] c.n.discovery.InstanceInfoReplicator     : There was a problem with the instance info replicator

com.netflix.discovery.shared.transport.TransportException: Cannot execute request on any known server
	at com.netflix.discovery.shared.transport.decorator.RetryableEurekaHttpClient.execute(RetryableEurekaHttpClient.java:112) ~[eureka-client-2.0.4.jar:2.0.4]
	at com.netflix.discovery.shared.transport.decorator.EurekaHttpClientDecorator.register(EurekaHttpClientDecorator.java:56) ~[eureka-client-2.0.4.jar:2.0.4]
	at com.netflix.discovery.shared.transport.decorator.EurekaHttpClientDecorator$1.execute(EurekaHttpClientDecorator.java:59) ~[eureka-client-2.0.4.jar:2.0.4]
	at com.netflix.discovery.shared.transport.decorator.SessionedEurekaHttpClient.execute(SessionedEurekaHttpClient.java:76) ~[eureka-client-2.0.4.jar:2.0.4]
	at com.netflix.discovery.shared.transport.decorator.EurekaHttpClientDecorator.register(EurekaHttpClientDecorator.java:56) ~[eureka-client-2.0.4.jar:2.0.4]
	at com.netflix.discovery.DiscoveryClient.register(DiscoveryClient.java:828) ~[eureka-client-2.0.4.jar:2.0.4]
	at com.netflix.discovery.InstanceInfoReplicator.run(InstanceInfoReplicator.java:125) ~[eureka-client-2.0.4.jar:2.0.4]
	at com.netflix.discovery.InstanceInfoReplicator$2.run(InstanceInfoReplicator.java:105) ~[eureka-client-2.0.4.jar:2.0.4]
	at java.base/java.util.concurrent.Executors$RunnableAdapter.call(Executors.java:539) ~[na:na]
	at java.base/java.util.concurrent.FutureTask.run(FutureTask.java:264) ~[na:na]
	at java.base/java.util.concurrent.ScheduledThreadPoolExecutor$ScheduledFutureTask.run(ScheduledThreadPoolExecutor.java:304) ~[na:na]
	at java.base/java.util.concurrent.ThreadPoolExecutor.runWorker(ThreadPoolExecutor.java:1136) ~[na:na]
	at java.base/java.util.concurrent.ThreadPoolExecutor$Worker.run(ThreadPoolExecutor.java:635) ~[na:na]
	at java.base/java.lang.Thread.run(Thread.java:833) ~[na:na]

2026-09-02T01:38:04.342-07:00  INFO 828 --- [UserMS] [RMI TCP Connection(225)-127.0.0.1] com.netflix.discovery.DiscoveryClient    : Unregistering ...
2026-09-02T01:38:04.366-07:00  INFO 828 --- [UserMS] [RMI TCP Connection(225)-127.0.0.1] c.n.d.s.t.d.RedirectingEurekaHttpClient  : Request execution error. endpoint=DefaultEndpoint{ serviceUrl='http://localhost:8761/eureka/}, exception=I/O error on DELETE request for "http://localhost:8761/eureka/apps/USERMS/DESKTOP-97B0AF6:UserMS:8080": Connect to http://localhost:8761 [localhost/127.0.0.1, localhost/0:0:0:0:0:0:0:1] failed: Connection refused: no further information stacktrace=org.springframework.web.client.ResourceAccessException: I/O error on DELETE request for "http://localhost:8761/eureka/apps/USERMS/DESKTOP-97B0AF6:UserMS:8080": Connect to http://localhost:8761 [localhost/127.0.0.1, localhost/0:0:0:0:0:0:0:1] failed: Connection refused: no further information
	at org.springframework.web.client.RestTemplate.createResourceAccessException(RestTemplate.java:926)
	at org.springframework.web.client.RestTemplate.doExecute(RestTemplate.java:906)
	at org.springframework.web.client.RestTemplate.execute(RestTemplate.java:841)
	at org.springframework.web.client.RestTemplate.exchange(RestTemplate.java:702)
	at org.springframework.cloud.netflix.eureka.http.RestTemplateEurekaHttpClient.cancel(RestTemplateEurekaHttpClient.java:100)
	at com.netflix.discovery.shared.transport.decorator.EurekaHttpClientDecorator$2.execute(EurekaHttpClientDecorator.java:74)
	at com.netflix.discovery.shared.transport.decorator.RedirectingEurekaHttpClient.executeOnNewServer(RedirectingEurekaHttpClient.java:121)
	at com.netflix.discovery.shared.transport.decorator.RedirectingEurekaHttpClient.execute(RedirectingEurekaHttpClient.java:80)
	at com.netflix.discovery.shared.transport.decorator.EurekaHttpClientDecorator.cancel(EurekaHttpClientDecorator.java:71)
	at com.netflix.discovery.shared.transport.decorator.EurekaHttpClientDecorator$2.execute(EurekaHttpClientDecorator.java:74)
	at com.netflix.discovery.shared.transport.decorator.RetryableEurekaHttpClient.execute(RetryableEurekaHttpClient.java:120)
	at com.netflix.discovery.shared.transport.decorator.EurekaHttpClientDecorator.cancel(EurekaHttpClientDecorator.java:71)
	at com.netflix.discovery.shared.transport.decorator.EurekaHttpClientDecorator$2.execute(EurekaHttpClientDecorator.java:74)
	at com.netflix.discovery.shared.transport.decorator.SessionedEurekaHttpClient.execute(SessionedEurekaHttpClient.java:76)
	at com.netflix.discovery.shared.transport.decorator.EurekaHttpClientDecorator.cancel(EurekaHttpClientDecorator.java:71)
	at com.netflix.discovery.DiscoveryClient.unregister(DiscoveryClient.java:919)
	at com.netflix.discovery.DiscoveryClient.shutdown(DiscoveryClient.java:900)
	at java.base/jdk.internal.reflect.NativeMethodAccessorImpl.invoke0(Native Method)
	at java.base/jdk.internal.reflect.NativeMethodAccessorImpl.invoke(NativeMethodAccessorImpl.java:77)
	at java.base/jdk.internal.reflect.DelegatingMethodAccessorImpl.invoke(DelegatingMethodAccessorImpl.java:43)
	at java.base/java.lang.reflect.Method.invoke(Method.java:568)
	at org.springframework.beans.factory.annotation.InitDestroyAnnotationBeanPostProcessor$LifecycleMethod.invoke(InitDestroyAnnotationBeanPostProcessor.java:457)
	at org.springframework.beans.factory.annotation.InitDestroyAnnotationBeanPostProcessor$LifecycleMetadata.invokeDestroyMethods(InitDestroyAnnotationBeanPostProcessor.java:415)
	at org.springframework.beans.factory.annotation.InitDestroyAnnotationBeanPostProcessor.postProcessBeforeDestruction(InitDestroyAnnotationBeanPostProcessor.java:239)
	at org.springframework.beans.factory.support.DisposableBeanAdapter.destroy(DisposableBeanAdapter.java:202)
	at org.springframework.beans.factory.support.DisposableBeanAdapter.run(DisposableBeanAdapter.java:195)
	at org.springframework.cloud.context.scope.GenericScope$BeanLifecycleWrapper.destroy(GenericScope.java:389)
	at org.springframework.cloud.context.scope.GenericScope.destroy(GenericScope.java:136)
	at org.springframework.beans.factory.support.DisposableBeanAdapter.destroy(DisposableBeanAdapter.java:211)
	at org.springframework.beans.factory.support.DefaultSingletonBeanRegistry.destroyBean(DefaultSingletonBeanRegistry.java:668)
	at org.springframework.beans.factory.support.DefaultSingletonBeanRegistry.destroySingleton(DefaultSingletonBeanRegistry.java:625)
	at org.springframework.beans.factory.support.DefaultListableBeanFactory.destroySingleton(DefaultListableBeanFactory.java:1368)
	at org.springframework.beans.factory.support.DefaultSingletonBeanRegistry.destroySingletons(DefaultSingletonBeanRegistry.java:584)
	at org.springframework.beans.factory.support.DefaultListableBeanFactory.destroySingletons(DefaultListableBeanFactory.java:1361)
	at org.springframework.context.support.AbstractApplicationContext.destroyBeans(AbstractApplicationContext.java:1219)
	at org.springframework.context.support.AbstractApplicationContext.doClose(AbstractApplicationContext.java:1180)
	at org.springframework.boot.web.servlet.context.ServletWebServerApplicationContext.doClose(ServletWebServerApplicationContext.java:174)
	at org.springframework.context.support.AbstractApplicationContext.close(AbstractApplicationContext.java:1126)
	at org.springframework.boot.admin.SpringApplicationAdminMXBeanRegistrar$SpringApplicationAdmin.shutdown(SpringApplicationAdminMXBeanRegistrar.java:160)
	at java.base/jdk.internal.reflect.NativeMethodAccessorImpl.invoke0(Native Method)
	at java.base/jdk.internal.reflect.NativeMethodAccessorImpl.invoke(NativeMethodAccessorImpl.java:77)
	at java.base/jdk.internal.reflect.DelegatingMethodAccessorImpl.invoke(DelegatingMethodAccessorImpl.java:43)
	at java.base/java.lang.reflect.Method.invoke(Method.java:568)
	at sun.reflect.misc.Trampoline.invoke(MethodUtil.java:72)
	at jdk.internal.reflect.GeneratedMethodAccessor26.invoke(Unknown Source)
	at java.base/jdk.internal.reflect.DelegatingMethodAccessorImpl.invoke(DelegatingMethodAccessorImpl.java:43)
	at java.base/java.lang.reflect.Method.invoke(Method.java:568)
	at java.base/sun.reflect.misc.MethodUtil.invoke(MethodUtil.java:262)
	at java.management/com.sun.jmx.mbeanserver.ConvertingMethod.invokeWithOpenReturn(ConvertingMethod.java:193)
	at java.management/com.sun.jmx.mbeanserver.ConvertingMethod.invokeWithOpenReturn(ConvertingMethod.java:175)
	at java.management/com.sun.jmx.mbeanserver.MXBeanIntrospector.invokeM2(MXBeanIntrospector.java:117)
	at java.management/com.sun.jmx.mbeanserver.MXBeanIntrospector.invokeM2(MXBeanIntrospector.java:54)
	at java.management/com.sun.jmx.mbeanserver.MBeanIntrospector.invokeM(MBeanIntrospector.java:237)
	at java.management/com.sun.jmx.mbeanserver.PerInterface.invoke(PerInterface.java:138)
	at java.management/com.sun.jmx.mbeanserver.MBeanSupport.invoke(MBeanSupport.java:252)
	at java.management/com.sun.jmx.interceptor.DefaultMBeanServerInterceptor.invoke(DefaultMBeanServerInterceptor.java:814)
	at java.management/com.sun.jmx.mbeanserver.JmxMBeanServer.invoke(JmxMBeanServer.java:802)
	at java.management.rmi/javax.management.remote.rmi.RMIConnectionImpl.doOperation(RMIConnectionImpl.java:1472)
	at java.management.rmi/javax.management.remote.rmi.RMIConnectionImpl$PrivilegedOperation.run(RMIConnectionImpl.java:1310)
	at java.management.rmi/javax.management.remote.rmi.RMIConnectionImpl.doPrivilegedOperation(RMIConnectionImpl.java:1405)
	at java.management.rmi/javax.management.remote.rmi.RMIConnectionImpl.invoke(RMIConnectionImpl.java:829)
	at java.base/jdk.internal.reflect.NativeMethodAccessorImpl.invoke0(Native Method)
	at java.base/jdk.internal.reflect.NativeMethodAccessorImpl.invoke(NativeMethodAccessorImpl.java:77)
	at java.base/jdk.internal.reflect.DelegatingMethodAccessorImpl.invoke(DelegatingMethodAccessorImpl.java:43)
	at java.base/java.lang.reflect.Method.invoke(Method.java:568)
	at java.rmi/sun.rmi.server.UnicastServerRef.dispatch(UnicastServerRef.java:360)
	at java.rmi/sun.rmi.transport.Transport$1.run(Transport.java:200)
	at java.rmi/sun.rmi.transport.Transport$1.run(Transport.java:197)
	at java.base/java.security.AccessController.doPrivileged(AccessController.java:712)
	at java.rmi/sun.rmi.transport.Transport.serviceCall(Transport.java:196)
	at java.rmi/sun.rmi.transport.tcp.TCPTransport.handleMessages(TCPTransport.java:587)
	at java.rmi/sun.rmi.transport.tcp.TCPTransport$ConnectionHandler.run0(TCPTransport.java:828)
	at java.rmi/sun.rmi.transport.tcp.TCPTransport$ConnectionHandler.lambda$run$0(TCPTransport.java:705)
	at java.base/java.security.AccessController.doPrivileged(AccessController.java:399)
	at java.rmi/sun.rmi.transport.tcp.TCPTransport$ConnectionHandler.run(TCPTransport.java:704)
	at java.base/java.util.concurrent.ThreadPoolExecutor.runWorker(ThreadPoolExecutor.java:1136)
	at java.base/java.util.concurrent.ThreadPoolExecutor$Worker.run(ThreadPoolExecutor.java:635)
	at java.base/java.lang.Thread.run(Thread.java:833)
Caused by: org.apache.hc.client5.http.HttpHostConnectException: Connect to http://localhost:8761 [localhost/127.0.0.1, localhost/0:0:0:0:0:0:0:1] failed: Connection refused: no further information
	at java.base/sun.nio.ch.Net.pollConnect(Native Method)
	at java.base/sun.nio.ch.Net.pollConnectNow(Net.java:672)
	at java.base/sun.nio.ch.NioSocketImpl.timedFinishConnect(NioSocketImpl.java:542)
	at java.base/sun.nio.ch.NioSocketImpl.connect(NioSocketImpl.java:597)
	at java.base/java.net.SocksSocketImpl.connect(SocksSocketImpl.java:327)
	at java.base/java.net.Socket.connect(Socket.java:633)
	at org.apache.hc.client5.http.impl.io.DefaultHttpClientConnectionOperator.connect(DefaultHttpClientConnectionOperator.java:216)
	at org.apache.hc.client5.http.impl.io.PoolingHttpClientConnectionManager.connect(PoolingHttpClientConnectionManager.java:490)
	at org.apache.hc.client5.http.impl.classic.InternalExecRuntime.connectEndpoint(InternalExecRuntime.java:164)
	at org.apache.hc.client5.http.impl.classic.InternalExecRuntime.connectEndpoint(InternalExecRuntime.java:174)
	at org.apache.hc.client5.http.impl.classic.ConnectExec.execute(ConnectExec.java:144)
	at org.apache.hc.client5.http.impl.classic.ExecChainElement.execute(ExecChainElement.java:51)
	at org.apache.hc.client5.http.impl.classic.ProtocolExec.execute(ProtocolExec.java:192)
	at org.apache.hc.client5.http.impl.classic.ExecChainElement.execute(ExecChainElement.java:51)
	at org.apache.hc.client5.http.impl.classic.ContentCompressionExec.execute(ContentCompressionExec.java:150)
	at org.apache.hc.client5.http.impl.classic.ExecChainElement.execute(ExecChainElement.java:51)
	at org.apache.hc.client5.http.impl.classic.HttpRequestRetryExec.execute(HttpRequestRetryExec.java:113)
	at org.apache.hc.client5.http.impl.classic.ExecChainElement.execute(ExecChainElement.java:51)
	at org.apache.hc.client5.http.impl.classic.RedirectExec.execute(RedirectExec.java:110)
	at org.apache.hc.client5.http.impl.classic.ExecChainElement.execute(ExecChainElement.java:51)
	at org.apache.hc.client5.http.impl.classic.InternalHttpClient.doExecute(InternalHttpClient.java:174)
	at org.apache.hc.client5.http.impl.classic.CloseableHttpClient.execute(CloseableHttpClient.java:87)
	at org.apache.hc.client5.http.impl.classic.CloseableHttpClient.execute(CloseableHttpClient.java:55)
	at org.apache.hc.client5.http.classic.HttpClient.executeOpen(HttpClient.java:183)
	at org.springframework.http.client.HttpComponentsClientHttpRequest.executeInternal(HttpComponentsClientHttpRequest.java:99)
	at org.springframework.http.client.AbstractStreamingClientHttpRequest.executeInternal(AbstractStreamingClientHttpRequest.java:71)
	at org.springframework.http.client.AbstractClientHttpRequest.execute(AbstractClientHttpRequest.java:81)
	at org.springframework.http.client.InterceptingClientHttpRequest$InterceptingRequestExecution.execute(InterceptingClientHttpRequest.java:117)
	at org.springframework.cloud.netflix.eureka.http.RestTemplateTransportClientFactory.lambda$restTemplate$3(RestTemplateTransportClientFactory.java:141)
	at org.springframework.http.client.InterceptingClientHttpRequest$InterceptingRequestExecution.execute(InterceptingClientHttpRequest.java:88)
	at org.springframework.http.client.InterceptingClientHttpRequest.executeInternal(InterceptingClientHttpRequest.java:72)
	at org.springframework.http.client.AbstractBufferingClientHttpRequest.executeInternal(AbstractBufferingClientHttpRequest.java:48)
	at org.springframework.http.client.AbstractClientHttpRequest.execute(AbstractClientHttpRequest.java:81)
	at org.springframework.web.client.RestTemplate.doExecute(RestTemplate.java:900)
	... 76 more

2026-09-02T01:38:04.368-07:00  WARN 828 --- [UserMS] [RMI TCP Connection(225)-127.0.0.1] c.n.d.s.t.d.RetryableEurekaHttpClient    : Request execution failed with message: I/O error on DELETE request for "http://localhost:8761/eureka/apps/USERMS/DESKTOP-97B0AF6:UserMS:8080": Connect to http://localhost:8761 [localhost/127.0.0.1, localhost/0:0:0:0:0:0:0:1] failed: Connection refused: no further information
2026-09-02T01:38:04.368-07:00 ERROR 828 --- [UserMS] [RMI TCP Connection(225)-127.0.0.1] com.netflix.discovery.DiscoveryClient    : DiscoveryClient_USERMS/DESKTOP-97B0AF6:UserMS:8080 - de-registration failedCannot execute request on any known server

com.netflix.discovery.shared.transport.TransportException: Cannot execute request on any known server
	at com.netflix.discovery.shared.transport.decorator.RetryableEurekaHttpClient.execute(RetryableEurekaHttpClient.java:112) ~[eureka-client-2.0.4.jar:2.0.4]
	at com.netflix.discovery.shared.transport.decorator.EurekaHttpClientDecorator.cancel(EurekaHttpClientDecorator.java:71) ~[eureka-client-2.0.4.jar:2.0.4]
	at com.netflix.discovery.shared.transport.decorator.EurekaHttpClientDecorator$2.execute(EurekaHttpClientDecorator.java:74) ~[eureka-client-2.0.4.jar:2.0.4]
	at com.netflix.discovery.shared.transport.decorator.SessionedEurekaHttpClient.execute(SessionedEurekaHttpClient.java:76) ~[eureka-client-2.0.4.jar:2.0.4]
	at com.netflix.discovery.shared.transport.decorator.EurekaHttpClientDecorator.cancel(EurekaHttpClientDecorator.java:71) ~[eureka-client-2.0.4.jar:2.0.4]
	at com.netflix.discovery.DiscoveryClient.unregister(DiscoveryClient.java:919) ~[eureka-client-2.0.4.jar:2.0.4]
	at com.netflix.discovery.DiscoveryClient.shutdown(DiscoveryClient.java:900) ~[eureka-client-2.0.4.jar:2.0.4]
	at java.base/jdk.internal.reflect.NativeMethodAccessorImpl.invoke0(Native Method) ~[na:na]
	at java.base/jdk.internal.reflect.NativeMethodAccessorImpl.invoke(NativeMethodAccessorImpl.java:77) ~[na:na]
	at java.base/jdk.internal.reflect.DelegatingMethodAccessorImpl.invoke(DelegatingMethodAccessorImpl.java:43) ~[na:na]
	at java.base/java.lang.reflect.Method.invoke(Method.java:568) ~[na:na]
	at org.springframework.beans.factory.annotation.InitDestroyAnnotationBeanPostProcessor$LifecycleMethod.invoke(InitDestroyAnnotationBeanPostProcessor.java:457) ~[spring-beans-6.2.1.jar:6.2.1]
	at org.springframework.beans.factory.annotation.InitDestroyAnnotationBeanPostProcessor$LifecycleMetadata.invokeDestroyMethods(InitDestroyAnnotationBeanPostProcessor.java:415) ~[spring-beans-6.2.1.jar:6.2.1]
	at org.springframework.beans.factory.annotation.InitDestroyAnnotationBeanPostProcessor.postProcessBeforeDestruction(InitDestroyAnnotationBeanPostProcessor.java:239) ~[spring-beans-6.2.1.jar:6.2.1]
	at org.springframework.beans.factory.support.DisposableBeanAdapter.destroy(DisposableBeanAdapter.java:202) ~[spring-beans-6.2.1.jar:6.2.1]
	at org.springframework.beans.factory.support.DisposableBeanAdapter.run(DisposableBeanAdapter.java:195) ~[spring-beans-6.2.1.jar:6.2.1]
	at org.springframework.cloud.context.scope.GenericScope$BeanLifecycleWrapper.destroy(GenericScope.java:389) ~[spring-cloud-context-4.2.0.jar:4.2.0]
	at org.springframework.cloud.context.scope.GenericScope.destroy(GenericScope.java:136) ~[spring-cloud-context-4.2.0.jar:4.2.0]
	at org.springframework.beans.factory.support.DisposableBeanAdapter.destroy(DisposableBeanAdapter.java:211) ~[spring-beans-6.2.1.jar:6.2.1]
	at org.springframework.beans.factory.support.DefaultSingletonBeanRegistry.destroyBean(DefaultSingletonBeanRegistry.java:668) ~[spring-beans-6.2.1.jar:6.2.1]
	at org.springframework.beans.factory.support.DefaultSingletonBeanRegistry.destroySingleton(DefaultSingletonBeanRegistry.java:625) ~[spring-beans-6.2.1.jar:6.2.1]
	at org.springframework.beans.factory.support.DefaultListableBeanFactory.destroySingleton(DefaultListableBeanFactory.java:1368) ~[spring-beans-6.2.1.jar:6.2.1]
	at org.springframework.beans.factory.support.DefaultSingletonBeanRegistry.destroySingletons(DefaultSingletonBeanRegistry.java:584) ~[spring-beans-6.2.1.jar:6.2.1]
	at org.springframework.beans.factory.support.DefaultListableBeanFactory.destroySingletons(DefaultListableBeanFactory.java:1361) ~[spring-beans-6.2.1.jar:6.2.1]
	at org.springframework.context.support.AbstractApplicationContext.destroyBeans(AbstractApplicationContext.java:1219) ~[spring-context-6.2.1.jar:6.2.1]
	at org.springframework.context.support.AbstractApplicationContext.doClose(AbstractApplicationContext.java:1180) ~[spring-context-6.2.1.jar:6.2.1]
	at org.springframework.boot.web.servlet.context.ServletWebServerApplicationContext.doClose(ServletWebServerApplicationContext.java:174) ~[spring-boot-3.4.1.jar:3.4.1]
	at org.springframework.context.support.AbstractApplicationContext.close(AbstractApplicationContext.java:1126) ~[spring-context-6.2.1.jar:6.2.1]
	at org.springframework.boot.admin.SpringApplicationAdminMXBeanRegistrar$SpringApplicationAdmin.shutdown(SpringApplicationAdminMXBeanRegistrar.java:160) ~[spring-boot-3.4.1.jar:3.4.1]
	at java.base/jdk.internal.reflect.NativeMethodAccessorImpl.invoke0(Native Method) ~[na:na]
	at java.base/jdk.internal.reflect.NativeMethodAccessorImpl.invoke(NativeMethodAccessorImpl.java:77) ~[na:na]
	at java.base/jdk.internal.reflect.DelegatingMethodAccessorImpl.invoke(DelegatingMethodAccessorImpl.java:43) ~[na:na]
	at java.base/java.lang.reflect.Method.invoke(Method.java:568) ~[na:na]
	at sun.reflect.misc.Trampoline.invoke(MethodUtil.java:72) ~[na:na]
	at jdk.internal.reflect.GeneratedMethodAccessor26.invoke(Unknown Source) ~[na:na]
	at java.base/jdk.internal.reflect.DelegatingMethodAccessorImpl.invoke(DelegatingMethodAccessorImpl.java:43) ~[na:na]
	at java.base/java.lang.reflect.Method.invoke(Method.java:568) ~[na:na]
	at java.base/sun.reflect.misc.MethodUtil.invoke(MethodUtil.java:262) ~[na:na]
	at java.management/com.sun.jmx.mbeanserver.ConvertingMethod.invokeWithOpenReturn(ConvertingMethod.java:193) ~[na:na]
	at java.management/com.sun.jmx.mbeanserver.ConvertingMethod.invokeWithOpenReturn(ConvertingMethod.java:175) ~[na:na]
	at java.management/com.sun.jmx.mbeanserver.MXBeanIntrospector.invokeM2(MXBeanIntrospector.java:117) ~[na:na]
	at java.management/com.sun.jmx.mbeanserver.MXBeanIntrospector.invokeM2(MXBeanIntrospector.java:54) ~[na:na]
	at java.management/com.sun.jmx.mbeanserver.MBeanIntrospector.invokeM(MBeanIntrospector.java:237) ~[na:na]
	at java.management/com.sun.jmx.mbeanserver.PerInterface.invoke(PerInterface.java:138) ~[na:na]
	at java.management/com.sun.jmx.mbeanserver.MBeanSupport.invoke(MBeanSupport.java:252) ~[na:na]
	at java.management/com.sun.jmx.interceptor.DefaultMBeanServerInterceptor.invoke(DefaultMBeanServerInterceptor.java:814) ~[na:na]
	at java.management/com.sun.jmx.mbeanserver.JmxMBeanServer.invoke(JmxMBeanServer.java:802) ~[na:na]
	at java.management.rmi/javax.management.remote.rmi.RMIConnectionImpl.doOperation(RMIConnectionImpl.java:1472) ~[na:na]
	at java.management.rmi/javax.management.remote.rmi.RMIConnectionImpl$PrivilegedOperation.run(RMIConnectionImpl.java:1310) ~[na:na]
	at java.management.rmi/javax.management.remote.rmi.RMIConnectionImpl.doPrivilegedOperation(RMIConnectionImpl.java:1405) ~[na:na]
	at java.management.rmi/javax.management.remote.rmi.RMIConnectionImpl.invoke(RMIConnectionImpl.java:829) ~[na:na]
	at java.base/jdk.internal.reflect.NativeMethodAccessorImpl.invoke0(Native Method) ~[na:na]
	at java.base/jdk.internal.reflect.NativeMethodAccessorImpl.invoke(NativeMethodAccessorImpl.java:77) ~[na:na]
	at java.base/jdk.internal.reflect.DelegatingMethodAccessorImpl.invoke(DelegatingMethodAccessorImpl.java:43) ~[na:na]
	at java.base/java.lang.reflect.Method.invoke(Method.java:568) ~[na:na]
	at java.rmi/sun.rmi.server.UnicastServerRef.dispatch(UnicastServerRef.java:360) ~[na:na]
	at java.rmi/sun.rmi.transport.Transport$1.run(Transport.java:200) ~[na:na]
	at java.rmi/sun.rmi.transport.Transport$1.run(Transport.java:197) ~[na:na]
	at java.base/java.security.AccessController.doPrivileged(AccessController.java:712) ~[na:na]
	at java.rmi/sun.rmi.transport.Transport.serviceCall(Transport.java:196) ~[na:na]
	at java.rmi/sun.rmi.transport.tcp.TCPTransport.handleMessages(TCPTransport.java:587) ~[na:na]
	at java.rmi/sun.rmi.transport.tcp.TCPTransport$ConnectionHandler.run0(TCPTransport.java:828) ~[na:na]
	at java.rmi/sun.rmi.transport.tcp.TCPTransport$ConnectionHandler.lambda$run$0(TCPTransport.java:705) ~[na:na]
	at java.base/java.security.AccessController.doPrivileged(AccessController.java:399) ~[na:na]
	at java.rmi/sun.rmi.transport.tcp.TCPTransport$ConnectionHandler.run(TCPTransport.java:704) ~[na:na]
	at java.base/java.util.concurrent.ThreadPoolExecutor.runWorker(ThreadPoolExecutor.java:1136) ~[na:na]
	at java.base/java.util.concurrent.ThreadPoolExecutor$Worker.run(ThreadPoolExecutor.java:635) ~[na:na]
	at java.base/java.lang.Thread.run(Thread.java:833) ~[na:na]

2026-09-02T01:38:04.392-07:00  INFO 828 --- [UserMS] [RMI TCP Connection(225)-127.0.0.1] com.netflix.discovery.DiscoveryClient    : Completed shut down of DiscoveryClient
2026-09-02T01:40:11.232-07:00  INFO 7852 --- [UserMS] [restartedMain] com.hms.user.UserMsApplication           : Starting UserMsApplication using Java 17.0.7 with PID 7852 (E:\STS-Projects\hms-backend\UserMS\target\classes started by KAUSAL in E:\STS-Projects\hms-backend\UserMS)
2026-09-02T01:40:11.246-07:00 DEBUG 7852 --- [UserMS] [restartedMain] com.hms.user.UserMsApplication           : Running with Spring Boot v3.4.1, Spring v6.2.1
2026-09-02T01:40:11.249-07:00  INFO 7852 --- [UserMS] [restartedMain] com.hms.user.UserMsApplication           : No active profile set, falling back to 1 default profile: "default"
2026-09-02T01:40:11.370-07:00  INFO 7852 --- [UserMS] [restartedMain] .e.DevToolsPropertyDefaultsPostProcessor : Devtools property defaults active! Set 'spring.devtools.add-properties' to 'false' to disable
2026-09-02T01:40:11.371-07:00  INFO 7852 --- [UserMS] [restartedMain] .e.DevToolsPropertyDefaultsPostProcessor : For additional web related logging consider setting the 'logging.level.web' property to 'DEBUG'
2026-09-02T01:40:14.165-07:00  INFO 7852 --- [UserMS] [restartedMain] .s.d.r.c.RepositoryConfigurationDelegate : Bootstrapping Spring Data JPA repositories in DEFAULT mode.
2026-09-02T01:40:14.448-07:00  INFO 7852 --- [UserMS] [restartedMain] .s.d.r.c.RepositoryConfigurationDelegate : Finished Spring Data repository scanning in 261 ms. Found 1 JPA repository interface.
2026-09-02T01:40:15.416-07:00  INFO 7852 --- [UserMS] [restartedMain] o.s.cloud.context.scope.GenericScope     : BeanFactory id=2707a0a2-92f9-350c-99c6-6cb794af7cc4
2026-09-02T01:40:19.480-07:00  INFO 7852 --- [UserMS] [restartedMain] o.s.b.w.embedded.tomcat.TomcatWebServer  : Tomcat initialized with port 8080 (http)
2026-09-02T01:40:19.510-07:00  INFO 7852 --- [UserMS] [restartedMain] o.apache.catalina.core.StandardService   : Starting service [Tomcat]
2026-09-02T01:40:19.510-07:00  INFO 7852 --- [UserMS] [restartedMain] o.apache.catalina.core.StandardEngine    : Starting Servlet engine: [Apache Tomcat/10.1.34]
2026-09-02T01:40:19.659-07:00  INFO 7852 --- [UserMS] [restartedMain] o.a.c.c.C.[Tomcat].[localhost].[/]       : Initializing Spring embedded WebApplicationContext
2026-09-02T01:40:19.660-07:00  INFO 7852 --- [UserMS] [restartedMain] w.s.c.ServletWebServerApplicationContext : Root WebApplicationContext: initialization completed in 8287 ms
2026-09-02T01:40:20.436-07:00  INFO 7852 --- [UserMS] [restartedMain] o.hibernate.jpa.internal.util.LogHelper  : HHH000204: Processing PersistenceUnitInfo [name: default]
2026-09-02T01:40:20.822-07:00  INFO 7852 --- [UserMS] [restartedMain] org.hibernate.Version                    : HHH000412: Hibernate ORM core version 6.6.4.Final
2026-09-02T01:40:20.911-07:00  INFO 7852 --- [UserMS] [restartedMain] o.h.c.internal.RegionFactoryInitiator    : HHH000026: Second-level cache disabled
2026-09-02T01:40:21.618-07:00  INFO 7852 --- [UserMS] [restartedMain] o.s.o.j.p.SpringPersistenceUnitInfo      : No LoadTimeWeaver setup: ignoring JPA class transformer
2026-09-02T01:40:21.694-07:00  INFO 7852 --- [UserMS] [restartedMain] com.zaxxer.hikari.HikariDataSource       : HikariPool-1 - Starting...
2026-09-02T01:40:22.108-07:00  INFO 7852 --- [UserMS] [restartedMain] com.zaxxer.hikari.pool.HikariPool        : HikariPool-1 - Added connection com.mysql.cj.jdbc.ConnectionImpl@2a6e43ab
2026-09-02T01:40:22.114-07:00  INFO 7852 --- [UserMS] [restartedMain] com.zaxxer.hikari.HikariDataSource       : HikariPool-1 - Start completed.
2026-09-02T01:40:22.252-07:00  WARN 7852 --- [UserMS] [restartedMain] org.hibernate.orm.deprecation            : HHH90000025: MySQLDialect does not need to be specified explicitly using 'hibernate.dialect' (remove the property setting and it will be selected by default)
2026-09-02T01:40:22.304-07:00  INFO 7852 --- [UserMS] [restartedMain] org.hibernate.orm.connections.pooling    : HHH10001005: Database info:
	Database JDBC URL [Connecting through datasource 'HikariDataSource (HikariPool-1)']
	Database driver: undefined/unknown
	Database version: 8.0.46
	Autocommit mode: undefined/unknown
	Isolation level: undefined/unknown
	Minimum pool size: undefined/unknown
	Maximum pool size: undefined/unknown
2026-09-02T01:40:24.108-07:00  INFO 7852 --- [UserMS] [restartedMain] o.h.e.t.j.p.i.JtaPlatformInitiator       : HHH000489: No JTA platform available (set 'hibernate.transaction.jta.platform' to enable JTA platform integration)
2026-09-02T01:40:24.217-07:00  INFO 7852 --- [UserMS] [restartedMain] j.LocalContainerEntityManagerFactoryBean : Initialized JPA EntityManagerFactory for persistence unit 'default'
2026-09-02T01:40:25.274-07:00  INFO 7852 --- [UserMS] [restartedMain] r$InitializeUserDetailsManagerConfigurer : Global AuthenticationManager configured with UserDetailsService bean with name myUserDetailsService
2026-09-02T01:40:25.383-07:00  WARN 7852 --- [UserMS] [restartedMain] JpaBaseConfiguration$JpaWebConfiguration : spring.jpa.open-in-view is enabled by default. Therefore, database queries may be performed during view rendering. Explicitly configure spring.jpa.open-in-view to disable this warning
2026-09-02T01:40:27.108-07:00  INFO 7852 --- [UserMS] [restartedMain] o.s.b.a.e.web.EndpointLinksResolver      : Exposing 18 endpoints beneath base path '/actuator'
2026-09-02T01:40:28.463-07:00  INFO 7852 --- [UserMS] [restartedMain] o.s.b.d.a.OptionalLiveReloadServer       : LiveReload server is running on port 35729
2026-09-02T01:40:28.757-07:00  INFO 7852 --- [UserMS] [restartedMain] DiscoveryClientOptionalArgsConfiguration : Eureka HTTP Client uses RestTemplate.
2026-09-02T01:40:28.903-07:00  WARN 7852 --- [UserMS] [restartedMain] iguration$LoadBalancerCaffeineWarnLogger : Spring Cloud LoadBalancer is currently working with the default cache. While this cache implementation is useful for development and tests, it's recommended to use Caffeine cache in production.You can switch to using Caffeine cache, by adding it and org.springframework.cache.caffeine.CaffeineCacheManager to the classpath.
2026-09-02T01:40:29.299-07:00  INFO 7852 --- [UserMS] [restartedMain] o.s.c.n.eureka.InstanceInfoFactory       : Setting initial instance status as: STARTING
2026-09-02T01:40:29.366-07:00  INFO 7852 --- [UserMS] [restartedMain] com.netflix.discovery.DiscoveryClient    : Initializing Eureka in region us-east-1
2026-09-02T01:40:29.376-07:00  INFO 7852 --- [UserMS] [restartedMain] c.n.d.s.r.aws.ConfigClusterResolver      : Resolving eureka endpoints via configuration
2026-09-02T01:40:29.399-07:00  INFO 7852 --- [UserMS] [restartedMain] com.netflix.discovery.DiscoveryClient    : Disable delta property : false
2026-09-02T01:40:29.400-07:00  INFO 7852 --- [UserMS] [restartedMain] com.netflix.discovery.DiscoveryClient    : Single vip registry refresh property : null
2026-09-02T01:40:29.400-07:00  INFO 7852 --- [UserMS] [restartedMain] com.netflix.discovery.DiscoveryClient    : Force full registry fetch : false
2026-09-02T01:40:29.401-07:00  INFO 7852 --- [UserMS] [restartedMain] com.netflix.discovery.DiscoveryClient    : Application is null : false
2026-09-02T01:40:29.401-07:00  INFO 7852 --- [UserMS] [restartedMain] com.netflix.discovery.DiscoveryClient    : Registered Applications size is zero : true
2026-09-02T01:40:29.401-07:00  INFO 7852 --- [UserMS] [restartedMain] com.netflix.discovery.DiscoveryClient    : Application version is -1: true
2026-09-02T01:40:29.402-07:00  INFO 7852 --- [UserMS] [restartedMain] com.netflix.discovery.DiscoveryClient    : Getting all instance registry info from the eureka server
2026-09-02T01:40:31.755-07:00  INFO 7852 --- [UserMS] [restartedMain] com.netflix.discovery.DiscoveryClient    : The response status is 200
2026-09-02T01:40:31.759-07:00  INFO 7852 --- [UserMS] [restartedMain] com.netflix.discovery.DiscoveryClient    : Starting heartbeat executor: renew interval is: 30
2026-09-02T01:40:31.764-07:00  INFO 7852 --- [UserMS] [restartedMain] c.n.discovery.InstanceInfoReplicator     : InstanceInfoReplicator onDemand update allowed rate per min is 4
2026-09-02T01:40:31.769-07:00  INFO 7852 --- [UserMS] [restartedMain] com.netflix.discovery.DiscoveryClient    : Discovery Client initialized at timestamp 1788338431767 with initial instances count: 0
2026-09-02T01:40:31.784-07:00  INFO 7852 --- [UserMS] [restartedMain] o.s.c.n.e.s.EurekaServiceRegistry        : Registering application USERMS with eureka with status UP
2026-09-02T01:40:31.785-07:00  INFO 7852 --- [UserMS] [restartedMain] com.netflix.discovery.DiscoveryClient    : Saw local status change event StatusChangeEvent [timestamp=1788338431785, current=UP, previous=STARTING]
2026-09-02T01:40:31.789-07:00  INFO 7852 --- [UserMS] [DiscoveryClient-InstanceInfoReplicator-%d] com.netflix.discovery.DiscoveryClient    : DiscoveryClient_USERMS/DESKTOP-97B0AF6:UserMS:8080: registering service...
2026-09-02T01:40:31.856-07:00  INFO 7852 --- [UserMS] [restartedMain] o.s.b.w.embedded.tomcat.TomcatWebServer  : Tomcat started on port 8080 (http) with context path '/'
2026-09-02T01:40:31.858-07:00  INFO 7852 --- [UserMS] [restartedMain] .s.c.n.e.s.EurekaAutoServiceRegistration : Updating port to 8080
2026-09-02T01:40:32.244-07:00  INFO 7852 --- [UserMS] [DiscoveryClient-InstanceInfoReplicator-%d] com.netflix.discovery.DiscoveryClient    : DiscoveryClient_USERMS/DESKTOP-97B0AF6:UserMS:8080 - registration status: 204
2026-09-02T01:40:32.506-07:00  INFO 7852 --- [UserMS] [restartedMain] com.hms.user.UserMsApplication           : Started UserMsApplication in 23.582 seconds (process running for 26.17)
2026-09-02T01:40:33.016-07:00  INFO 7852 --- [UserMS] [RMI TCP Connection(7)-127.0.0.1] o.a.c.c.C.[Tomcat].[localhost].[/]       : Initializing Spring DispatcherServlet 'dispatcherServlet'
2026-09-02T01:40:33.017-07:00  INFO 7852 --- [UserMS] [RMI TCP Connection(7)-127.0.0.1] o.s.web.servlet.DispatcherServlet        : Initializing Servlet 'dispatcherServlet'
2026-09-02T01:40:33.023-07:00  INFO 7852 --- [UserMS] [RMI TCP Connection(7)-127.0.0.1] o.s.web.servlet.DispatcherServlet        : Completed initialization in 4 ms
2026-09-02T01:41:01.770-07:00  INFO 7852 --- [UserMS] [DiscoveryClient-CacheRefreshExecutor-%d] com.netflix.discovery.DiscoveryClient    : Disable delta property : false
2026-09-02T01:41:01.771-07:00  INFO 7852 --- [UserMS] [DiscoveryClient-CacheRefreshExecutor-%d] com.netflix.discovery.DiscoveryClient    : Single vip registry refresh property : null
2026-09-02T01:41:01.773-07:00  INFO 7852 --- [UserMS] [DiscoveryClient-CacheRefreshExecutor-%d] com.netflix.discovery.DiscoveryClient    : Force full registry fetch : false
2026-09-02T01:41:01.774-07:00  INFO 7852 --- [UserMS] [DiscoveryClient-CacheRefreshExecutor-%d] com.netflix.discovery.DiscoveryClient    : Application is null : false
2026-09-02T01:41:01.776-07:00  INFO 7852 --- [UserMS] [DiscoveryClient-CacheRefreshExecutor-%d] com.netflix.discovery.DiscoveryClient    : Registered Applications size is zero : true
2026-09-02T01:41:01.777-07:00  INFO 7852 --- [UserMS] [DiscoveryClient-CacheRefreshExecutor-%d] com.netflix.discovery.DiscoveryClient    : Application version is -1: false
2026-09-02T01:41:01.778-07:00  INFO 7852 --- [UserMS] [DiscoveryClient-CacheRefreshExecutor-%d] com.netflix.discovery.DiscoveryClient    : Getting all instance registry info from the eureka server
2026-09-02T01:41:01.827-07:00  INFO 7852 --- [UserMS] [DiscoveryClient-CacheRefreshExecutor-%d] com.netflix.discovery.DiscoveryClient    : The response status is 200
2026-09-02T01:45:29.433-07:00  INFO 7852 --- [UserMS] [AsyncResolver-bootstrap-executor-%d] c.n.d.s.r.aws.ConfigClusterResolver      : Resolving eureka endpoints via configuration
2026-09-02T01:50:29.540-07:00  INFO 7852 --- [UserMS] [AsyncResolver-bootstrap-executor-%d] c.n.d.s.r.aws.ConfigClusterResolver      : Resolving eureka endpoints via configuration
2026-09-02T01:55:30.148-07:00  INFO 7852 --- [UserMS] [AsyncResolver-bootstrap-executor-%d] c.n.d.s.r.aws.ConfigClusterResolver      : Resolving eureka endpoints via configuration
2026-09-02T02:00:31.593-07:00  INFO 7852 --- [UserMS] [AsyncResolver-bootstrap-executor-%d] c.n.d.s.r.aws.ConfigClusterResolver      : Resolving eureka endpoints via configuration
2026-09-02T02:05:31.606-07:00  INFO 7852 --- [UserMS] [AsyncResolver-bootstrap-executor-%d] c.n.d.s.r.aws.ConfigClusterResolver      : Resolving eureka endpoints via configuration
2026-09-02T02:10:31.627-07:00  INFO 7852 --- [UserMS] [AsyncResolver-bootstrap-executor-%d] c.n.d.s.r.aws.ConfigClusterResolver      : Resolving eureka endpoints via configuration
2026-09-02T02:15:31.630-07:00  INFO 7852 --- [UserMS] [AsyncResolver-bootstrap-executor-%d] c.n.d.s.r.aws.ConfigClusterResolver      : Resolving eureka endpoints via configuration
2026-09-02T02:20:31.647-07:00  INFO 7852 --- [UserMS] [AsyncResolver-bootstrap-executor-%d] c.n.d.s.r.aws.ConfigClusterResolver      : Resolving eureka endpoints via configuration
2026-09-02T02:42:04.122-07:00  WARN 7852 --- [UserMS] [HikariPool-1 housekeeper] com.zaxxer.hikari.pool.HikariPool        : HikariPool-1 - Thread starvation or clock leap detected (housekeeper delta=18m10s801ms138µs).
2026-09-02T02:43:12.045-07:00  INFO 7852 --- [UserMS] [AsyncResolver-bootstrap-executor-%d] c.n.d.s.r.aws.ConfigClusterResolver      : Resolving eureka endpoints via configuration
2026-09-02T02:48:12.117-07:00  INFO 7852 --- [UserMS] [AsyncResolver-bootstrap-executor-%d] c.n.d.s.r.aws.ConfigClusterResolver      : Resolving eureka endpoints via configuration
2026-09-02T02:53:12.226-07:00  INFO 7852 --- [UserMS] [AsyncResolver-bootstrap-executor-%d] c.n.d.s.r.aws.ConfigClusterResolver      : Resolving eureka endpoints via configuration
2026-09-02T02:58:12.239-07:00  INFO 7852 --- [UserMS] [AsyncResolver-bootstrap-executor-%d] c.n.d.s.r.aws.ConfigClusterResolver      : Resolving eureka endpoints via configuration
2026-09-02T03:03:12.254-07:00  INFO 7852 --- [UserMS] [AsyncResolver-bootstrap-executor-%d] c.n.d.s.r.aws.ConfigClusterResolver      : Resolving eureka endpoints via configuration
2026-09-02T03:08:12.295-07:00  INFO 7852 --- [UserMS] [AsyncResolver-bootstrap-executor-%d] c.n.d.s.r.aws.ConfigClusterResolver      : Resolving eureka endpoints via configuration
2026-09-02T03:13:12.364-07:00  INFO 7852 --- [UserMS] [AsyncResolver-bootstrap-executor-%d] c.n.d.s.r.aws.ConfigClusterResolver      : Resolving eureka endpoints via configuration
2026-09-02T03:18:13.195-07:00  INFO 7852 --- [UserMS] [AsyncResolver-bootstrap-executor-%d] c.n.d.s.r.aws.ConfigClusterResolver      : Resolving eureka endpoints via configuration
2026-09-02T03:23:13.422-07:00  INFO 7852 --- [UserMS] [AsyncResolver-bootstrap-executor-%d] c.n.d.s.r.aws.ConfigClusterResolver      : Resolving eureka endpoints via configuration
2026-09-02T03:28:14.271-07:00  INFO 7852 --- [UserMS] [AsyncResolver-bootstrap-executor-%d] c.n.d.s.r.aws.ConfigClusterResolver      : Resolving eureka endpoints via configuration
2026-09-02T03:33:14.657-07:00  INFO 7852 --- [UserMS] [AsyncResolver-bootstrap-executor-%d] c.n.d.s.r.aws.ConfigClusterResolver      : Resolving eureka endpoints via configuration
2026-09-02T03:38:15.169-07:00  INFO 7852 --- [UserMS] [AsyncResolver-bootstrap-executor-%d] c.n.d.s.r.aws.ConfigClusterResolver      : Resolving eureka endpoints via configuration
2026-09-02T03:43:15.291-07:00  INFO 7852 --- [UserMS] [AsyncResolver-bootstrap-executor-%d] c.n.d.s.r.aws.ConfigClusterResolver      : Resolving eureka endpoints via configuration
2026-09-02T03:48:15.596-07:00  INFO 7852 --- [UserMS] [AsyncResolver-bootstrap-executor-%d] c.n.d.s.r.aws.ConfigClusterResolver      : Resolving eureka endpoints via configuration
2026-09-02T03:53:15.720-07:00  INFO 7852 --- [UserMS] [AsyncResolver-bootstrap-executor-%d] c.n.d.s.r.aws.ConfigClusterResolver      : Resolving eureka endpoints via configuration
2026-09-02T03:58:15.821-07:00  INFO 7852 --- [UserMS] [AsyncResolver-bootstrap-executor-%d] c.n.d.s.r.aws.ConfigClusterResolver      : Resolving eureka endpoints via configuration
2026-09-02T04:03:15.969-07:00  INFO 7852 --- [UserMS] [AsyncResolver-bootstrap-executor-%d] c.n.d.s.r.aws.ConfigClusterResolver      : Resolving eureka endpoints via configuration
2026-09-02T04:08:16.001-07:00  INFO 7852 --- [UserMS] [AsyncResolver-bootstrap-executor-%d] c.n.d.s.r.aws.ConfigClusterResolver      : Resolving eureka endpoints via configuration
2026-09-02T04:13:16.083-07:00  INFO 7852 --- [UserMS] [AsyncResolver-bootstrap-executor-%d] c.n.d.s.r.aws.ConfigClusterResolver      : Resolving eureka endpoints via configuration
2026-09-02T04:18:16.472-07:00  INFO 7852 --- [UserMS] [AsyncResolver-bootstrap-executor-%d] c.n.d.s.r.aws.ConfigClusterResolver      : Resolving eureka endpoints via configuration
2026-09-02T04:23:16.495-07:00  INFO 7852 --- [UserMS] [AsyncResolver-bootstrap-executor-%d] c.n.d.s.r.aws.ConfigClusterResolver      : Resolving eureka endpoints via configuration
2026-09-02T04:28:16.539-07:00  INFO 7852 --- [UserMS] [AsyncResolver-bootstrap-executor-%d] c.n.d.s.r.aws.ConfigClusterResolver      : Resolving eureka endpoints via configuration
2026-09-02T04:33:16.557-07:00  INFO 7852 --- [UserMS] [AsyncResolver-bootstrap-executor-%d] c.n.d.s.r.aws.ConfigClusterResolver      : Resolving eureka endpoints via configuration
2026-09-02T04:38:16.599-07:00  INFO 7852 --- [UserMS] [AsyncResolver-bootstrap-executor-%d] c.n.d.s.r.aws.ConfigClusterResolver      : Resolving eureka endpoints via configuration
2026-09-02T04:41:39.819-07:00  WARN 7852 --- [UserMS] [HikariPool-1 housekeeper] com.zaxxer.hikari.pool.HikariPool        : HikariPool-1 - Thread starvation or clock leap detected (housekeeper delta=3m32s544ms453µs500ns).
2026-09-02T04:46:19.240-07:00  INFO 7852 --- [UserMS] [AsyncResolver-bootstrap-executor-%d] c.n.d.s.r.aws.ConfigClusterResolver      : Resolving eureka endpoints via configuration
2026-09-02T04:51:19.345-07:00  INFO 7852 --- [UserMS] [AsyncResolver-bootstrap-executor-%d] c.n.d.s.r.aws.ConfigClusterResolver      : Resolving eureka endpoints via configuration
2026-09-02T04:52:45.510-07:00  INFO 7852 --- [UserMS] [File Watcher] rtingClassPathChangeChangedEventListener : Restarting due to 26 class path changes (0 additions, 26 deletions, 0 modifications)
2026-09-02T04:52:46.223-07:00  INFO 7852 --- [UserMS] [Thread-7] o.s.c.n.e.s.EurekaServiceRegistry        : Unregistering application USERMS with eureka with status DOWN
2026-09-02T04:52:46.234-07:00  INFO 7852 --- [UserMS] [Thread-7] com.netflix.discovery.DiscoveryClient    : Saw local status change event StatusChangeEvent [timestamp=1788349966233, current=DOWN, previous=UP]
2026-09-02T04:52:46.249-07:00  INFO 7852 --- [UserMS] [DiscoveryClient-InstanceInfoReplicator-%d] com.netflix.discovery.DiscoveryClient    : DiscoveryClient_USERMS/DESKTOP-97B0AF6:UserMS:8080: registering service...
2026-09-02T04:52:46.628-07:00  INFO 7852 --- [UserMS] [DiscoveryClient-InstanceInfoReplicator-%d] com.netflix.discovery.DiscoveryClient    : DiscoveryClient_USERMS/DESKTOP-97B0AF6:UserMS:8080 - registration status: 204
2026-09-02T04:52:47.743-07:00  INFO 7852 --- [UserMS] [Thread-7] o.s.b.w.e.tomcat.GracefulShutdown        : Commencing graceful shutdown. Waiting for active requests to complete
2026-09-02T04:52:48.593-07:00  INFO 7852 --- [UserMS] [tomcat-shutdown] o.s.b.w.e.tomcat.GracefulShutdown        : Graceful shutdown complete
2026-09-02T04:52:54.247-07:00  INFO 7852 --- [UserMS] [Thread-7] j.LocalContainerEntityManagerFactoryBean : Closing JPA EntityManagerFactory for persistence unit 'default'
2026-09-02T04:52:54.568-07:00  INFO 7852 --- [UserMS] [Thread-7] com.zaxxer.hikari.HikariDataSource       : HikariPool-1 - Shutdown initiated...
2026-09-02T04:52:54.751-07:00  INFO 7852 --- [UserMS] [Thread-7] com.zaxxer.hikari.HikariDataSource       : HikariPool-1 - Shutdown completed.
2026-09-02T04:52:54.767-07:00  INFO 7852 --- [UserMS] [Thread-7] com.netflix.discovery.DiscoveryClient    : Shutting down DiscoveryClient ...
2026-09-02T04:52:58.532-07:00  INFO 7852 --- [UserMS] [Thread-7] com.netflix.discovery.DiscoveryClient    : Unregistering ...
2026-09-02T04:52:58.606-07:00  INFO 7852 --- [UserMS] [Thread-7] com.netflix.discovery.DiscoveryClient    : DiscoveryClient_USERMS/DESKTOP-97B0AF6:UserMS:8080 - deregister  status: 200
2026-09-02T04:52:58.612-07:00  INFO 7852 --- [UserMS] [Thread-7] com.netflix.discovery.DiscoveryClient    : Completed shut down of DiscoveryClient
2026-09-02T04:53:04.290-07:00  INFO 11412 --- [UserMS] [restartedMain] com.hms.user.UserMsApplication           : Starting UserMsApplication using Java 17.0.7 with PID 11412 (E:\STS-Projects\hms-backend\UserMS\target\classes started by KAUSAL in E:\STS-Projects\hms-backend\UserMS)
2026-09-02T04:53:04.301-07:00 DEBUG 11412 --- [UserMS] [restartedMain] com.hms.user.UserMsApplication           : Running with Spring Boot v3.4.1, Spring v6.2.1
2026-09-02T04:53:04.317-07:00  INFO 11412 --- [UserMS] [restartedMain] com.hms.user.UserMsApplication           : No active profile set, falling back to 1 default profile: "default"
2026-09-02T04:53:05.901-07:00  INFO 11412 --- [UserMS] [restartedMain] .e.DevToolsPropertyDefaultsPostProcessor : Devtools property defaults active! Set 'spring.devtools.add-properties' to 'false' to disable
2026-09-02T04:53:05.902-07:00  INFO 11412 --- [UserMS] [restartedMain] .e.DevToolsPropertyDefaultsPostProcessor : For additional web related logging consider setting the 'logging.level.web' property to 'DEBUG'
2026-09-02T04:53:18.569-07:00  INFO 7852 --- [UserMS] [restartedMain] com.hms.user.UserMsApplication           : Starting UserMsApplication using Java 17.0.7 with PID 7852 (E:\STS-Projects\hms-backend\UserMS\target\classes started by KAUSAL in E:\STS-Projects\hms-backend\UserMS)
2026-09-02T04:53:18.573-07:00 DEBUG 7852 --- [UserMS] [restartedMain] com.hms.user.UserMsApplication           : Running with Spring Boot v3.4.1, Spring v6.2.1
2026-09-02T04:53:18.574-07:00  INFO 7852 --- [UserMS] [restartedMain] com.hms.user.UserMsApplication           : No active profile set, falling back to 1 default profile: "default"
2026-09-02T04:53:30.017-07:00  INFO 11412 --- [UserMS] [restartedMain] .s.d.r.c.RepositoryConfigurationDelegate : Bootstrapping Spring Data JPA repositories in DEFAULT mode.
2026-09-02T04:53:35.079-07:00  INFO 11412 --- [UserMS] [restartedMain] .s.d.r.c.RepositoryConfigurationDelegate : Finished Spring Data repository scanning in 4930 ms. Found 1 JPA repository interface.
2026-09-02T04:53:37.430-07:00  INFO 11412 --- [UserMS] [restartedMain] o.s.cloud.context.scope.GenericScope     : BeanFactory id=2707a0a2-92f9-350c-99c6-6cb794af7cc4
2026-09-02T04:53:38.067-07:00  INFO 7852 --- [UserMS] [restartedMain] .s.d.r.c.RepositoryConfigurationDelegate : Bootstrapping Spring Data JPA repositories in DEFAULT mode.
2026-09-02T04:53:39.128-07:00  INFO 7852 --- [UserMS] [restartedMain] .s.d.r.c.RepositoryConfigurationDelegate : Finished Spring Data repository scanning in 943 ms. Found 1 JPA repository interface.
2026-09-02T04:53:45.864-07:00  INFO 7852 --- [UserMS] [restartedMain] o.s.cloud.context.scope.GenericScope     : BeanFactory id=2707a0a2-92f9-350c-99c6-6cb794af7cc4
2026-09-02T04:53:51.696-07:00  INFO 11412 --- [UserMS] [restartedMain] o.s.b.w.embedded.tomcat.TomcatWebServer  : Tomcat initialized with port 8080 (http)
2026-09-02T04:53:51.749-07:00  INFO 7852 --- [UserMS] [restartedMain] o.s.b.w.embedded.tomcat.TomcatWebServer  : Tomcat initialized with port 8080 (http)
2026-09-02T04:53:51.784-07:00  INFO 11412 --- [UserMS] [restartedMain] o.apache.catalina.core.StandardService   : Starting service [Tomcat]
2026-09-02T04:53:51.785-07:00  INFO 11412 --- [UserMS] [restartedMain] o.apache.catalina.core.StandardEngine    : Starting Servlet engine: [Apache Tomcat/10.1.34]
2026-09-02T04:53:51.826-07:00  INFO 7852 --- [UserMS] [restartedMain] o.apache.catalina.core.StandardService   : Starting service [Tomcat]
2026-09-02T04:53:51.827-07:00  INFO 7852 --- [UserMS] [restartedMain] o.apache.catalina.core.StandardEngine    : Starting Servlet engine: [Apache Tomcat/10.1.34]
2026-09-02T04:53:53.160-07:00  INFO 7852 --- [UserMS] [restartedMain] o.a.c.c.C.[Tomcat].[localhost].[/]       : Initializing Spring embedded WebApplicationContext
2026-09-02T04:53:53.163-07:00  INFO 7852 --- [UserMS] [restartedMain] w.s.c.ServletWebServerApplicationContext : Root WebApplicationContext: initialization completed in 34435 ms
2026-09-02T04:53:53.211-07:00  INFO 11412 --- [UserMS] [restartedMain] o.a.c.c.C.[Tomcat].[localhost].[/]       : Initializing Spring embedded WebApplicationContext
2026-09-02T04:53:53.217-07:00  INFO 11412 --- [UserMS] [restartedMain] w.s.c.ServletWebServerApplicationContext : Root WebApplicationContext: initialization completed in 47268 ms
2026-09-02T04:54:00.405-07:00  INFO 7852 --- [UserMS] [restartedMain] o.hibernate.jpa.internal.util.LogHelper  : HHH000204: Processing PersistenceUnitInfo [name: default]
2026-09-02T04:54:00.466-07:00  INFO 7852 --- [UserMS] [restartedMain] o.h.c.internal.RegionFactoryInitiator    : HHH000026: Second-level cache disabled
2026-09-02T04:54:02.411-07:00  INFO 7852 --- [UserMS] [restartedMain] o.s.o.j.p.SpringPersistenceUnitInfo      : No LoadTimeWeaver setup: ignoring JPA class transformer
2026-09-02T04:54:02.622-07:00  INFO 7852 --- [UserMS] [restartedMain] com.zaxxer.hikari.HikariDataSource       : HikariPool-2 - Starting...
2026-09-02T04:54:03.050-07:00  INFO 7852 --- [UserMS] [restartedMain] com.zaxxer.hikari.pool.HikariPool        : HikariPool-2 - Added connection com.mysql.cj.jdbc.ConnectionImpl@3406bb53
2026-09-02T04:54:03.191-07:00  INFO 7852 --- [UserMS] [restartedMain] com.zaxxer.hikari.HikariDataSource       : HikariPool-2 - Start completed.
2026-09-02T04:54:03.190-07:00  INFO 11412 --- [UserMS] [restartedMain] o.hibernate.jpa.internal.util.LogHelper  : HHH000204: Processing PersistenceUnitInfo [name: default]
2026-09-02T04:54:03.263-07:00  WARN 7852 --- [UserMS] [restartedMain] org.hibernate.orm.deprecation            : HHH90000025: MySQLDialect does not need to be specified explicitly using 'hibernate.dialect' (remove the property setting and it will be selected by default)
2026-09-02T04:54:03.276-07:00  INFO 7852 --- [UserMS] [restartedMain] org.hibernate.orm.connections.pooling    : HHH10001005: Database info:
	Database JDBC URL [Connecting through datasource 'HikariDataSource (HikariPool-2)']
	Database driver: undefined/unknown
	Database version: 8.0.46
	Autocommit mode: undefined/unknown
	Isolation level: undefined/unknown
	Minimum pool size: undefined/unknown
	Maximum pool size: undefined/unknown
2026-09-02T04:54:04.179-07:00  INFO 11412 --- [UserMS] [restartedMain] org.hibernate.Version                    : HHH000412: Hibernate ORM core version 6.6.4.Final
2026-09-02T04:54:04.651-07:00  INFO 11412 --- [UserMS] [restartedMain] o.h.c.internal.RegionFactoryInitiator    : HHH000026: Second-level cache disabled
2026-09-02T04:54:05.792-07:00  INFO 7852 --- [UserMS] [restartedMain] o.h.e.t.j.p.i.JtaPlatformInitiator       : HHH000489: No JTA platform available (set 'hibernate.transaction.jta.platform' to enable JTA platform integration)
2026-09-02T04:54:08.371-07:00  WARN 7852 --- [UserMS] [restartedMain] o.h.engine.jdbc.spi.SqlExceptionHelper   : SQL Error: 1041, SQLState: HY000
2026-09-02T04:54:08.375-07:00 ERROR 7852 --- [UserMS] [restartedMain] o.h.engine.jdbc.spi.SqlExceptionHelper   : Out of memory; check if mysqld or some other process uses all available memory; if not, you may have to use 'ulimit' to allow mysqld to use more memory or you can add more swap space
2026-09-02T04:54:08.404-07:00 ERROR 7852 --- [UserMS] [restartedMain] j.LocalContainerEntityManagerFactoryBean : Failed to initialize JPA EntityManagerFactory: [PersistenceUnit: default] Unable to build Hibernate SessionFactory; nested exception is org.hibernate.exception.GenericJDBCException: Error accessing tables metadata [Out of memory; check if mysqld or some other process uses all available memory; if not, you may have to use 'ulimit' to allow mysqld to use more memory or you can add more swap space] [n/a]
2026-09-02T04:54:08.410-07:00  WARN 7852 --- [UserMS] [restartedMain] ConfigServletWebServerApplicationContext : Exception encountered during context initialization - cancelling refresh attempt: org.springframework.beans.factory.BeanCreationException: Error creating bean with name 'entityManagerFactory' defined in class path resource [org/springframework/boot/autoconfigure/orm/jpa/HibernateJpaConfiguration.class]: [PersistenceUnit: default] Unable to build Hibernate SessionFactory; nested exception is org.hibernate.exception.GenericJDBCException: Error accessing tables metadata [Out of memory; check if mysqld or some other process uses all available memory; if not, you may have to use 'ulimit' to allow mysqld to use more memory or you can add more swap space] [n/a]
2026-09-02T04:54:08.412-07:00  INFO 7852 --- [UserMS] [restartedMain] com.zaxxer.hikari.HikariDataSource       : HikariPool-2 - Shutdown initiated...
2026-09-02T04:54:08.428-07:00  INFO 7852 --- [UserMS] [restartedMain] com.zaxxer.hikari.HikariDataSource       : HikariPool-2 - Shutdown completed.
2026-09-02T04:54:08.439-07:00  INFO 7852 --- [UserMS] [restartedMain] o.apache.catalina.core.StandardService   : Stopping service [Tomcat]
2026-09-02T04:54:08.566-07:00  INFO 7852 --- [UserMS] [restartedMain] .s.b.a.l.ConditionEvaluationReportLogger : 

Error starting ApplicationContext. To display the condition evaluation report re-run your application with 'debug' enabled.
2026-09-02T04:54:08.742-07:00 ERROR 7852 --- [UserMS] [restartedMain] o.s.boot.SpringApplication               : Application run failed

org.springframework.beans.factory.BeanCreationException: Error creating bean with name 'entityManagerFactory' defined in class path resource [org/springframework/boot/autoconfigure/orm/jpa/HibernateJpaConfiguration.class]: [PersistenceUnit: default] Unable to build Hibernate SessionFactory; nested exception is org.hibernate.exception.GenericJDBCException: Error accessing tables metadata [Out of memory; check if mysqld or some other process uses all available memory; if not, you may have to use 'ulimit' to allow mysqld to use more memory or you can add more swap space] [n/a]
	at org.springframework.beans.factory.support.AbstractAutowireCapableBeanFactory.initializeBean(AbstractAutowireCapableBeanFactory.java:1808) ~[spring-beans-6.2.1.jar:6.2.1]
	at org.springframework.beans.factory.support.AbstractAutowireCapableBeanFactory.doCreateBean(AbstractAutowireCapableBeanFactory.java:601) ~[spring-beans-6.2.1.jar:6.2.1]
	at org.springframework.beans.factory.support.AbstractAutowireCapableBeanFactory.createBean(AbstractAutowireCapableBeanFactory.java:523) ~[spring-beans-6.2.1.jar:6.2.1]
	at org.springframework.beans.factory.support.AbstractBeanFactory.lambda$doGetBean$0(AbstractBeanFactory.java:336) ~[spring-beans-6.2.1.jar:6.2.1]
	at org.springframework.beans.factory.support.DefaultSingletonBeanRegistry.getSingleton(DefaultSingletonBeanRegistry.java:289) ~[spring-beans-6.2.1.jar:6.2.1]
	at org.springframework.beans.factory.support.AbstractBeanFactory.doGetBean(AbstractBeanFactory.java:334) ~[spring-beans-6.2.1.jar:6.2.1]
	at org.springframework.beans.factory.support.AbstractBeanFactory.getBean(AbstractBeanFactory.java:204) ~[spring-beans-6.2.1.jar:6.2.1]
	at org.springframework.context.support.AbstractApplicationContext.finishBeanFactoryInitialization(AbstractApplicationContext.java:970) ~[spring-context-6.2.1.jar:6.2.1]
	at org.springframework.context.support.AbstractApplicationContext.refresh(AbstractApplicationContext.java:627) ~[spring-context-6.2.1.jar:6.2.1]
	at org.springframework.boot.web.servlet.context.ServletWebServerApplicationContext.refresh(ServletWebServerApplicationContext.java:146) ~[spring-boot-3.4.1.jar:3.4.1]
	at org.springframework.boot.SpringApplication.refresh(SpringApplication.java:752) ~[spring-boot-3.4.1.jar:3.4.1]
	at org.springframework.boot.SpringApplication.refreshContext(SpringApplication.java:439) ~[spring-boot-3.4.1.jar:3.4.1]
	at org.springframework.boot.SpringApplication.run(SpringApplication.java:318) ~[spring-boot-3.4.1.jar:3.4.1]
	at org.springframework.boot.SpringApplication.run(SpringApplication.java:1361) ~[spring-boot-3.4.1.jar:3.4.1]
	at org.springframework.boot.SpringApplication.run(SpringApplication.java:1350) ~[spring-boot-3.4.1.jar:3.4.1]
	at com.hms.user.UserMsApplication.main(UserMsApplication.java:10) ~[classes/:na]
	at java.base/jdk.internal.reflect.NativeMethodAccessorImpl.invoke0(Native Method) ~[na:na]
	at java.base/jdk.internal.reflect.NativeMethodAccessorImpl.invoke(NativeMethodAccessorImpl.java:77) ~[na:na]
	at java.base/jdk.internal.reflect.DelegatingMethodAccessorImpl.invoke(DelegatingMethodAccessorImpl.java:43) ~[na:na]
	at java.base/java.lang.reflect.Method.invoke(Method.java:568) ~[na:na]
	at org.springframework.boot.devtools.restart.RestartLauncher.run(RestartLauncher.java:50) ~[spring-boot-devtools-3.4.1.jar:3.4.1]
Caused by: jakarta.persistence.PersistenceException: [PersistenceUnit: default] Unable to build Hibernate SessionFactory; nested exception is org.hibernate.exception.GenericJDBCException: Error accessing tables metadata [Out of memory; check if mysqld or some other process uses all available memory; if not, you may have to use 'ulimit' to allow mysqld to use more memory or you can add more swap space] [n/a]
	at org.springframework.orm.jpa.AbstractEntityManagerFactoryBean.buildNativeEntityManagerFactory(AbstractEntityManagerFactoryBean.java:431) ~[spring-orm-6.2.1.jar:6.2.1]
	at org.springframework.orm.jpa.AbstractEntityManagerFactoryBean.afterPropertiesSet(AbstractEntityManagerFactoryBean.java:400) ~[spring-orm-6.2.1.jar:6.2.1]
	at org.springframework.orm.jpa.LocalContainerEntityManagerFactoryBean.afterPropertiesSet(LocalContainerEntityManagerFactoryBean.java:366) ~[spring-orm-6.2.1.jar:6.2.1]
	at org.springframework.beans.factory.support.AbstractAutowireCapableBeanFactory.invokeInitMethods(AbstractAutowireCapableBeanFactory.java:1855) ~[spring-beans-6.2.1.jar:6.2.1]
	at org.springframework.beans.factory.support.AbstractAutowireCapableBeanFactory.initializeBean(AbstractAutowireCapableBeanFactory.java:1804) ~[spring-beans-6.2.1.jar:6.2.1]
	... 20 common frames omitted
Caused by: org.hibernate.exception.GenericJDBCException: Error accessing tables metadata [Out of memory; check if mysqld or some other process uses all available memory; if not, you may have to use 'ulimit' to allow mysqld to use more memory or you can add more swap space] [n/a]
	at org.hibernate.exception.internal.StandardSQLExceptionConverter.convert(StandardSQLExceptionConverter.java:63) ~[hibernate-core-6.6.4.Final.jar:6.6.4.Final]
	at org.hibernate.engine.jdbc.spi.SqlExceptionHelper.convert(SqlExceptionHelper.java:108) ~[hibernate-core-6.6.4.Final.jar:6.6.4.Final]
	at org.hibernate.engine.jdbc.spi.SqlExceptionHelper.convert(SqlExceptionHelper.java:94) ~[hibernate-core-6.6.4.Final.jar:6.6.4.Final]
	at org.hibernate.tool.schema.extract.internal.AbstractInformationExtractorImpl.convertSQLException(AbstractInformationExtractorImpl.java:124) ~[hibernate-core-6.6.4.Final.jar:6.6.4.Final]
	at org.hibernate.tool.schema.extract.internal.AbstractInformationExtractorImpl.populateTablesWithColumns(AbstractInformationExtractorImpl.java:671) ~[hibernate-core-6.6.4.Final.jar:6.6.4.Final]
	at org.hibernate.tool.schema.extract.internal.AbstractInformationExtractorImpl.lambda$getTables$3(AbstractInformationExtractorImpl.java:577) ~[hibernate-core-6.6.4.Final.jar:6.6.4.Final]
	at org.hibernate.tool.schema.extract.internal.InformationExtractorJdbcDatabaseMetaDataImpl.processTableResultSet(InformationExtractorJdbcDatabaseMetaDataImpl.java:70) ~[hibernate-core-6.6.4.Final.jar:6.6.4.Final]
	at org.hibernate.tool.schema.extract.internal.AbstractInformationExtractorImpl.getTables(AbstractInformationExtractorImpl.java:570) ~[hibernate-core-6.6.4.Final.jar:6.6.4.Final]
	at org.hibernate.tool.schema.extract.internal.DatabaseInformationImpl.getTablesInformation(DatabaseInformationImpl.java:122) ~[hibernate-core-6.6.4.Final.jar:6.6.4.Final]
	at org.hibernate.tool.schema.internal.GroupedSchemaMigratorImpl.performTablesMigration(GroupedSchemaMigratorImpl.java:72) ~[hibernate-core-6.6.4.Final.jar:6.6.4.Final]
	at org.hibernate.tool.schema.internal.AbstractSchemaMigrator.performMigration(AbstractSchemaMigrator.java:233) ~[hibernate-core-6.6.4.Final.jar:6.6.4.Final]
	at org.hibernate.tool.schema.internal.AbstractSchemaMigrator.doMigration(AbstractSchemaMigrator.java:112) ~[hibernate-core-6.6.4.Final.jar:6.6.4.Final]
	at org.hibernate.tool.schema.spi.SchemaManagementToolCoordinator.performDatabaseAction(SchemaManagementToolCoordinator.java:280) ~[hibernate-core-6.6.4.Final.jar:6.6.4.Final]
	at org.hibernate.tool.schema.spi.SchemaManagementToolCoordinator.lambda$process$5(SchemaManagementToolCoordinator.java:144) ~[hibernate-core-6.6.4.Final.jar:6.6.4.Final]
	at java.base/java.util.HashMap.forEach(HashMap.java:1421) ~[na:na]
	at org.hibernate.tool.schema.spi.SchemaManagementToolCoordinator.process(SchemaManagementToolCoordinator.java:141) ~[hibernate-core-6.6.4.Final.jar:6.6.4.Final]
	at org.hibernate.boot.internal.SessionFactoryObserverForSchemaExport.sessionFactoryCreated(SessionFactoryObserverForSchemaExport.java:37) ~[hibernate-core-6.6.4.Final.jar:6.6.4.Final]
	at org.hibernate.internal.SessionFactoryObserverChain.sessionFactoryCreated(SessionFactoryObserverChain.java:35) ~[hibernate-core-6.6.4.Final.jar:6.6.4.Final]
	at org.hibernate.internal.SessionFactoryImpl.<init>(SessionFactoryImpl.java:324) ~[hibernate-core-6.6.4.Final.jar:6.6.4.Final]
	at org.hibernate.boot.internal.SessionFactoryBuilderImpl.build(SessionFactoryBuilderImpl.java:463) ~[hibernate-core-6.6.4.Final.jar:6.6.4.Final]
	at org.hibernate.jpa.boot.internal.EntityManagerFactoryBuilderImpl.build(EntityManagerFactoryBuilderImpl.java:1506) ~[hibernate-core-6.6.4.Final.jar:6.6.4.Final]
	at org.springframework.orm.jpa.vendor.SpringHibernateJpaPersistenceProvider.createContainerEntityManagerFactory(SpringHibernateJpaPersistenceProvider.java:66) ~[spring-orm-6.2.1.jar:6.2.1]
	at org.springframework.orm.jpa.LocalContainerEntityManagerFactoryBean.createNativeEntityManagerFactory(LocalContainerEntityManagerFactoryBean.java:390) ~[spring-orm-6.2.1.jar:6.2.1]
	at org.springframework.orm.jpa.AbstractEntityManagerFactoryBean.buildNativeEntityManagerFactory(AbstractEntityManagerFactoryBean.java:419) ~[spring-orm-6.2.1.jar:6.2.1]
	... 24 common frames omitted
Caused by: java.sql.SQLException: Out of memory; check if mysqld or some other process uses all available memory; if not, you may have to use 'ulimit' to allow mysqld to use more memory or you can add more swap space
	at com.mysql.cj.jdbc.exceptions.SQLError.createSQLException(SQLError.java:121) ~[mysql-connector-j-9.1.0.jar:9.1.0]
	at com.mysql.cj.jdbc.exceptions.SQLExceptionsMapping.translateException(SQLExceptionsMapping.java:114) ~[mysql-connector-j-9.1.0.jar:9.1.0]
	at com.mysql.cj.jdbc.ClientPreparedStatement.executeInternal(ClientPreparedStatement.java:988) ~[mysql-connector-j-9.1.0.jar:9.1.0]
	at com.mysql.cj.jdbc.ClientPreparedStatement.executeQuery(ClientPreparedStatement.java:1056) ~[mysql-connector-j-9.1.0.jar:9.1.0]
	at com.mysql.cj.jdbc.DatabaseMetaDataUsingInfoSchema.executeMetadataQuery(DatabaseMetaDataUsingInfoSchema.java:66) ~[mysql-connector-j-9.1.0.jar:9.1.0]
	at com.mysql.cj.jdbc.DatabaseMetaDataUsingInfoSchema.getColumns(DatabaseMetaDataUsingInfoSchema.java:273) ~[mysql-connector-j-9.1.0.jar:9.1.0]
	at com.zaxxer.hikari.pool.ProxyDatabaseMetaData.getColumns(ProxyDatabaseMetaData.java:107) ~[HikariCP-5.1.0.jar:na]
	at com.zaxxer.hikari.pool.HikariProxyDatabaseMetaData.getColumns(HikariProxyDatabaseMetaData.java) ~[HikariCP-5.1.0.jar:na]
	at org.hibernate.tool.schema.extract.internal.InformationExtractorJdbcDatabaseMetaDataImpl.processColumnsResultSet(InformationExtractorJdbcDatabaseMetaDataImpl.java:81) ~[hibernate-core-6.6.4.Final.jar:6.6.4.Final]
	at org.hibernate.tool.schema.extract.internal.AbstractInformationExtractorImpl.populateTablesWithColumns(AbstractInformationExtractorImpl.java:649) ~[hibernate-core-6.6.4.Final.jar:6.6.4.Final]
	... 43 common frames omitted

2026-09-02T04:54:12.767-07:00  INFO 7852 --- [UserMS] [restartedMain] com.hms.user.UserMsApplication           : Starting UserMsApplication using Java 17.0.7 with PID 7852 (E:\STS-Projects\hms-backend\UserMS\target\classes started by KAUSAL in E:\STS-Projects\hms-backend\UserMS)
2026-09-02T04:54:12.769-07:00 DEBUG 7852 --- [UserMS] [restartedMain] com.hms.user.UserMsApplication           : Running with Spring Boot v3.4.1, Spring v6.2.1
2026-09-02T04:54:12.770-07:00  INFO 7852 --- [UserMS] [restartedMain] com.hms.user.UserMsApplication           : No active profile set, falling back to 1 default profile: "default"
2026-09-02T04:54:17.697-07:00  INFO 7852 --- [UserMS] [restartedMain] .s.d.r.c.RepositoryConfigurationDelegate : Bootstrapping Spring Data JPA repositories in DEFAULT mode.
2026-09-02T04:54:17.766-07:00  INFO 7852 --- [UserMS] [restartedMain] .s.d.r.c.RepositoryConfigurationDelegate : Finished Spring Data repository scanning in 60 ms. Found 1 JPA repository interface.
2026-09-02T04:54:18.545-07:00  INFO 7852 --- [UserMS] [restartedMain] o.s.cloud.context.scope.GenericScope     : BeanFactory id=2707a0a2-92f9-350c-99c6-6cb794af7cc4
2026-09-02T04:54:20.629-07:00  INFO 7852 --- [UserMS] [restartedMain] o.s.b.w.embedded.tomcat.TomcatWebServer  : Tomcat initialized with port 8080 (http)
2026-09-02T04:54:20.640-07:00  INFO 7852 --- [UserMS] [restartedMain] o.apache.catalina.core.StandardService   : Starting service [Tomcat]
2026-09-02T04:54:20.641-07:00  INFO 7852 --- [UserMS] [restartedMain] o.apache.catalina.core.StandardEngine    : Starting Servlet engine: [Apache Tomcat/10.1.34]
2026-09-02T04:54:20.864-07:00  INFO 7852 --- [UserMS] [restartedMain] o.a.c.c.C.[Tomcat-1].[localhost].[/]     : Initializing Spring embedded WebApplicationContext
2026-09-02T04:54:20.865-07:00  INFO 7852 --- [UserMS] [restartedMain] w.s.c.ServletWebServerApplicationContext : Root WebApplicationContext: initialization completed in 7959 ms
2026-09-02T04:54:23.914-07:00  INFO 7852 --- [UserMS] [restartedMain] o.hibernate.jpa.internal.util.LogHelper  : HHH000204: Processing PersistenceUnitInfo [name: default]
2026-09-02T04:54:24.354-07:00  INFO 7852 --- [UserMS] [restartedMain] o.h.c.internal.RegionFactoryInitiator    : HHH000026: Second-level cache disabled
2026-09-02T04:54:24.561-07:00  INFO 7852 --- [UserMS] [restartedMain] o.s.o.j.p.SpringPersistenceUnitInfo      : No LoadTimeWeaver setup: ignoring JPA class transformer
2026-09-02T04:54:24.579-07:00  INFO 7852 --- [UserMS] [restartedMain] com.zaxxer.hikari.HikariDataSource       : HikariPool-3 - Starting...
2026-09-02T04:54:25.119-07:00  INFO 7852 --- [UserMS] [restartedMain] com.zaxxer.hikari.pool.HikariPool        : HikariPool-3 - Added connection com.mysql.cj.jdbc.ConnectionImpl@6ee82d6d
2026-09-02T04:54:25.120-07:00  INFO 7852 --- [UserMS] [restartedMain] com.zaxxer.hikari.HikariDataSource       : HikariPool-3 - Start completed.
2026-09-02T04:54:25.138-07:00  WARN 7852 --- [UserMS] [restartedMain] org.hibernate.orm.deprecation            : HHH90000025: MySQLDialect does not need to be specified explicitly using 'hibernate.dialect' (remove the property setting and it will be selected by default)
2026-09-02T04:54:25.143-07:00  INFO 7852 --- [UserMS] [restartedMain] org.hibernate.orm.connections.pooling    : HHH10001005: Database info:
	Database JDBC URL [Connecting through datasource 'HikariDataSource (HikariPool-3)']
	Database driver: undefined/unknown
	Database version: 8.0.46
	Autocommit mode: undefined/unknown
	Isolation level: undefined/unknown
	Minimum pool size: undefined/unknown
	Maximum pool size: undefined/unknown
2026-09-02T04:54:26.156-07:00  INFO 7852 --- [UserMS] [restartedMain] o.h.e.t.j.p.i.JtaPlatformInitiator       : HHH000489: No JTA platform available (set 'hibernate.transaction.jta.platform' to enable JTA platform integration)
2026-09-02T04:54:26.252-07:00  INFO 7852 --- [UserMS] [restartedMain] j.LocalContainerEntityManagerFactoryBean : Initialized JPA EntityManagerFactory for persistence unit 'default'
2026-09-02T04:54:27.106-07:00  INFO 7852 --- [UserMS] [restartedMain] r$InitializeUserDetailsManagerConfigurer : Global AuthenticationManager configured with UserDetailsService bean with name myUserDetailsService
2026-09-02T04:54:27.305-07:00  WARN 7852 --- [UserMS] [restartedMain] JpaBaseConfiguration$JpaWebConfiguration : spring.jpa.open-in-view is enabled by default. Therefore, database queries may be performed during view rendering. Explicitly configure spring.jpa.open-in-view to disable this warning
2026-09-02T04:54:36.504-07:00  INFO 7852 --- [UserMS] [restartedMain] o.s.b.a.e.web.EndpointLinksResolver      : Exposing 18 endpoints beneath base path '/actuator'
2026-09-02T04:54:38.711-07:00  INFO 7852 --- [UserMS] [restartedMain] o.s.b.d.a.OptionalLiveReloadServer       : LiveReload server is running on port 35729
2026-09-02T04:54:39.366-07:00  INFO 7852 --- [UserMS] [restartedMain] DiscoveryClientOptionalArgsConfiguration : Eureka HTTP Client uses RestTemplate.
2026-09-02T04:54:39.590-07:00  WARN 7852 --- [UserMS] [restartedMain] iguration$LoadBalancerCaffeineWarnLogger : Spring Cloud LoadBalancer is currently working with the default cache. While this cache implementation is useful for development and tests, it's recommended to use Caffeine cache in production.You can switch to using Caffeine cache, by adding it and org.springframework.cache.caffeine.CaffeineCacheManager to the classpath.
2026-09-02T04:54:39.820-07:00  INFO 7852 --- [UserMS] [restartedMain] o.s.c.n.eureka.InstanceInfoFactory       : Setting initial instance status as: STARTING
2026-09-02T04:54:39.859-07:00  INFO 7852 --- [UserMS] [restartedMain] com.netflix.discovery.DiscoveryClient    : Initializing Eureka in region us-east-1
2026-09-02T04:54:39.863-07:00  INFO 7852 --- [UserMS] [restartedMain] c.n.d.s.r.aws.ConfigClusterResolver      : Resolving eureka endpoints via configuration
2026-09-02T04:54:39.868-07:00  INFO 7852 --- [UserMS] [restartedMain] com.netflix.discovery.DiscoveryClient    : Disable delta property : false
2026-09-02T04:54:39.869-07:00  INFO 7852 --- [UserMS] [restartedMain] com.netflix.discovery.DiscoveryClient    : Single vip registry refresh property : null
2026-09-02T04:54:39.869-07:00  INFO 7852 --- [UserMS] [restartedMain] com.netflix.discovery.DiscoveryClient    : Force full registry fetch : false
2026-09-02T04:54:39.870-07:00  INFO 7852 --- [UserMS] [restartedMain] com.netflix.discovery.DiscoveryClient    : Application is null : false
2026-09-02T04:54:39.870-07:00  INFO 7852 --- [UserMS] [restartedMain] com.netflix.discovery.DiscoveryClient    : Registered Applications size is zero : true
2026-09-02T04:54:39.870-07:00  INFO 7852 --- [UserMS] [restartedMain] com.netflix.discovery.DiscoveryClient    : Application version is -1: true
2026-09-02T04:54:39.873-07:00  INFO 7852 --- [UserMS] [restartedMain] com.netflix.discovery.DiscoveryClient    : Getting all instance registry info from the eureka server
2026-09-02T04:54:41.210-07:00  INFO 7852 --- [UserMS] [restartedMain] com.netflix.discovery.DiscoveryClient    : The response status is 200
2026-09-02T04:54:41.213-07:00  INFO 7852 --- [UserMS] [restartedMain] com.netflix.discovery.DiscoveryClient    : Starting heartbeat executor: renew interval is: 30
2026-09-02T04:54:41.214-07:00  INFO 7852 --- [UserMS] [restartedMain] c.n.discovery.InstanceInfoReplicator     : InstanceInfoReplicator onDemand update allowed rate per min is 4
2026-09-02T04:54:41.215-07:00  INFO 7852 --- [UserMS] [restartedMain] com.netflix.discovery.DiscoveryClient    : Discovery Client initialized at timestamp 1788350081215 with initial instances count: 1
2026-09-02T04:54:41.242-07:00  INFO 7852 --- [UserMS] [restartedMain] o.s.c.n.e.s.EurekaServiceRegistry        : Registering application USERMS with eureka with status UP
2026-09-02T04:54:41.321-07:00  INFO 7852 --- [UserMS] [restartedMain] com.netflix.discovery.DiscoveryClient    : Saw local status change event StatusChangeEvent [timestamp=1788350081321, current=UP, previous=STARTING]
2026-09-02T04:54:41.326-07:00  INFO 7852 --- [UserMS] [DiscoveryClient-InstanceInfoReplicator-%d] com.netflix.discovery.DiscoveryClient    : DiscoveryClient_USERMS/DESKTOP-97B0AF6.lan:UserMS:8080: registering service...
2026-09-02T04:54:41.579-07:00  INFO 7852 --- [UserMS] [restartedMain] o.s.b.w.embedded.tomcat.TomcatWebServer  : Tomcat started on port 8080 (http) with context path '/'
2026-09-02T04:54:41.584-07:00  INFO 7852 --- [UserMS] [restartedMain] .s.c.n.e.s.EurekaAutoServiceRegistration : Updating port to 8080
2026-09-02T04:54:41.737-07:00  INFO 7852 --- [UserMS] [DiscoveryClient-InstanceInfoReplicator-%d] com.netflix.discovery.DiscoveryClient    : DiscoveryClient_USERMS/DESKTOP-97B0AF6.lan:UserMS:8080 - registration status: 204
2026-09-02T04:54:42.847-07:00  INFO 7852 --- [UserMS] [restartedMain] com.hms.user.UserMsApplication           : Started UserMsApplication in 31.715 seconds (process running for 11676.571)
2026-09-02T04:54:42.891-07:00  INFO 7852 --- [UserMS] [restartedMain] .ConditionEvaluationDeltaLoggingListener : Condition evaluation unchanged
2026-09-02T04:58:57.002-07:00  INFO 7852 --- [UserMS] [File Watcher] rtingClassPathChangeChangedEventListener : Restarting due to 26 class path changes (0 additions, 26 deletions, 0 modifications)
2026-09-02T04:59:01.223-07:00  INFO 7852 --- [UserMS] [Thread-14] o.s.c.n.e.s.EurekaServiceRegistry        : Unregistering application USERMS with eureka with status DOWN
2026-09-02T04:59:01.228-07:00  INFO 7852 --- [UserMS] [Thread-14] com.netflix.discovery.DiscoveryClient    : Saw local status change event StatusChangeEvent [timestamp=1788350341228, current=DOWN, previous=UP]
2026-09-02T04:59:01.245-07:00  INFO 7852 --- [UserMS] [DiscoveryClient-InstanceInfoReplicator-%d] com.netflix.discovery.DiscoveryClient    : DiscoveryClient_USERMS/DESKTOP-97B0AF6.lan:UserMS:8080: registering service...
2026-09-02T04:59:01.403-07:00  INFO 7852 --- [UserMS] [DiscoveryClient-InstanceInfoReplicator-%d] com.netflix.discovery.DiscoveryClient    : DiscoveryClient_USERMS/DESKTOP-97B0AF6.lan:UserMS:8080 - registration status: 204
2026-09-02T04:59:01.725-07:00  INFO 7852 --- [UserMS] [Thread-14] o.s.b.w.e.tomcat.GracefulShutdown        : Commencing graceful shutdown. Waiting for active requests to complete
2026-09-02T04:59:02.087-07:00  INFO 7852 --- [UserMS] [tomcat-shutdown] o.s.b.w.e.tomcat.GracefulShutdown        : Graceful shutdown complete
2026-09-02T04:59:05.165-07:00  INFO 7852 --- [UserMS] [Thread-14] j.LocalContainerEntityManagerFactoryBean : Closing JPA EntityManagerFactory for persistence unit 'default'
2026-09-02T04:59:05.461-07:00  INFO 7852 --- [UserMS] [Thread-14] com.zaxxer.hikari.HikariDataSource       : HikariPool-3 - Shutdown initiated...
2026-09-02T04:59:05.645-07:00  INFO 7852 --- [UserMS] [Thread-14] com.zaxxer.hikari.HikariDataSource       : HikariPool-3 - Shutdown completed.
2026-09-02T04:59:05.703-07:00  INFO 7852 --- [UserMS] [Thread-14] com.netflix.discovery.DiscoveryClient    : Shutting down DiscoveryClient ...
2026-09-02T04:59:09.121-07:00  INFO 7852 --- [UserMS] [Thread-14] com.netflix.discovery.DiscoveryClient    : Unregistering ...
2026-09-02T04:59:09.152-07:00  INFO 7852 --- [UserMS] [Thread-14] com.netflix.discovery.DiscoveryClient    : DiscoveryClient_USERMS/DESKTOP-97B0AF6.lan:UserMS:8080 - deregister  status: 200
2026-09-02T04:59:09.154-07:00  INFO 7852 --- [UserMS] [Thread-14] com.netflix.discovery.DiscoveryClient    : Completed shut down of DiscoveryClient
2026-09-02T04:59:27.550-07:00  INFO 7852 --- [UserMS] [restartedMain] com.hms.user.UserMsApplication           : Starting UserMsApplication using Java 17.0.7 with PID 7852 (E:\STS-Projects\hms-backend\UserMS\target\classes started by KAUSAL in E:\STS-Projects\hms-backend\UserMS)
2026-09-02T04:59:27.551-07:00 DEBUG 7852 --- [UserMS] [restartedMain] com.hms.user.UserMsApplication           : Running with Spring Boot v3.4.1, Spring v6.2.1
2026-09-02T04:59:27.553-07:00  INFO 7852 --- [UserMS] [restartedMain] com.hms.user.UserMsApplication           : No active profile set, falling back to 1 default profile: "default"
2026-09-02T04:59:36.316-07:00  INFO 7852 --- [UserMS] [restartedMain] .s.d.r.c.RepositoryConfigurationDelegate : Bootstrapping Spring Data JPA repositories in DEFAULT mode.
2026-09-02T04:59:37.329-07:00  INFO 7852 --- [UserMS] [restartedMain] .s.d.r.c.RepositoryConfigurationDelegate : Finished Spring Data repository scanning in 975 ms. Found 1 JPA repository interface.
2026-09-02T04:59:44.444-07:00  INFO 7852 --- [UserMS] [restartedMain] o.s.cloud.context.scope.GenericScope     : BeanFactory id=2707a0a2-92f9-350c-99c6-6cb794af7cc4
2026-09-02T04:59:50.879-07:00  INFO 7852 --- [UserMS] [restartedMain] o.s.b.w.embedded.tomcat.TomcatWebServer  : Tomcat initialized with port 8080 (http)
2026-09-02T04:59:50.917-07:00  INFO 7852 --- [UserMS] [restartedMain] o.apache.catalina.core.StandardService   : Starting service [Tomcat]
2026-09-02T04:59:50.918-07:00  INFO 7852 --- [UserMS] [restartedMain] o.apache.catalina.core.StandardEngine    : Starting Servlet engine: [Apache Tomcat/10.1.34]
2026-09-02T04:59:55.055-07:00  INFO 7852 --- [UserMS] [restartedMain] o.a.c.c.C.[Tomcat-1].[localhost].[/]     : Initializing Spring embedded WebApplicationContext
2026-09-02T04:59:55.060-07:00  INFO 7852 --- [UserMS] [restartedMain] w.s.c.ServletWebServerApplicationContext : Root WebApplicationContext: initialization completed in 27496 ms
2026-09-02T04:59:57.189-07:00  INFO 7852 --- [UserMS] [restartedMain] o.hibernate.jpa.internal.util.LogHelper  : HHH000204: Processing PersistenceUnitInfo [name: default]
2026-09-02T04:59:57.226-07:00  INFO 7852 --- [UserMS] [restartedMain] o.h.c.internal.RegionFactoryInitiator    : HHH000026: Second-level cache disabled
2026-09-02T04:59:57.360-07:00  INFO 7852 --- [UserMS] [restartedMain] o.s.o.j.p.SpringPersistenceUnitInfo      : No LoadTimeWeaver setup: ignoring JPA class transformer
2026-09-02T04:59:57.371-07:00  INFO 7852 --- [UserMS] [restartedMain] com.zaxxer.hikari.HikariDataSource       : HikariPool-4 - Starting...
2026-09-02T04:59:57.504-07:00  INFO 7852 --- [UserMS] [restartedMain] com.zaxxer.hikari.pool.HikariPool        : HikariPool-4 - Added connection com.mysql.cj.jdbc.ConnectionImpl@68d9fa4c
2026-09-02T04:59:57.507-07:00  INFO 7852 --- [UserMS] [restartedMain] com.zaxxer.hikari.HikariDataSource       : HikariPool-4 - Start completed.
2026-09-02T04:59:57.533-07:00  WARN 7852 --- [UserMS] [restartedMain] org.hibernate.orm.deprecation            : HHH90000025: MySQLDialect does not need to be specified explicitly using 'hibernate.dialect' (remove the property setting and it will be selected by default)
2026-09-02T04:59:57.539-07:00  INFO 7852 --- [UserMS] [restartedMain] org.hibernate.orm.connections.pooling    : HHH10001005: Database info:
	Database JDBC URL [Connecting through datasource 'HikariDataSource (HikariPool-4)']
	Database driver: undefined/unknown
	Database version: 8.0.46
	Autocommit mode: undefined/unknown
	Isolation level: undefined/unknown
	Minimum pool size: undefined/unknown
	Maximum pool size: undefined/unknown
2026-09-02T04:59:58.173-07:00  INFO 7852 --- [UserMS] [restartedMain] o.h.e.t.j.p.i.JtaPlatformInitiator       : HHH000489: No JTA platform available (set 'hibernate.transaction.jta.platform' to enable JTA platform integration)
2026-09-02T04:59:58.236-07:00  INFO 7852 --- [UserMS] [restartedMain] j.LocalContainerEntityManagerFactoryBean : Initialized JPA EntityManagerFactory for persistence unit 'default'
2026-09-02T04:59:58.924-07:00  INFO 7852 --- [UserMS] [restartedMain] r$InitializeUserDetailsManagerConfigurer : Global AuthenticationManager configured with UserDetailsService bean with name myUserDetailsService
2026-09-02T04:59:59.054-07:00  WARN 7852 --- [UserMS] [restartedMain] JpaBaseConfiguration$JpaWebConfiguration : spring.jpa.open-in-view is enabled by default. Therefore, database queries may be performed during view rendering. Explicitly configure spring.jpa.open-in-view to disable this warning
2026-09-02T05:00:00.981-07:00  INFO 7852 --- [UserMS] [restartedMain] o.s.b.a.e.web.EndpointLinksResolver      : Exposing 18 endpoints beneath base path '/actuator'
2026-09-02T05:00:02.964-07:00  INFO 7852 --- [UserMS] [restartedMain] o.s.b.d.a.OptionalLiveReloadServer       : LiveReload server is running on port 35729
2026-09-02T05:00:03.498-07:00  INFO 7852 --- [UserMS] [restartedMain] DiscoveryClientOptionalArgsConfiguration : Eureka HTTP Client uses RestTemplate.
2026-09-02T05:00:03.653-07:00  WARN 7852 --- [UserMS] [restartedMain] iguration$LoadBalancerCaffeineWarnLogger : Spring Cloud LoadBalancer is currently working with the default cache. While this cache implementation is useful for development and tests, it's recommended to use Caffeine cache in production.You can switch to using Caffeine cache, by adding it and org.springframework.cache.caffeine.CaffeineCacheManager to the classpath.
2026-09-02T05:00:03.798-07:00  INFO 7852 --- [UserMS] [restartedMain] o.s.c.n.eureka.InstanceInfoFactory       : Setting initial instance status as: STARTING
2026-09-02T05:00:03.824-07:00  INFO 7852 --- [UserMS] [restartedMain] com.netflix.discovery.DiscoveryClient    : Initializing Eureka in region us-east-1
2026-09-02T05:00:03.829-07:00  INFO 7852 --- [UserMS] [restartedMain] c.n.d.s.r.aws.ConfigClusterResolver      : Resolving eureka endpoints via configuration
2026-09-02T05:00:03.834-07:00  INFO 7852 --- [UserMS] [restartedMain] com.netflix.discovery.DiscoveryClient    : Disable delta property : false
2026-09-02T05:00:03.834-07:00  INFO 7852 --- [UserMS] [restartedMain] com.netflix.discovery.DiscoveryClient    : Single vip registry refresh property : null
2026-09-02T05:00:03.835-07:00  INFO 7852 --- [UserMS] [restartedMain] com.netflix.discovery.DiscoveryClient    : Force full registry fetch : false
2026-09-02T05:00:03.835-07:00  INFO 7852 --- [UserMS] [restartedMain] com.netflix.discovery.DiscoveryClient    : Application is null : false
2026-09-02T05:00:03.835-07:00  INFO 7852 --- [UserMS] [restartedMain] com.netflix.discovery.DiscoveryClient    : Registered Applications size is zero : true
2026-09-02T05:00:03.835-07:00  INFO 7852 --- [UserMS] [restartedMain] com.netflix.discovery.DiscoveryClient    : Application version is -1: true
2026-09-02T05:00:03.836-07:00  INFO 7852 --- [UserMS] [restartedMain] com.netflix.discovery.DiscoveryClient    : Getting all instance registry info from the eureka server
2026-09-02T05:00:04.057-07:00  INFO 7852 --- [UserMS] [restartedMain] com.netflix.discovery.DiscoveryClient    : The response status is 200
2026-09-02T05:00:04.059-07:00  INFO 7852 --- [UserMS] [restartedMain] com.netflix.discovery.DiscoveryClient    : Starting heartbeat executor: renew interval is: 30
2026-09-02T05:00:04.061-07:00  INFO 7852 --- [UserMS] [restartedMain] c.n.discovery.InstanceInfoReplicator     : InstanceInfoReplicator onDemand update allowed rate per min is 4
2026-09-02T05:00:04.062-07:00  INFO 7852 --- [UserMS] [restartedMain] com.netflix.discovery.DiscoveryClient    : Discovery Client initialized at timestamp 1788350404061 with initial instances count: 0
2026-09-02T05:00:04.073-07:00  INFO 7852 --- [UserMS] [restartedMain] o.s.c.n.e.s.EurekaServiceRegistry        : Registering application USERMS with eureka with status UP
2026-09-02T05:00:04.073-07:00  INFO 7852 --- [UserMS] [restartedMain] com.netflix.discovery.DiscoveryClient    : Saw local status change event StatusChangeEvent [timestamp=1788350404073, current=UP, previous=STARTING]
2026-09-02T05:00:04.074-07:00  INFO 7852 --- [UserMS] [DiscoveryClient-InstanceInfoReplicator-%d] com.netflix.discovery.DiscoveryClient    : DiscoveryClient_USERMS/DESKTOP-97B0AF6.lan:UserMS:8080: registering service...
2026-09-02T05:00:04.097-07:00  INFO 7852 --- [UserMS] [restartedMain] o.s.b.w.embedded.tomcat.TomcatWebServer  : Tomcat started on port 8080 (http) with context path '/'
2026-09-02T05:00:04.099-07:00  INFO 7852 --- [UserMS] [restartedMain] .s.c.n.e.s.EurekaAutoServiceRegistration : Updating port to 8080
2026-09-02T05:00:04.120-07:00  INFO 7852 --- [UserMS] [DiscoveryClient-InstanceInfoReplicator-%d] com.netflix.discovery.DiscoveryClient    : DiscoveryClient_USERMS/DESKTOP-97B0AF6.lan:UserMS:8080 - registration status: 204
2026-09-02T05:00:04.784-07:00  INFO 7852 --- [UserMS] [restartedMain] com.hms.user.UserMsApplication           : Started UserMsApplication in 42.061 seconds (process running for 11998.507)
2026-09-02T05:00:04.804-07:00  INFO 7852 --- [UserMS] [restartedMain] .ConditionEvaluationDeltaLoggingListener : Condition evaluation unchanged
2026-09-02T05:00:34.190-07:00  INFO 7852 --- [UserMS] [DiscoveryClient-CacheRefreshExecutor-%d] com.netflix.discovery.DiscoveryClient    : Disable delta property : false
2026-09-02T05:00:34.199-07:00  INFO 7852 --- [UserMS] [DiscoveryClient-CacheRefreshExecutor-%d] com.netflix.discovery.DiscoveryClient    : Single vip registry refresh property : null
2026-09-02T05:00:34.200-07:00  INFO 7852 --- [UserMS] [DiscoveryClient-CacheRefreshExecutor-%d] com.netflix.discovery.DiscoveryClient    : Force full registry fetch : false
2026-09-02T05:00:34.222-07:00  INFO 7852 --- [UserMS] [DiscoveryClient-CacheRefreshExecutor-%d] com.netflix.discovery.DiscoveryClient    : Application is null : false
2026-09-02T05:00:34.224-07:00  INFO 7852 --- [UserMS] [DiscoveryClient-CacheRefreshExecutor-%d] com.netflix.discovery.DiscoveryClient    : Registered Applications size is zero : true
2026-09-02T05:00:34.225-07:00  INFO 7852 --- [UserMS] [DiscoveryClient-CacheRefreshExecutor-%d] com.netflix.discovery.DiscoveryClient    : Application version is -1: false
2026-09-02T05:00:34.225-07:00  INFO 7852 --- [UserMS] [DiscoveryClient-CacheRefreshExecutor-%d] com.netflix.discovery.DiscoveryClient    : Getting all instance registry info from the eureka server
2026-09-02T05:00:34.273-07:00  INFO 7852 --- [UserMS] [DiscoveryClient-CacheRefreshExecutor-%d] com.netflix.discovery.DiscoveryClient    : The response status is 200
2026-09-02T05:05:03.915-07:00  INFO 7852 --- [UserMS] [AsyncResolver-bootstrap-executor-%d] c.n.d.s.r.aws.ConfigClusterResolver      : Resolving eureka endpoints via configuration
2026-09-02T05:10:04.105-07:00  INFO 7852 --- [UserMS] [AsyncResolver-bootstrap-executor-%d] c.n.d.s.r.aws.ConfigClusterResolver      : Resolving eureka endpoints via configuration
2026-09-02T05:15:04.181-07:00  INFO 7852 --- [UserMS] [AsyncResolver-bootstrap-executor-%d] c.n.d.s.r.aws.ConfigClusterResolver      : Resolving eureka endpoints via configuration
2026-09-02T05:20:04.202-07:00  INFO 7852 --- [UserMS] [AsyncResolver-bootstrap-executor-%d] c.n.d.s.r.aws.ConfigClusterResolver      : Resolving eureka endpoints via configuration
2026-09-02T05:25:05.794-07:00  INFO 7852 --- [UserMS] [AsyncResolver-bootstrap-executor-%d] c.n.d.s.r.aws.ConfigClusterResolver      : Resolving eureka endpoints via configuration
2026-09-02T05:30:05.808-07:00  INFO 7852 --- [UserMS] [AsyncResolver-bootstrap-executor-%d] c.n.d.s.r.aws.ConfigClusterResolver      : Resolving eureka endpoints via configuration
2026-09-02T06:18:57.275-07:00  WARN 7852 --- [UserMS] [HikariPool-4 housekeeper] com.zaxxer.hikari.pool.HikariPool        : HikariPool-4 - Thread starvation or clock leap detected (housekeeper delta=45m28s906ms483µs900ns).
2026-09-02T06:20:05.201-07:00  INFO 7852 --- [UserMS] [AsyncResolver-bootstrap-executor-%d] c.n.d.s.r.aws.ConfigClusterResolver      : Resolving eureka endpoints via configuration
2026-09-02T06:25:05.385-07:00  INFO 7852 --- [UserMS] [AsyncResolver-bootstrap-executor-%d] c.n.d.s.r.aws.ConfigClusterResolver      : Resolving eureka endpoints via configuration
